date,elevation_m_asl,site_id,aspect,transect,scan_file,position,depth,sample_no,variable,value
14/12/2023,2000,1,west,1,ROOT_PFTC7_SITE1_(nogp)_transect_1,2.24,0.09,1,amplitude,1.4
14/12/2023,2000,1,west,1,ROOT_PFTC7_SITE1_(nogp)_transect_1,2.24,0.09,1,pixel_count,205
14/12/2023,2000,1,west,1,ROOT_PFTC7_SITE1_(nogp)_transect_1,2.24,0.09,1,sample_depth,5.5
14/12/2023,2000,1,west,1,ROOT_PFTC7_SITE1_(nogp)_transect_1,2.24,0.09,1,soil_depth,15
14/12/2023,2000,1,west,1,ROOT_PFTC7_SITE1_(nogp)_transect_1,2.24,0.09,1,dry_root_mass,3.86
14/12/2023,2000,1,west,1,ROOT_PFTC7_SITE1_(nogp)_transect_1,2.24,0.09,1,stone_mass,47.65
14/12/2023,2000,1,west,1,ROOT_PFTC7_SITE1_(nogp)_transect_1,2.24,0.09,1,dry_soil_mass,63.02
14/12/2023,2000,1,west,1,ROOT_PFTC7_SITE1_(nogp)_transect_1,2.24,0.09,1,root_to_soil_ratio,0.06125039669946048
14/12/2023,2000,1,west,1,ROOT_PFTC7_SITE1_(nogp)_transect_1,2.24,0.09,1,root_to_soil_and_stone_ratio,0.03487846751603867
14/12/2023,2000,1,west,1,ROOT_PFTC7_SITE1_(nogp)_transect_1,4.68,0.05,2,amplitude,1.9
14/12/2023,2000,1,west,1,ROOT_PFTC7_SITE1_(nogp)_transect_1,4.68,0.05,2,pixel_count,359
14/12/2023,2000,1,west,1,ROOT_PFTC7_SITE1_(nogp)_transect_1,4.68,0.05,2,sample_depth,8.5
14/12/2023,2000,1,west,1,ROOT_PFTC7_SITE1_(nogp)_transect_1,4.68,0.05,2,soil_depth,9
14/12/2023,2000,1,west,1,ROOT_PFTC7_SITE1_(nogp)_transect_1,4.68,0.05,2,dry_root_mass,3.14
14/12/2023,2000,1,west,1,ROOT_PFTC7_SITE1_(nogp)_transect_1,4.68,0.05,2,stone_mass,229.84
14/12/2023,2000,1,west,1,ROOT_PFTC7_SITE1_(nogp)_transect_1,4.68,0.05,2,dry_soil_mass,147.95
14/12/2023,2000,1,west,1,ROOT_PFTC7_SITE1_(nogp)_transect_1,4.68,0.05,2,root_to_soil_ratio,0.021223386279148364
14/12/2023,2000,1,west,1,ROOT_PFTC7_SITE1_(nogp)_transect_1,4.68,0.05,2,root_to_soil_and_stone_ratio,0.008311495804547502
14/12/2023,2000,1,west,1,ROOT_PFTC7_SITE1_(nogp)_transect_1,6.75,0.08,3,amplitude,2.3
14/12/2023,2000,1,west,1,ROOT_PFTC7_SITE1_(nogp)_transect_1,6.75,0.08,3,pixel_count,923
14/12/2023,2000,1,west,1,ROOT_PFTC7_SITE1_(nogp)_transect_1,6.75,0.08,3,sample_depth,7.5
14/12/2023,2000,1,west,1,ROOT_PFTC7_SITE1_(nogp)_transect_1,6.75,0.08,3,soil_depth,60
14/12/2023,2000,1,west,1,ROOT_PFTC7_SITE1_(nogp)_transect_1,6.75,0.08,3,dry_root_mass,2.55
14/12/2023,2000,1,west,1,ROOT_PFTC7_SITE1_(nogp)_transect_1,6.75,0.08,3,stone_mass,185.09
14/12/2023,2000,1,west,1,ROOT_PFTC7_SITE1_(nogp)_transect_1,6.75,0.08,3,dry_soil_mass,133.18
14/12/2023,2000,1,west,1,ROOT_PFTC7_SITE1_(nogp)_transect_1,6.75,0.08,3,root_to_soil_ratio,0.01914701907193272
14/12/2023,2000,1,west,1,ROOT_PFTC7_SITE1_(nogp)_transect_1,6.75,0.08,3,root_to_soil_and_stone_ratio,0.008012065227636912
14/12/2023,2000,1,west,1,ROOT_PFTC7_SITE1_(nogp)_transect_1,7.61,0.07,4,amplitude,0.9
14/12/2023,2000,1,west,1,ROOT_PFTC7_SITE1_(nogp)_transect_1,7.61,0.07,4,pixel_count,155
14/12/2023,2000,1,west,1,ROOT_PFTC7_SITE1_(nogp)_transect_1,7.61,0.07,4,sample_depth,7.5
14/12/2023,2000,1,west,1,ROOT_PFTC7_SITE1_(nogp)_transect_1,7.61,0.07,4,soil_depth,13
14/12/2023,2000,1,west,1,ROOT_PFTC7_SITE1_(nogp)_transect_1,7.61,0.07,4,dry_root_mass,5.16
14/12/2023,2000,1,west,1,ROOT_PFTC7_SITE1_(nogp)_transect_1,7.61,0.07,4,stone_mass,144.09
14/12/2023,2000,1,west,1,ROOT_PFTC7_SITE1_(nogp)_transect_1,7.61,0.07,4,dry_soil_mass,95.99
14/12/2023,2000,1,west,1,ROOT_PFTC7_SITE1_(nogp)_transect_1,7.61,0.07,4,root_to_soil_ratio,0.053755599541618924
14/12/2023,2000,1,west,1,ROOT_PFTC7_SITE1_(nogp)_transect_1,7.61,0.07,4,root_to_soil_and_stone_ratio,0.021492835721426195
14/12/2023,2000,1,west,1,ROOT_PFTC7_SITE1_(nogp)_transect_1,9.11,0.05,5,amplitude,8.6
14/12/2023,2000,1,west,1,ROOT_PFTC7_SITE1_(nogp)_transect_1,9.11,0.05,5,pixel_count,1764
14/12/2023,2000,1,west,1,ROOT_PFTC7_SITE1_(nogp)_transect_1,9.11,0.05,5,sample_depth,7
14/12/2023,2000,1,west,1,ROOT_PFTC7_SITE1_(nogp)_transect_1,9.11,0.05,5,soil_depth,17
14/12/2023,2000,1,west,1,ROOT_PFTC7_SITE1_(nogp)_transect_1,9.11,0.05,5,dry_root_mass,3.72
14/12/2023,2000,1,west,1,ROOT_PFTC7_SITE1_(nogp)_transect_1,9.11,0.05,5,stone_mass,152.86
14/12/2023,2000,1,west,1,ROOT_PFTC7_SITE1_(nogp)_transect_1,9.11,0.05,5,dry_soil_mass,125.01
14/12/2023,2000,1,west,1,ROOT_PFTC7_SITE1_(nogp)_transect_1,9.11,0.05,5,root_to_soil_ratio,0.029757619390448766
14/12/2023,2000,1,west,1,ROOT_PFTC7_SITE1_(nogp)_transect_1,9.11,0.05,5,root_to_soil_and_stone_ratio,0.0133875553316299
14/12/2023,2000,1,west,1,ROOT_PFTC7_SITE1_(nogp)_transect_1,10.01,0.09,6,amplitude,2.7
14/12/2023,2000,1,west,1,ROOT_PFTC7_SITE1_(nogp)_transect_1,10.01,0.09,6,pixel_count,691
14/12/2023,2000,1,west,1,ROOT_PFTC7_SITE1_(nogp)_transect_1,10.01,0.09,6,sample_depth,4
14/12/2023,2000,1,west,1,ROOT_PFTC7_SITE1_(nogp)_transect_1,10.01,0.09,6,soil_depth,7
14/12/2023,2000,1,west,1,ROOT_PFTC7_SITE1_(nogp)_transect_1,10.01,0.09,6,dry_root_mass,5.54
14/12/2023,2000,1,west,1,ROOT_PFTC7_SITE1_(nogp)_transect_1,10.01,0.09,6,stone_mass,26.51
14/12/2023,2000,1,west,1,ROOT_PFTC7_SITE1_(nogp)_transect_1,10.01,0.09,6,dry_soil_mass,44.85
14/12/2023,2000,1,west,1,ROOT_PFTC7_SITE1_(nogp)_transect_1,10.01,0.09,6,root_to_soil_ratio,0.12352285395763657
14/12/2023,2000,1,west,1,ROOT_PFTC7_SITE1_(nogp)_transect_1,10.01,0.09,6,root_to_soil_and_stone_ratio,0.07763452914798206
14/12/2023,2000,1,west,1,ROOT_PFTC7_SITE1_(nogp)_transect_1,10.7,0.1,7,amplitude,1.8
14/12/2023,2000,1,west,1,ROOT_PFTC7_SITE1_(nogp)_transect_1,10.7,0.1,7,pixel_count,325
14/12/2023,2000,1,west,1,ROOT_PFTC7_SITE1_(nogp)_transect_1,10.7,0.1,7,sample_depth,7
14/12/2023,2000,1,west,1,ROOT_PFTC7_SITE1_(nogp)_transect_1,10.7,0.1,7,soil_depth,20
14/12/2023,2000,1,west,1,ROOT_PFTC7_SITE1_(nogp)_transect_1,10.7,0.1,7,dry_root_mass,7.37
14/12/2023,2000,1,west,1,ROOT_PFTC7_SITE1_(nogp)_transect_1,10.7,0.1,7,stone_mass,83.64
14/12/2023,2000,1,west,1,ROOT_PFTC7_SITE1_(nogp)_transect_1,10.7,0.1,7,dry_soil_mass,93.8
14/12/2023,2000,1,west,1,ROOT_PFTC7_SITE1_(nogp)_transect_1,10.7,0.1,7,root_to_soil_ratio,0.07857142857142857
14/12/2023,2000,1,west,1,ROOT_PFTC7_SITE1_(nogp)_transect_1,10.7,0.1,7,root_to_soil_and_stone_ratio,0.04153516681695221
14/12/2023,2000,1,west,1,ROOT_PFTC7_SITE1_(nogp)_transect_1,14.48,0.05,8,amplitude,5.3
14/12/2023,2000,1,west,1,ROOT_PFTC7_SITE1_(nogp)_transect_1,14.48,0.05,8,pixel_count,757
14/12/2023,2000,1,west,1,ROOT_PFTC7_SITE1_(nogp)_transect_1,14.48,0.05,8,sample_depth,5.5
14/12/2023,2000,1,west,1,ROOT_PFTC7_SITE1_(nogp)_transect_1,14.48,0.05,8,soil_depth,14
14/12/2023,2000,1,west,1,ROOT_PFTC7_SITE1_(nogp)_transect_1,14.48,0.05,8,dry_root_mass,5.29
14/12/2023,2000,1,west,1,ROOT_PFTC7_SITE1_(nogp)_transect_1,14.48,0.05,8,stone_mass,48.56
14/12/2023,2000,1,west,1,ROOT_PFTC7_SITE1_(nogp)_transect_1,14.48,0.05,8,dry_soil_mass,74.71
14/12/2023,2000,1,west,1,ROOT_PFTC7_SITE1_(nogp)_transect_1,14.48,0.05,8,root_to_soil_ratio,0.07080712086735377
14/12/2023,2000,1,west,1,ROOT_PFTC7_SITE1_(nogp)_transect_1,14.48,0.05,8,root_to_soil_and_stone_ratio,0.04291392877423542
14/12/2023,2000,1,west,1,ROOT_PFTC7_SITE1_(nogp)_transect_1,17.2,0.06,9,amplitude,1.8
14/12/2023,2000,1,west,1,ROOT_PFTC7_SITE1_(nogp)_transect_1,17.2,0.06,9,pixel_count,353
14/12/2023,2000,1,west,1,ROOT_PFTC7_SITE1_(nogp)_transect_1,17.2,0.06,9,sample_depth,9
14/12/2023,2000,1,west,1,ROOT_PFTC7_SITE1_(nogp)_transect_1,17.2,0.06,9,soil_depth,14
14/12/2023,2000,1,west,1,ROOT_PFTC7_SITE1_(nogp)_transect_1,17.2,0.06,9,dry_root_mass,2.35
14/12/2023,2000,1,west,1,ROOT_PFTC7_SITE1_(nogp)_transect_1,17.2,0.06,9,stone_mass,243.68
14/12/2023,2000,1,west,1,ROOT_PFTC7_SITE1_(nogp)_transect_1,17.2,0.06,9,dry_soil_mass,123.38
14/12/2023,2000,1,west,1,ROOT_PFTC7_SITE1_(nogp)_transect_1,17.2,0.06,9,root_to_soil_ratio,0.01904684713892041
14/12/2023,2000,1,west,1,ROOT_PFTC7_SITE1_(nogp)_transect_1,17.2,0.06,9,root_to_soil_and_stone_ratio,0.0064022230697978535
14/12/2023,2000,1,west,1,ROOT_PFTC7_SITE1_(nogp)_transect_1,18.08,0.05,10,amplitude,7.4
14/12/2023,2000,1,west,1,ROOT_PFTC7_SITE1_(nogp)_transect_1,18.08,0.05,10,pixel_count,866
14/12/2023,2000,1,west,1,ROOT_PFTC7_SITE1_(nogp)_transect_1,18.08,0.05,10,sample_depth,7
14/12/2023,2000,1,west,1,ROOT_PFTC7_SITE1_(nogp)_transect_1,18.08,0.05,10,soil_depth,26
14/12/2023,2000,1,west,1,ROOT_PFTC7_SITE1_(nogp)_transect_1,18.08,0.05,10,dry_root_mass,0.55
14/12/2023,2000,1,west,1,ROOT_PFTC7_SITE1_(nogp)_transect_1,18.08,0.05,10,stone_mass,247.01
14/12/2023,2000,1,west,1,ROOT_PFTC7_SITE1_(nogp)_transect_1,18.08,0.05,10,dry_soil_mass,110.86
14/12/2023,2000,1,west,1,ROOT_PFTC7_SITE1_(nogp)_transect_1,18.08,0.05,10,root_to_soil_ratio,0.004961212339888148
14/12/2023,2000,1,west,1,ROOT_PFTC7_SITE1_(nogp)_transect_1,18.08,0.05,10,root_to_soil_and_stone_ratio,0.001536870930784922
14/12/2023,2000,1,west,2,ROOT_PFTC7_SITE1_(nogp)_transect_2,1.06,0.09,1,amplitude,1.8
14/12/2023,2000,1,west,2,ROOT_PFTC7_SITE1_(nogp)_transect_2,1.06,0.09,1,pixel_count,394
14/12/2023,2000,1,west,2,ROOT_PFTC7_SITE1_(nogp)_transect_2,1.06,0.09,1,sample_depth,10
14/12/2023,2000,1,west,2,ROOT_PFTC7_SITE1_(nogp)_transect_2,1.06,0.09,1,soil_depth,30
14/12/2023,2000,1,west,2,ROOT_PFTC7_SITE1_(nogp)_transect_2,1.06,0.09,1,dry_root_mass,4.85
14/12/2023,2000,1,west,2,ROOT_PFTC7_SITE1_(nogp)_transect_2,1.06,0.09,1,stone_mass,128.53
14/12/2023,2000,1,west,2,ROOT_PFTC7_SITE1_(nogp)_transect_2,1.06,0.09,1,dry_soil_mass,122.72
14/12/2023,2000,1,west,2,ROOT_PFTC7_SITE1_(nogp)_transect_2,1.06,0.09,1,root_to_soil_ratio,0.039520860495436766
14/12/2023,2000,1,west,2,ROOT_PFTC7_SITE1_(nogp)_transect_2,1.06,0.09,1,root_to_soil_and_stone_ratio,0.019303482587064675
14/12/2023,2000,1,west,2,ROOT_PFTC7_SITE1_(nogp)_transect_2,3.33,0.07,2,amplitude,2.7
14/12/2023,2000,1,west,2,ROOT_PFTC7_SITE1_(nogp)_transect_2,3.33,0.07,2,pixel_count,775
14/12/2023,2000,1,west,2,ROOT_PFTC7_SITE1_(nogp)_transect_2,3.33,0.07,2,sample_depth,9
14/12/2023,2000,1,west,2,ROOT_PFTC7_SITE1_(nogp)_transect_2,3.33,0.07,2,soil_depth,18
14/12/2023,2000,1,west,2,ROOT_PFTC7_SITE1_(nogp)_transect_2,3.33,0.07,2,dry_root_mass,5.3
14/12/2023,2000,1,west,2,ROOT_PFTC7_SITE1_(nogp)_transect_2,3.33,0.07,2,stone_mass,146.04
14/12/2023,2000,1,west,2,ROOT_PFTC7_SITE1_(nogp)_transect_2,3.33,0.07,2,dry_soil_mass,136.31
14/12/2023,2000,1,west,2,ROOT_PFTC7_SITE1_(nogp)_transect_2,3.33,0.07,2,root_to_soil_ratio,0.03888196023769349
14/12/2023,2000,1,west,2,ROOT_PFTC7_SITE1_(nogp)_transect_2,3.33,0.07,2,root_to_soil_and_stone_ratio,0.018771028864884007
14/12/2023,2000,1,west,2,ROOT_PFTC7_SITE1_(nogp)_transect_2,4.21,0.07,3,amplitude,3
14/12/2023,2000,1,west,2,ROOT_PFTC7_SITE1_(nogp)_transect_2,4.21,0.07,3,pixel_count,479
14/12/2023,2000,1,west,2,ROOT_PFTC7_SITE1_(nogp)_transect_2,4.21,0.07,3,sample_depth,5
14/12/2023,2000,1,west,2,ROOT_PFTC7_SITE1_(nogp)_transect_2,4.21,0.07,3,soil_depth,7
14/12/2023,2000,1,west,2,ROOT_PFTC7_SITE1_(nogp)_transect_2,4.21,0.07,3,dry_root_mass,3.16
14/12/2023,2000,1,west,2,ROOT_PFTC7_SITE1_(nogp)_transect_2,4.21,0.07,3,stone_mass,82.14
14/12/2023,2000,1,west,2,ROOT_PFTC7_SITE1_(nogp)_transect_2,4.21,0.07,3,dry_soil_mass,81.19
14/12/2023,2000,1,west,2,ROOT_PFTC7_SITE1_(nogp)_transect_2,4.21,0.07,3,root_to_soil_ratio,0.038921049390319006
14/12/2023,2000,1,west,2,ROOT_PFTC7_SITE1_(nogp)_transect_2,4.21,0.07,3,root_to_soil_and_stone_ratio,0.019347333619053452
14/12/2023,2000,1,west,2,ROOT_PFTC7_SITE1_(nogp)_transect_2,6.46,0.03,4,amplitude,24.8
14/12/2023,2000,1,west,2,ROOT_PFTC7_SITE1_(nogp)_transect_2,6.46,0.03,4,pixel_count,1921
14/12/2023,2000,1,west,2,ROOT_PFTC7_SITE1_(nogp)_transect_2,6.46,0.03,4,sample_depth,12
14/12/2023,2000,1,west,2,ROOT_PFTC7_SITE1_(nogp)_transect_2,6.46,0.03,4,soil_depth,47
14/12/2023,2000,1,west,2,ROOT_PFTC7_SITE1_(nogp)_transect_2,6.46,0.03,4,dry_root_mass,4.82
14/12/2023,2000,1,west,2,ROOT_PFTC7_SITE1_(nogp)_transect_2,6.46,0.03,4,stone_mass,303.02
14/12/2023,2000,1,west,2,ROOT_PFTC7_SITE1_(nogp)_transect_2,6.46,0.03,4,dry_soil_mass,87.53
14/12/2023,2000,1,west,2,ROOT_PFTC7_SITE1_(nogp)_transect_2,6.46,0.03,4,root_to_soil_ratio,0.0550668342282646
14/12/2023,2000,1,west,2,ROOT_PFTC7_SITE1_(nogp)_transect_2,6.46,0.03,4,root_to_soil_and_stone_ratio,0.012341569581359624
14/12/2023,2000,1,west,2,ROOT_PFTC7_SITE1_(nogp)_transect_2,7.04,0.06,5,amplitude,2.6
14/12/2023,2000,1,west,2,ROOT_PFTC7_SITE1_(nogp)_transect_2,7.04,0.06,5,pixel_count,651
14/12/2023,2000,1,west,2,ROOT_PFTC7_SITE1_(nogp)_transect_2,7.04,0.06,5,sample_depth,8
14/12/2023,2000,1,west,2,ROOT_PFTC7_SITE1_(nogp)_transect_2,7.04,0.06,5,soil_depth,12
14/12/2023,2000,1,west,2,ROOT_PFTC7_SITE1_(nogp)_transect_2,7.04,0.06,5,dry_root_mass,7.73
14/12/2023,2000,1,west,2,ROOT_PFTC7_SITE1_(nogp)_transect_2,7.04,0.06,5,stone_mass,71.56
14/12/2023,2000,1,west,2,ROOT_PFTC7_SITE1_(nogp)_transect_2,7.04,0.06,5,dry_soil_mass,69.58
14/12/2023,2000,1,west,2,ROOT_PFTC7_SITE1_(nogp)_transect_2,7.04,0.06,5,root_to_soil_ratio,0.11109514228226502
14/12/2023,2000,1,west,2,ROOT_PFTC7_SITE1_(nogp)_transect_2,7.04,0.06,5,root_to_soil_and_stone_ratio,0.05476831514807993
14/12/2023,2000,1,west,2,ROOT_PFTC7_SITE1_(nogp)_transect_2,10.99,0.09,6,amplitude,2.4
14/12/2023,2000,1,west,2,ROOT_PFTC7_SITE1_(nogp)_transect_2,10.99,0.09,6,pixel_count,618
14/12/2023,2000,1,west,2,ROOT_PFTC7_SITE1_(nogp)_transect_2,10.99,0.09,6,sample_depth,10
14/12/2023,2000,1,west,2,ROOT_PFTC7_SITE1_(nogp)_transect_2,10.99,0.09,6,soil_depth,15
14/12/2023,2000,1,west,2,ROOT_PFTC7_SITE1_(nogp)_transect_2,10.99,0.09,6,dry_root_mass,8.01
14/12/2023,2000,1,west,2,ROOT_PFTC7_SITE1_(nogp)_transect_2,10.99,0.09,6,stone_mass,182.19
14/12/2023,2000,1,west,2,ROOT_PFTC7_SITE1_(nogp)_transect_2,10.99,0.09,6,dry_soil_mass,147.39
14/12/2023,2000,1,west,2,ROOT_PFTC7_SITE1_(nogp)_transect_2,10.99,0.09,6,root_to_soil_ratio,0.05434561367799715
14/12/2023,2000,1,west,2,ROOT_PFTC7_SITE1_(nogp)_transect_2,10.99,0.09,6,root_to_soil_and_stone_ratio,0.02430365920262152
14/12/2023,2000,1,west,2,ROOT_PFTC7_SITE1_(nogp)_transect_2,12.22,0.06,7,amplitude,1.5
14/12/2023,2000,1,west,2,ROOT_PFTC7_SITE1_(nogp)_transect_2,12.22,0.06,7,pixel_count,216
14/12/2023,2000,1,west,2,ROOT_PFTC7_SITE1_(nogp)_transect_2,12.22,0.06,7,sample_depth,12
14/12/2023,2000,1,west,2,ROOT_PFTC7_SITE1_(nogp)_transect_2,12.22,0.06,7,soil_depth,45
14/12/2023,2000,1,west,2,ROOT_PFTC7_SITE1_(nogp)_transect_2,12.22,0.06,7,dry_root_mass,0.52
14/12/2023,2000,1,west,2,ROOT_PFTC7_SITE1_(nogp)_transect_2,12.22,0.06,7,stone_mass,301.23
14/12/2023,2000,1,west,2,ROOT_PFTC7_SITE1_(nogp)_transect_2,12.22,0.06,7,dry_soil_mass,117.17
14/12/2023,2000,1,west,2,ROOT_PFTC7_SITE1_(nogp)_transect_2,12.22,0.06,7,root_to_soil_ratio,0.004437996074080396
14/12/2023,2000,1,west,2,ROOT_PFTC7_SITE1_(nogp)_transect_2,12.22,0.06,7,root_to_soil_and_stone_ratio,0.00124282982791587
14/12/2023,2000,1,west,2,ROOT_PFTC7_SITE1_(nogp)_transect_2,13.83,0.07,8,amplitude,2.2
14/12/2023,2000,1,west,2,ROOT_PFTC7_SITE1_(nogp)_transect_2,13.83,0.07,8,pixel_count,226
14/12/2023,2000,1,west,2,ROOT_PFTC7_SITE1_(nogp)_transect_2,13.83,0.07,8,sample_depth,9
14/12/2023,2000,1,west,2,ROOT_PFTC7_SITE1_(nogp)_transect_2,13.83,0.07,8,soil_depth,34
14/12/2023,2000,1,west,2,ROOT_PFTC7_SITE1_(nogp)_transect_2,13.83,0.07,8,dry_root_mass,5.38
14/12/2023,2000,1,west,2,ROOT_PFTC7_SITE1_(nogp)_transect_2,13.83,0.07,8,stone_mass,125.69
14/12/2023,2000,1,west,2,ROOT_PFTC7_SITE1_(nogp)_transect_2,13.83,0.07,8,dry_soil_mass,90.79
14/12/2023,2000,1,west,2,ROOT_PFTC7_SITE1_(nogp)_transect_2,13.83,0.07,8,root_to_soil_ratio,0.059257627492014533
14/12/2023,2000,1,west,2,ROOT_PFTC7_SITE1_(nogp)_transect_2,13.83,0.07,8,root_to_soil_and_stone_ratio,0.024852180339985215
14/12/2023,2000,1,west,2,ROOT_PFTC7_SITE1_(nogp)_transect_2,14.62,0.09,9,amplitude,4.2
14/12/2023,2000,1,west,2,ROOT_PFTC7_SITE1_(nogp)_transect_2,14.62,0.09,9,pixel_count,1432
14/12/2023,2000,1,west,2,ROOT_PFTC7_SITE1_(nogp)_transect_2,14.62,0.09,9,sample_depth,10
14/12/2023,2000,1,west,2,ROOT_PFTC7_SITE1_(nogp)_transect_2,14.62,0.09,9,soil_depth,17
14/12/2023,2000,1,west,2,ROOT_PFTC7_SITE1_(nogp)_transect_2,14.62,0.09,9,dry_root_mass,2.74
14/12/2023,2000,1,west,2,ROOT_PFTC7_SITE1_(nogp)_transect_2,14.62,0.09,9,stone_mass,333.91
14/12/2023,2000,1,west,2,ROOT_PFTC7_SITE1_(nogp)_transect_2,14.62,0.09,9,dry_soil_mass,128.28
14/12/2023,2000,1,west,2,ROOT_PFTC7_SITE1_(nogp)_transect_2,14.62,0.09,9,root_to_soil_ratio,0.021359526036794512
14/12/2023,2000,1,west,2,ROOT_PFTC7_SITE1_(nogp)_transect_2,14.62,0.09,9,root_to_soil_and_stone_ratio,0.005928297886150717
14/12/2023,2000,1,west,2,ROOT_PFTC7_SITE1_(nogp)_transect_2,17.2,0.06,10,amplitude,2.5
14/12/2023,2000,1,west,2,ROOT_PFTC7_SITE1_(nogp)_transect_2,17.2,0.06,10,pixel_count,302
14/12/2023,2000,1,west,2,ROOT_PFTC7_SITE1_(nogp)_transect_2,17.2,0.06,10,sample_depth,10
14/12/2023,2000,1,west,2,ROOT_PFTC7_SITE1_(nogp)_transect_2,17.2,0.06,10,soil_depth,13
14/12/2023,2000,1,west,2,ROOT_PFTC7_SITE1_(nogp)_transect_2,17.2,0.06,10,dry_root_mass,5.65
14/12/2023,2000,1,west,2,ROOT_PFTC7_SITE1_(nogp)_transect_2,17.2,0.06,10,stone_mass,55.21
14/12/2023,2000,1,west,2,ROOT_PFTC7_SITE1_(nogp)_transect_2,17.2,0.06,10,dry_soil_mass,66.63
14/12/2023,2000,1,west,2,ROOT_PFTC7_SITE1_(nogp)_transect_2,17.2,0.06,10,root_to_soil_ratio,0.08479663815098305
14/12/2023,2000,1,west,2,ROOT_PFTC7_SITE1_(nogp)_transect_2,17.2,0.06,10,root_to_soil_and_stone_ratio,0.04637229152987525
14/12/2023,2200,2,west,1,ROOT_PFTC7_SITE2_(nogp)_transect_1,2.53,0.04,1,amplitude,18.8
14/12/2023,2200,2,west,1,ROOT_PFTC7_SITE2_(nogp)_transect_1,2.53,0.04,1,pixel_count,915
14/12/2023,2200,2,west,1,ROOT_PFTC7_SITE2_(nogp)_transect_1,2.53,0.04,1,sample_depth,9.5
14/12/2023,2200,2,west,1,ROOT_PFTC7_SITE2_(nogp)_transect_1,2.53,0.04,1,soil_depth,9.5
14/12/2023,2200,2,west,1,ROOT_PFTC7_SITE2_(nogp)_transect_1,2.53,0.04,1,dry_root_mass,1.08
14/12/2023,2200,2,west,1,ROOT_PFTC7_SITE2_(nogp)_transect_1,2.53,0.04,1,stone_mass,202.96
14/12/2023,2200,2,west,1,ROOT_PFTC7_SITE2_(nogp)_transect_1,2.53,0.04,1,dry_soil_mass,97.04
14/12/2023,2200,2,west,1,ROOT_PFTC7_SITE2_(nogp)_transect_1,2.53,0.04,1,root_to_soil_ratio,0.011129431162407255
14/12/2023,2200,2,west,1,ROOT_PFTC7_SITE2_(nogp)_transect_1,2.53,0.04,1,root_to_soil_and_stone_ratio,0.0036000000000000003
14/12/2023,2200,2,west,1,ROOT_PFTC7_SITE2_(nogp)_transect_1,3.29,0.08,2,amplitude,2.4
14/12/2023,2200,2,west,1,ROOT_PFTC7_SITE2_(nogp)_transect_1,3.29,0.08,2,pixel_count,296
14/12/2023,2200,2,west,1,ROOT_PFTC7_SITE2_(nogp)_transect_1,3.29,0.08,2,sample_depth,10
14/12/2023,2200,2,west,1,ROOT_PFTC7_SITE2_(nogp)_transect_1,3.29,0.08,2,soil_depth,10
14/12/2023,2200,2,west,1,ROOT_PFTC7_SITE2_(nogp)_transect_1,3.29,0.08,2,dry_root_mass,0.92
14/12/2023,2200,2,west,1,ROOT_PFTC7_SITE2_(nogp)_transect_1,3.29,0.08,2,stone_mass,116.54
14/12/2023,2200,2,west,1,ROOT_PFTC7_SITE2_(nogp)_transect_1,3.29,0.08,2,dry_soil_mass,73.53
14/12/2023,2200,2,west,1,ROOT_PFTC7_SITE2_(nogp)_transect_1,3.29,0.08,2,root_to_soil_ratio,0.012511899904800762
14/12/2023,2200,2,west,1,ROOT_PFTC7_SITE2_(nogp)_transect_1,3.29,0.08,2,root_to_soil_and_stone_ratio,0.004840321986636502
14/12/2023,2200,2,west,1,ROOT_PFTC7_SITE2_(nogp)_transect_1,4,0.04,3,amplitude,64.7
14/12/2023,2200,2,west,1,ROOT_PFTC7_SITE2_(nogp)_transect_1,4,0.04,3,pixel_count,6583
14/12/2023,2200,2,west,1,ROOT_PFTC7_SITE2_(nogp)_transect_1,4,0.04,3,sample_depth,8
14/12/2023,2200,2,west,1,ROOT_PFTC7_SITE2_(nogp)_transect_1,4,0.04,3,soil_depth,10
14/12/2023,2200,2,west,1,ROOT_PFTC7_SITE2_(nogp)_transect_1,4,0.04,3,dry_root_mass,1.46
14/12/2023,2200,2,west,1,ROOT_PFTC7_SITE2_(nogp)_transect_1,4,0.04,3,stone_mass,155.36
14/12/2023,2200,2,west,1,ROOT_PFTC7_SITE2_(nogp)_transect_1,4,0.04,3,dry_soil_mass,108.61
14/12/2023,2200,2,west,1,ROOT_PFTC7_SITE2_(nogp)_transect_1,4,0.04,3,root_to_soil_ratio,0.013442592763097321
14/12/2023,2200,2,west,1,ROOT_PFTC7_SITE2_(nogp)_transect_1,4,0.04,3,root_to_soil_and_stone_ratio,0.005530931545251354
14/12/2023,2200,2,west,1,ROOT_PFTC7_SITE2_(nogp)_transect_1,7.71,0.06,4,amplitude,6.3
14/12/2023,2200,2,west,1,ROOT_PFTC7_SITE2_(nogp)_transect_1,7.71,0.06,4,pixel_count,1334
14/12/2023,2200,2,west,1,ROOT_PFTC7_SITE2_(nogp)_transect_1,7.71,0.06,4,sample_depth,10
14/12/2023,2200,2,west,1,ROOT_PFTC7_SITE2_(nogp)_transect_1,7.71,0.06,4,soil_depth,13
14/12/2023,2200,2,west,1,ROOT_PFTC7_SITE2_(nogp)_transect_1,7.71,0.06,4,dry_root_mass,0.86
14/12/2023,2200,2,west,1,ROOT_PFTC7_SITE2_(nogp)_transect_1,7.71,0.06,4,stone_mass,130.95
14/12/2023,2200,2,west,1,ROOT_PFTC7_SITE2_(nogp)_transect_1,7.71,0.06,4,dry_soil_mass,78.78
14/12/2023,2200,2,west,1,ROOT_PFTC7_SITE2_(nogp)_transect_1,7.71,0.06,4,root_to_soil_ratio,0.010916476263010916
14/12/2023,2200,2,west,1,ROOT_PFTC7_SITE2_(nogp)_transect_1,7.71,0.06,4,root_to_soil_and_stone_ratio,0.0041005101797549235
14/12/2023,2200,2,west,1,ROOT_PFTC7_SITE2_(nogp)_transect_1,8.23,0.06,5,amplitude,5.1
14/12/2023,2200,2,west,1,ROOT_PFTC7_SITE2_(nogp)_transect_1,8.23,0.06,5,pixel_count,612
14/12/2023,2200,2,west,1,ROOT_PFTC7_SITE2_(nogp)_transect_1,8.23,0.06,5,sample_depth,6
14/12/2023,2200,2,west,1,ROOT_PFTC7_SITE2_(nogp)_transect_1,8.23,0.06,5,soil_depth,7
14/12/2023,2200,2,west,1,ROOT_PFTC7_SITE2_(nogp)_transect_1,8.23,0.06,5,dry_root_mass,1.13
14/12/2023,2200,2,west,1,ROOT_PFTC7_SITE2_(nogp)_transect_1,8.23,0.06,5,stone_mass,10.97
14/12/2023,2200,2,west,1,ROOT_PFTC7_SITE2_(nogp)_transect_1,8.23,0.06,5,dry_soil_mass,7.57
14/12/2023,2200,2,west,1,ROOT_PFTC7_SITE2_(nogp)_transect_1,8.23,0.06,5,root_to_soil_ratio,0.14927344782034344
14/12/2023,2200,2,west,1,ROOT_PFTC7_SITE2_(nogp)_transect_1,8.23,0.06,5,root_to_soil_and_stone_ratio,0.06094929881337648
14/12/2023,2200,2,west,1,ROOT_PFTC7_SITE2_(nogp)_transect_1,9.02,0.05,6,amplitude,2.6
14/12/2023,2200,2,west,1,ROOT_PFTC7_SITE2_(nogp)_transect_1,9.02,0.05,6,pixel_count,283
14/12/2023,2200,2,west,1,ROOT_PFTC7_SITE2_(nogp)_transect_1,9.02,0.05,6,sample_depth,9
14/12/2023,2200,2,west,1,ROOT_PFTC7_SITE2_(nogp)_transect_1,9.02,0.05,6,soil_depth,9.2
14/12/2023,2200,2,west,1,ROOT_PFTC7_SITE2_(nogp)_transect_1,9.02,0.05,6,dry_root_mass,3
14/12/2023,2200,2,west,1,ROOT_PFTC7_SITE2_(nogp)_transect_1,9.02,0.05,6,stone_mass,111.62
14/12/2023,2200,2,west,1,ROOT_PFTC7_SITE2_(nogp)_transect_1,9.02,0.05,6,dry_soil_mass,59.64
14/12/2023,2200,2,west,1,ROOT_PFTC7_SITE2_(nogp)_transect_1,9.02,0.05,6,root_to_soil_ratio,0.05030181086519114
14/12/2023,2200,2,west,1,ROOT_PFTC7_SITE2_(nogp)_transect_1,9.02,0.05,6,root_to_soil_and_stone_ratio,0.017517225271516994
14/12/2023,2200,2,west,1,ROOT_PFTC7_SITE2_(nogp)_transect_1,9.77,0.09,7,amplitude,1.2
14/12/2023,2200,2,west,1,ROOT_PFTC7_SITE2_(nogp)_transect_1,9.77,0.09,7,pixel_count,172
14/12/2023,2200,2,west,1,ROOT_PFTC7_SITE2_(nogp)_transect_1,9.77,0.09,7,sample_depth,7
14/12/2023,2200,2,west,1,ROOT_PFTC7_SITE2_(nogp)_transect_1,9.77,0.09,7,soil_depth,9
14/12/2023,2200,2,west,1,ROOT_PFTC7_SITE2_(nogp)_transect_1,9.77,0.09,7,dry_root_mass,7.6
14/12/2023,2200,2,west,1,ROOT_PFTC7_SITE2_(nogp)_transect_1,9.77,0.09,7,stone_mass,67
14/12/2023,2200,2,west,1,ROOT_PFTC7_SITE2_(nogp)_transect_1,9.77,0.09,7,dry_soil_mass,54.1
14/12/2023,2200,2,west,1,ROOT_PFTC7_SITE2_(nogp)_transect_1,9.77,0.09,7,root_to_soil_ratio,0.14048059149722736
14/12/2023,2200,2,west,1,ROOT_PFTC7_SITE2_(nogp)_transect_1,9.77,0.09,7,root_to_soil_and_stone_ratio,0.06275805119735756
14/12/2023,2200,2,west,1,ROOT_PFTC7_SITE2_(nogp)_transect_1,11.51,0.09,8,amplitude,1.6
14/12/2023,2200,2,west,1,ROOT_PFTC7_SITE2_(nogp)_transect_1,11.51,0.09,8,pixel_count,146
14/12/2023,2200,2,west,1,ROOT_PFTC7_SITE2_(nogp)_transect_1,11.51,0.09,8,sample_depth,7
14/12/2023,2200,2,west,1,ROOT_PFTC7_SITE2_(nogp)_transect_1,11.51,0.09,8,soil_depth,8
14/12/2023,2200,2,west,1,ROOT_PFTC7_SITE2_(nogp)_transect_1,11.51,0.09,8,dry_root_mass,1.48
14/12/2023,2200,2,west,1,ROOT_PFTC7_SITE2_(nogp)_transect_1,11.51,0.09,8,stone_mass,80.89
14/12/2023,2200,2,west,1,ROOT_PFTC7_SITE2_(nogp)_transect_1,11.51,0.09,8,dry_soil_mass,67.85
14/12/2023,2200,2,west,1,ROOT_PFTC7_SITE2_(nogp)_transect_1,11.51,0.09,8,root_to_soil_ratio,0.021812822402358146
14/12/2023,2200,2,west,1,ROOT_PFTC7_SITE2_(nogp)_transect_1,11.51,0.09,8,root_to_soil_and_stone_ratio,0.009950248756218905
14/12/2023,2200,2,west,1,ROOT_PFTC7_SITE2_(nogp)_transect_1,12.97,0.06,9,amplitude,52.5
14/12/2023,2200,2,west,1,ROOT_PFTC7_SITE2_(nogp)_transect_1,12.97,0.06,9,pixel_count,3875
14/12/2023,2200,2,west,1,ROOT_PFTC7_SITE2_(nogp)_transect_1,12.97,0.06,9,sample_depth,8.5
14/12/2023,2200,2,west,1,ROOT_PFTC7_SITE2_(nogp)_transect_1,12.97,0.06,9,soil_depth,11
14/12/2023,2200,2,west,1,ROOT_PFTC7_SITE2_(nogp)_transect_1,12.97,0.06,9,dry_root_mass,1.89
14/12/2023,2200,2,west,1,ROOT_PFTC7_SITE2_(nogp)_transect_1,12.97,0.06,9,stone_mass,160.91
14/12/2023,2200,2,west,1,ROOT_PFTC7_SITE2_(nogp)_transect_1,12.97,0.06,9,dry_soil_mass,120.77
14/12/2023,2200,2,west,1,ROOT_PFTC7_SITE2_(nogp)_transect_1,12.97,0.06,9,root_to_soil_ratio,0.015649581849797135
14/12/2023,2200,2,west,1,ROOT_PFTC7_SITE2_(nogp)_transect_1,12.97,0.06,9,root_to_soil_and_stone_ratio,0.006709741550695825
14/12/2023,2200,2,west,1,ROOT_PFTC7_SITE2_(nogp)_transect_1,14.73,0.05,10,amplitude,2.5
14/12/2023,2200,2,west,1,ROOT_PFTC7_SITE2_(nogp)_transect_1,14.73,0.05,10,pixel_count,180
14/12/2023,2200,2,west,1,ROOT_PFTC7_SITE2_(nogp)_transect_1,14.73,0.05,10,sample_depth,10
14/12/2023,2200,2,west,1,ROOT_PFTC7_SITE2_(nogp)_transect_1,14.73,0.05,10,soil_depth,17
14/12/2023,2200,2,west,1,ROOT_PFTC7_SITE2_(nogp)_transect_1,14.73,0.05,10,dry_root_mass,3.27
14/12/2023,2200,2,west,1,ROOT_PFTC7_SITE2_(nogp)_transect_1,14.73,0.05,10,stone_mass,146.45
14/12/2023,2200,2,west,1,ROOT_PFTC7_SITE2_(nogp)_transect_1,14.73,0.05,10,dry_soil_mass,85.71
14/12/2023,2200,2,west,1,ROOT_PFTC7_SITE2_(nogp)_transect_1,14.73,0.05,10,root_to_soil_ratio,0.03815190759537977
14/12/2023,2200,2,west,1,ROOT_PFTC7_SITE2_(nogp)_transect_1,14.73,0.05,10,root_to_soil_and_stone_ratio,0.014085113714679534
14/12/2023,2200,2,west,2,ROOT_PFTC7_SITE2_(nogp)_transect_2,0.06,0.05,1,amplitude,3.3
14/12/2023,2200,2,west,2,ROOT_PFTC7_SITE2_(nogp)_transect_2,0.06,0.05,1,pixel_count,420
14/12/2023,2200,2,west,2,ROOT_PFTC7_SITE2_(nogp)_transect_2,0.06,0.05,1,sample_depth,10.5
14/12/2023,2200,2,west,2,ROOT_PFTC7_SITE2_(nogp)_transect_2,0.06,0.05,1,soil_depth,27.5
14/12/2023,2200,2,west,2,ROOT_PFTC7_SITE2_(nogp)_transect_2,0.06,0.05,1,dry_root_mass,3.97
14/12/2023,2200,2,west,2,ROOT_PFTC7_SITE2_(nogp)_transect_2,0.06,0.05,1,stone_mass,269.37
14/12/2023,2200,2,west,2,ROOT_PFTC7_SITE2_(nogp)_transect_2,0.06,0.05,1,dry_soil_mass,113.08
14/12/2023,2200,2,west,2,ROOT_PFTC7_SITE2_(nogp)_transect_2,0.06,0.05,1,root_to_soil_ratio,0.03510788822072869
14/12/2023,2200,2,west,2,ROOT_PFTC7_SITE2_(nogp)_transect_2,0.06,0.05,1,root_to_soil_and_stone_ratio,0.010380441887828475
14/12/2023,2200,2,west,2,ROOT_PFTC7_SITE2_(nogp)_transect_2,1.93,0.06,2,amplitude,1.8
14/12/2023,2200,2,west,2,ROOT_PFTC7_SITE2_(nogp)_transect_2,1.93,0.06,2,pixel_count,88
14/12/2023,2200,2,west,2,ROOT_PFTC7_SITE2_(nogp)_transect_2,1.93,0.06,2,sample_depth,8.5
14/12/2023,2200,2,west,2,ROOT_PFTC7_SITE2_(nogp)_transect_2,1.93,0.06,2,soil_depth,17
14/12/2023,2200,2,west,2,ROOT_PFTC7_SITE2_(nogp)_transect_2,1.93,0.06,2,dry_root_mass,0.95
14/12/2023,2200,2,west,2,ROOT_PFTC7_SITE2_(nogp)_transect_2,1.93,0.06,2,stone_mass,307.21
14/12/2023,2200,2,west,2,ROOT_PFTC7_SITE2_(nogp)_transect_2,1.93,0.06,2,dry_soil_mass,181.04
14/12/2023,2200,2,west,2,ROOT_PFTC7_SITE2_(nogp)_transect_2,1.93,0.06,2,root_to_soil_ratio,0.0052474591250552365
14/12/2023,2200,2,west,2,ROOT_PFTC7_SITE2_(nogp)_transect_2,1.93,0.06,2,root_to_soil_and_stone_ratio,0.0019457245263696877
14/12/2023,2200,2,west,2,ROOT_PFTC7_SITE2_(nogp)_transect_2,5.26,0.06,3,amplitude,4.2
14/12/2023,2200,2,west,2,ROOT_PFTC7_SITE2_(nogp)_transect_2,5.26,0.06,3,pixel_count,691
14/12/2023,2200,2,west,2,ROOT_PFTC7_SITE2_(nogp)_transect_2,5.26,0.06,3,sample_depth,10
14/12/2023,2200,2,west,2,ROOT_PFTC7_SITE2_(nogp)_transect_2,5.26,0.06,3,soil_depth,23
14/12/2023,2200,2,west,2,ROOT_PFTC7_SITE2_(nogp)_transect_2,5.26,0.06,3,dry_root_mass,6.86
14/12/2023,2200,2,west,2,ROOT_PFTC7_SITE2_(nogp)_transect_2,5.26,0.06,3,stone_mass,221.15
14/12/2023,2200,2,west,2,ROOT_PFTC7_SITE2_(nogp)_transect_2,5.26,0.06,3,dry_soil_mass,53.81
14/12/2023,2200,2,west,2,ROOT_PFTC7_SITE2_(nogp)_transect_2,5.26,0.06,3,root_to_soil_ratio,0.12748559747258875
14/12/2023,2200,2,west,2,ROOT_PFTC7_SITE2_(nogp)_transect_2,5.26,0.06,3,root_to_soil_and_stone_ratio,0.024949083503054987
14/12/2023,2200,2,west,2,ROOT_PFTC7_SITE2_(nogp)_transect_2,5.96,0.09,4,amplitude,1.6
14/12/2023,2200,2,west,2,ROOT_PFTC7_SITE2_(nogp)_transect_2,5.96,0.09,4,pixel_count,159
14/12/2023,2200,2,west,2,ROOT_PFTC7_SITE2_(nogp)_transect_2,5.96,0.09,4,sample_depth,10
14/12/2023,2200,2,west,2,ROOT_PFTC7_SITE2_(nogp)_transect_2,5.96,0.09,4,soil_depth,12
14/12/2023,2200,2,west,2,ROOT_PFTC7_SITE2_(nogp)_transect_2,5.96,0.09,4,dry_root_mass,0.75
14/12/2023,2200,2,west,2,ROOT_PFTC7_SITE2_(nogp)_transect_2,5.96,0.09,4,stone_mass,177.17
14/12/2023,2200,2,west,2,ROOT_PFTC7_SITE2_(nogp)_transect_2,5.96,0.09,4,dry_soil_mass,77.26
14/12/2023,2200,2,west,2,ROOT_PFTC7_SITE2_(nogp)_transect_2,5.96,0.09,4,root_to_soil_ratio,0.00970748123220295
14/12/2023,2200,2,west,2,ROOT_PFTC7_SITE2_(nogp)_transect_2,5.96,0.09,4,root_to_soil_and_stone_ratio,0.0029477655936799903
14/12/2023,2200,2,west,2,ROOT_PFTC7_SITE2_(nogp)_transect_2,8.83,0.09,5,amplitude,1.9
14/12/2023,2200,2,west,2,ROOT_PFTC7_SITE2_(nogp)_transect_2,8.83,0.09,5,pixel_count,365
14/12/2023,2200,2,west,2,ROOT_PFTC7_SITE2_(nogp)_transect_2,8.83,0.09,5,sample_depth,9.5
14/12/2023,2200,2,west,2,ROOT_PFTC7_SITE2_(nogp)_transect_2,8.83,0.09,5,soil_depth,60
14/12/2023,2200,2,west,2,ROOT_PFTC7_SITE2_(nogp)_transect_2,8.83,0.09,5,dry_root_mass,1.69
14/12/2023,2200,2,west,2,ROOT_PFTC7_SITE2_(nogp)_transect_2,8.83,0.09,5,stone_mass,298.38
14/12/2023,2200,2,west,2,ROOT_PFTC7_SITE2_(nogp)_transect_2,8.83,0.09,5,dry_soil_mass,127.22
14/12/2023,2200,2,west,2,ROOT_PFTC7_SITE2_(nogp)_transect_2,8.83,0.09,5,root_to_soil_ratio,0.013284074831001415
14/12/2023,2200,2,west,2,ROOT_PFTC7_SITE2_(nogp)_transect_2,8.83,0.09,5,root_to_soil_and_stone_ratio,0.003970864661654135
14/12/2023,2200,2,west,2,ROOT_PFTC7_SITE2_(nogp)_transect_2,10.88,0.03,6,amplitude,10.7
14/12/2023,2200,2,west,2,ROOT_PFTC7_SITE2_(nogp)_transect_2,10.88,0.03,6,pixel_count,1015
14/12/2023,2200,2,west,2,ROOT_PFTC7_SITE2_(nogp)_transect_2,10.88,0.03,6,sample_depth,11
14/12/2023,2200,2,west,2,ROOT_PFTC7_SITE2_(nogp)_transect_2,10.88,0.03,6,soil_depth,22
14/12/2023,2200,2,west,2,ROOT_PFTC7_SITE2_(nogp)_transect_2,10.88,0.03,6,dry_root_mass,1.01
14/12/2023,2200,2,west,2,ROOT_PFTC7_SITE2_(nogp)_transect_2,10.88,0.03,6,stone_mass,400.8
14/12/2023,2200,2,west,2,ROOT_PFTC7_SITE2_(nogp)_transect_2,10.88,0.03,6,dry_soil_mass,176.41
14/12/2023,2200,2,west,2,ROOT_PFTC7_SITE2_(nogp)_transect_2,10.88,0.03,6,root_to_soil_ratio,0.0057252990193299704
14/12/2023,2200,2,west,2,ROOT_PFTC7_SITE2_(nogp)_transect_2,10.88,0.03,6,root_to_soil_and_stone_ratio,0.0017497964345732054
14/12/2023,2200,2,west,2,ROOT_PFTC7_SITE2_(nogp)_transect_2,13.8,0.1,7,amplitude,14
14/12/2023,2200,2,west,2,ROOT_PFTC7_SITE2_(nogp)_transect_2,13.8,0.1,7,pixel_count,3782
14/12/2023,2200,2,west,2,ROOT_PFTC7_SITE2_(nogp)_transect_2,13.8,0.1,7,sample_depth,12
14/12/2023,2200,2,west,2,ROOT_PFTC7_SITE2_(nogp)_transect_2,13.8,0.1,7,soil_depth,22
14/12/2023,2200,2,west,2,ROOT_PFTC7_SITE2_(nogp)_transect_2,13.8,0.1,7,dry_root_mass,3.29
14/12/2023,2200,2,west,2,ROOT_PFTC7_SITE2_(nogp)_transect_2,13.8,0.1,7,stone_mass,413.05
14/12/2023,2200,2,west,2,ROOT_PFTC7_SITE2_(nogp)_transect_2,13.8,0.1,7,dry_soil_mass,178.72
14/12/2023,2200,2,west,2,ROOT_PFTC7_SITE2_(nogp)_transect_2,13.8,0.1,7,root_to_soil_ratio,0.018408683974932855
14/12/2023,2200,2,west,2,ROOT_PFTC7_SITE2_(nogp)_transect_2,13.8,0.1,7,root_to_soil_and_stone_ratio,0.005559592409213039
14/12/2023,2200,2,west,2,ROOT_PFTC7_SITE2_(nogp)_transect_2,17.13,0.05,8,amplitude,15.5
14/12/2023,2200,2,west,2,ROOT_PFTC7_SITE2_(nogp)_transect_2,17.13,0.05,8,pixel_count,1157
14/12/2023,2200,2,west,2,ROOT_PFTC7_SITE2_(nogp)_transect_2,17.13,0.05,8,sample_depth,10
14/12/2023,2200,2,west,2,ROOT_PFTC7_SITE2_(nogp)_transect_2,17.13,0.05,8,soil_depth,28
14/12/2023,2200,2,west,2,ROOT_PFTC7_SITE2_(nogp)_transect_2,17.13,0.05,8,dry_root_mass,3.47
14/12/2023,2200,2,west,2,ROOT_PFTC7_SITE2_(nogp)_transect_2,17.13,0.05,8,stone_mass,264.28
14/12/2023,2200,2,west,2,ROOT_PFTC7_SITE2_(nogp)_transect_2,17.13,0.05,8,dry_soil_mass,122.87
14/12/2023,2200,2,west,2,ROOT_PFTC7_SITE2_(nogp)_transect_2,17.13,0.05,8,root_to_soil_ratio,0.028241230568893952
14/12/2023,2200,2,west,2,ROOT_PFTC7_SITE2_(nogp)_transect_2,17.13,0.05,8,root_to_soil_and_stone_ratio,0.008962934263205477
14/12/2023,2200,2,west,2,ROOT_PFTC7_SITE2_(nogp)_transect_2,18.2,0.07,9,amplitude,2.4
14/12/2023,2200,2,west,2,ROOT_PFTC7_SITE2_(nogp)_transect_2,18.2,0.07,9,pixel_count,841
14/12/2023,2200,2,west,2,ROOT_PFTC7_SITE2_(nogp)_transect_2,18.2,0.07,9,sample_depth,10
14/12/2023,2200,2,west,2,ROOT_PFTC7_SITE2_(nogp)_transect_2,18.2,0.07,9,soil_depth,45
14/12/2023,2200,2,west,2,ROOT_PFTC7_SITE2_(nogp)_transect_2,18.2,0.07,9,dry_root_mass,5.3
14/12/2023,2200,2,west,2,ROOT_PFTC7_SITE2_(nogp)_transect_2,18.2,0.07,9,stone_mass,268.5
14/12/2023,2200,2,west,2,ROOT_PFTC7_SITE2_(nogp)_transect_2,18.2,0.07,9,dry_soil_mass,135.84
14/12/2023,2200,2,west,2,ROOT_PFTC7_SITE2_(nogp)_transect_2,18.2,0.07,9,root_to_soil_ratio,0.03901648998822144
14/12/2023,2200,2,west,2,ROOT_PFTC7_SITE2_(nogp)_transect_2,18.2,0.07,9,root_to_soil_and_stone_ratio,0.01310778058069941
14/12/2023,2200,2,west,2,ROOT_PFTC7_SITE2_(nogp)_transect_2,19.48,0.05,10,amplitude,8.8
14/12/2023,2200,2,west,2,ROOT_PFTC7_SITE2_(nogp)_transect_2,19.48,0.05,10,pixel_count,360
14/12/2023,2200,2,west,2,ROOT_PFTC7_SITE2_(nogp)_transect_2,19.48,0.05,10,sample_depth,10
14/12/2023,2200,2,west,2,ROOT_PFTC7_SITE2_(nogp)_transect_2,19.48,0.05,10,soil_depth,14
14/12/2023,2200,2,west,2,ROOT_PFTC7_SITE2_(nogp)_transect_2,19.48,0.05,10,dry_root_mass,2.5
14/12/2023,2200,2,west,2,ROOT_PFTC7_SITE2_(nogp)_transect_2,19.48,0.05,10,stone_mass,208.93
14/12/2023,2200,2,west,2,ROOT_PFTC7_SITE2_(nogp)_transect_2,19.48,0.05,10,dry_soil_mass,150.56
14/12/2023,2200,2,west,2,ROOT_PFTC7_SITE2_(nogp)_transect_2,19.48,0.05,10,root_to_soil_ratio,0.016604675876726885
14/12/2023,2200,2,west,2,ROOT_PFTC7_SITE2_(nogp)_transect_2,19.48,0.05,10,root_to_soil_and_stone_ratio,0.00695429636429386
9/12/2023,2400,3,west,1,ROOT_PFTC7_SITE3_(nogp)_transect_1,1.47,0.05,1,amplitude,17.9
9/12/2023,2400,3,west,1,ROOT_PFTC7_SITE3_(nogp)_transect_1,1.47,0.05,1,pixel_count,993
9/12/2023,2400,3,west,1,ROOT_PFTC7_SITE3_(nogp)_transect_1,1.47,0.05,1,sample_depth,10
9/12/2023,2400,3,west,1,ROOT_PFTC7_SITE3_(nogp)_transect_1,1.47,0.05,1,soil_depth,24
9/12/2023,2400,3,west,1,ROOT_PFTC7_SITE3_(nogp)_transect_1,1.47,0.05,1,dry_root_mass,13.91
9/12/2023,2400,3,west,1,ROOT_PFTC7_SITE3_(nogp)_transect_1,1.47,0.05,1,stone_mass,31.36
9/12/2023,2400,3,west,1,ROOT_PFTC7_SITE3_(nogp)_transect_1,1.47,0.05,1,dry_soil_mass,48.8
9/12/2023,2400,3,west,1,ROOT_PFTC7_SITE3_(nogp)_transect_1,1.47,0.05,1,root_to_soil_ratio,0.2850409836065574
9/12/2023,2400,3,west,1,ROOT_PFTC7_SITE3_(nogp)_transect_1,1.47,0.05,1,root_to_soil_and_stone_ratio,0.17352794411177647
9/12/2023,2400,3,west,1,ROOT_PFTC7_SITE3_(nogp)_transect_1,3.86,0.05,2,amplitude,12.3
9/12/2023,2400,3,west,1,ROOT_PFTC7_SITE3_(nogp)_transect_1,3.86,0.05,2,pixel_count,643
9/12/2023,2400,3,west,1,ROOT_PFTC7_SITE3_(nogp)_transect_1,3.86,0.05,2,sample_depth,13
9/12/2023,2400,3,west,1,ROOT_PFTC7_SITE3_(nogp)_transect_1,3.86,0.05,2,soil_depth,37.5
9/12/2023,2400,3,west,1,ROOT_PFTC7_SITE3_(nogp)_transect_1,3.86,0.05,2,dry_root_mass,7.91
9/12/2023,2400,3,west,1,ROOT_PFTC7_SITE3_(nogp)_transect_1,3.86,0.05,2,stone_mass,46.4
9/12/2023,2400,3,west,1,ROOT_PFTC7_SITE3_(nogp)_transect_1,3.86,0.05,2,dry_soil_mass,56.49
9/12/2023,2400,3,west,1,ROOT_PFTC7_SITE3_(nogp)_transect_1,3.86,0.05,2,root_to_soil_ratio,0.14002478314745972
9/12/2023,2400,3,west,1,ROOT_PFTC7_SITE3_(nogp)_transect_1,3.86,0.05,2,root_to_soil_and_stone_ratio,0.07687821945767324
9/12/2023,2400,3,west,1,ROOT_PFTC7_SITE3_(nogp)_transect_1,5.02,0.09,3,amplitude,5.8
9/12/2023,2400,3,west,1,ROOT_PFTC7_SITE3_(nogp)_transect_1,5.02,0.09,3,pixel_count,914
9/12/2023,2400,3,west,1,ROOT_PFTC7_SITE3_(nogp)_transect_1,5.02,0.09,3,sample_depth,11.5
9/12/2023,2400,3,west,1,ROOT_PFTC7_SITE3_(nogp)_transect_1,5.02,0.09,3,soil_depth,38
9/12/2023,2400,3,west,1,ROOT_PFTC7_SITE3_(nogp)_transect_1,5.02,0.09,3,dry_root_mass,19.62
9/12/2023,2400,3,west,1,ROOT_PFTC7_SITE3_(nogp)_transect_1,5.02,0.09,3,stone_mass,75.28
9/12/2023,2400,3,west,1,ROOT_PFTC7_SITE3_(nogp)_transect_1,5.02,0.09,3,dry_soil_mass,102.72
9/12/2023,2400,3,west,1,ROOT_PFTC7_SITE3_(nogp)_transect_1,5.02,0.09,3,root_to_soil_ratio,0.19100467289719628
9/12/2023,2400,3,west,1,ROOT_PFTC7_SITE3_(nogp)_transect_1,5.02,0.09,3,root_to_soil_and_stone_ratio,0.1102247191011236
9/12/2023,2400,3,west,1,ROOT_PFTC7_SITE3_(nogp)_transect_1,11.08,0.08,4,amplitude,4.2
9/12/2023,2400,3,west,1,ROOT_PFTC7_SITE3_(nogp)_transect_1,11.08,0.08,4,pixel_count,234
9/12/2023,2400,3,west,1,ROOT_PFTC7_SITE3_(nogp)_transect_1,11.08,0.08,4,sample_depth,16
9/12/2023,2400,3,west,1,ROOT_PFTC7_SITE3_(nogp)_transect_1,11.08,0.08,4,soil_depth,39
9/12/2023,2400,3,west,1,ROOT_PFTC7_SITE3_(nogp)_transect_1,11.08,0.08,4,dry_root_mass,9.26
9/12/2023,2400,3,west,1,ROOT_PFTC7_SITE3_(nogp)_transect_1,11.08,0.08,4,stone_mass,107.38
9/12/2023,2400,3,west,1,ROOT_PFTC7_SITE3_(nogp)_transect_1,11.08,0.08,4,dry_soil_mass,84.69
9/12/2023,2400,3,west,1,ROOT_PFTC7_SITE3_(nogp)_transect_1,11.08,0.08,4,root_to_soil_ratio,0.10933994568426024
9/12/2023,2400,3,west,1,ROOT_PFTC7_SITE3_(nogp)_transect_1,11.08,0.08,4,root_to_soil_and_stone_ratio,0.04821158952465247
9/12/2023,2400,3,west,1,ROOT_PFTC7_SITE3_(nogp)_transect_1,13.16,0.04,5,amplitude,18.9
9/12/2023,2400,3,west,1,ROOT_PFTC7_SITE3_(nogp)_transect_1,13.16,0.04,5,pixel_count,1068
9/12/2023,2400,3,west,1,ROOT_PFTC7_SITE3_(nogp)_transect_1,13.16,0.04,5,sample_depth,13.8
9/12/2023,2400,3,west,1,ROOT_PFTC7_SITE3_(nogp)_transect_1,13.16,0.04,5,soil_depth,25
9/12/2023,2400,3,west,1,ROOT_PFTC7_SITE3_(nogp)_transect_1,13.16,0.04,5,dry_root_mass,5.69
9/12/2023,2400,3,west,1,ROOT_PFTC7_SITE3_(nogp)_transect_1,13.16,0.04,5,stone_mass,133.77
9/12/2023,2400,3,west,1,ROOT_PFTC7_SITE3_(nogp)_transect_1,13.16,0.04,5,dry_soil_mass,116.65
9/12/2023,2400,3,west,1,ROOT_PFTC7_SITE3_(nogp)_transect_1,13.16,0.04,5,root_to_soil_ratio,0.048778396913844835
9/12/2023,2400,3,west,1,ROOT_PFTC7_SITE3_(nogp)_transect_1,13.16,0.04,5,root_to_soil_and_stone_ratio,0.022721827330085455
9/12/2023,2400,3,west,1,ROOT_PFTC7_SITE3_(nogp)_transect_1,14.09,0.07,6,amplitude,8.3
9/12/2023,2400,3,west,1,ROOT_PFTC7_SITE3_(nogp)_transect_1,14.09,0.07,6,pixel_count,771
9/12/2023,2400,3,west,1,ROOT_PFTC7_SITE3_(nogp)_transect_1,14.09,0.07,6,sample_depth,10.5
9/12/2023,2400,3,west,1,ROOT_PFTC7_SITE3_(nogp)_transect_1,14.09,0.07,6,soil_depth,14
9/12/2023,2400,3,west,1,ROOT_PFTC7_SITE3_(nogp)_transect_1,14.09,0.07,6,dry_root_mass,2.57
9/12/2023,2400,3,west,1,ROOT_PFTC7_SITE3_(nogp)_transect_1,14.09,0.07,6,stone_mass,51.06
9/12/2023,2400,3,west,1,ROOT_PFTC7_SITE3_(nogp)_transect_1,14.09,0.07,6,dry_soil_mass,37.2
9/12/2023,2400,3,west,1,ROOT_PFTC7_SITE3_(nogp)_transect_1,14.09,0.07,6,root_to_soil_ratio,0.06908602150537634
9/12/2023,2400,3,west,1,ROOT_PFTC7_SITE3_(nogp)_transect_1,14.09,0.07,6,root_to_soil_and_stone_ratio,0.029118513482891455
9/12/2023,2400,3,west,1,ROOT_PFTC7_SITE3_(nogp)_transect_1,15.08,0.06,7,amplitude,6.3
9/12/2023,2400,3,west,1,ROOT_PFTC7_SITE3_(nogp)_transect_1,15.08,0.06,7,pixel_count,570
9/12/2023,2400,3,west,1,ROOT_PFTC7_SITE3_(nogp)_transect_1,15.08,0.06,7,sample_depth,10
9/12/2023,2400,3,west,1,ROOT_PFTC7_SITE3_(nogp)_transect_1,15.08,0.06,7,soil_depth,35
9/12/2023,2400,3,west,1,ROOT_PFTC7_SITE3_(nogp)_transect_1,15.08,0.06,7,dry_root_mass,3.23
9/12/2023,2400,3,west,1,ROOT_PFTC7_SITE3_(nogp)_transect_1,15.08,0.06,7,stone_mass,38.63
9/12/2023,2400,3,west,1,ROOT_PFTC7_SITE3_(nogp)_transect_1,15.08,0.06,7,dry_soil_mass,44.56
9/12/2023,2400,3,west,1,ROOT_PFTC7_SITE3_(nogp)_transect_1,15.08,0.06,7,root_to_soil_ratio,0.07248653500897666
9/12/2023,2400,3,west,1,ROOT_PFTC7_SITE3_(nogp)_transect_1,15.08,0.06,7,root_to_soil_and_stone_ratio,0.03882678206515206
9/12/2023,2400,3,west,1,ROOT_PFTC7_SITE3_(nogp)_transect_1,17.87,0.09,8,amplitude,11.8
9/12/2023,2400,3,west,1,ROOT_PFTC7_SITE3_(nogp)_transect_1,17.87,0.09,8,pixel_count,1046
9/12/2023,2400,3,west,1,ROOT_PFTC7_SITE3_(nogp)_transect_1,17.87,0.09,8,sample_depth,10
9/12/2023,2400,3,west,1,ROOT_PFTC7_SITE3_(nogp)_transect_1,17.87,0.09,8,soil_depth,29
9/12/2023,2400,3,west,1,ROOT_PFTC7_SITE3_(nogp)_transect_1,17.87,0.09,8,dry_root_mass,2.69
9/12/2023,2400,3,west,1,ROOT_PFTC7_SITE3_(nogp)_transect_1,17.87,0.09,8,stone_mass,63.23
9/12/2023,2400,3,west,1,ROOT_PFTC7_SITE3_(nogp)_transect_1,17.87,0.09,8,dry_soil_mass,52.14
9/12/2023,2400,3,west,1,ROOT_PFTC7_SITE3_(nogp)_transect_1,17.87,0.09,8,root_to_soil_ratio,0.05159186804756425
9/12/2023,2400,3,west,1,ROOT_PFTC7_SITE3_(nogp)_transect_1,17.87,0.09,8,root_to_soil_and_stone_ratio,0.02331628672965242
9/12/2023,2400,3,west,1,ROOT_PFTC7_SITE3_(nogp)_transect_1,18.57,0.05,9,amplitude,39
9/12/2023,2400,3,west,1,ROOT_PFTC7_SITE3_(nogp)_transect_1,18.57,0.05,9,pixel_count,1136
9/12/2023,2400,3,west,1,ROOT_PFTC7_SITE3_(nogp)_transect_1,18.57,0.05,9,sample_depth,9
9/12/2023,2400,3,west,1,ROOT_PFTC7_SITE3_(nogp)_transect_1,18.57,0.05,9,soil_depth,12.5
9/12/2023,2400,3,west,1,ROOT_PFTC7_SITE3_(nogp)_transect_1,18.57,0.05,9,dry_root_mass,1.36
9/12/2023,2400,3,west,1,ROOT_PFTC7_SITE3_(nogp)_transect_1,18.57,0.05,9,stone_mass,53.77
9/12/2023,2400,3,west,1,ROOT_PFTC7_SITE3_(nogp)_transect_1,18.57,0.05,9,dry_soil_mass,46.05
9/12/2023,2400,3,west,1,ROOT_PFTC7_SITE3_(nogp)_transect_1,18.57,0.05,9,root_to_soil_ratio,0.029533116178067323
9/12/2023,2400,3,west,1,ROOT_PFTC7_SITE3_(nogp)_transect_1,18.57,0.05,9,root_to_soil_and_stone_ratio,0.013624524143458227
9/12/2023,2400,3,west,1,ROOT_PFTC7_SITE3_(nogp)_transect_1,19.9,0.07,10,amplitude,20.9
9/12/2023,2400,3,west,1,ROOT_PFTC7_SITE3_(nogp)_transect_1,19.9,0.07,10,pixel_count,2010
9/12/2023,2400,3,west,1,ROOT_PFTC7_SITE3_(nogp)_transect_1,19.9,0.07,10,sample_depth,12
9/12/2023,2400,3,west,1,ROOT_PFTC7_SITE3_(nogp)_transect_1,19.9,0.07,10,soil_depth,17.5
9/12/2023,2400,3,west,1,ROOT_PFTC7_SITE3_(nogp)_transect_1,19.9,0.07,10,dry_root_mass,3.22
9/12/2023,2400,3,west,1,ROOT_PFTC7_SITE3_(nogp)_transect_1,19.9,0.07,10,stone_mass,32.64
9/12/2023,2400,3,west,1,ROOT_PFTC7_SITE3_(nogp)_transect_1,19.9,0.07,10,dry_soil_mass,35.17
9/12/2023,2400,3,west,1,ROOT_PFTC7_SITE3_(nogp)_transect_1,19.9,0.07,10,root_to_soil_ratio,0.09155530281489906
9/12/2023,2400,3,west,1,ROOT_PFTC7_SITE3_(nogp)_transect_1,19.9,0.07,10,root_to_soil_and_stone_ratio,0.04748562158973603
9/12/2023,2400,3,west,2,ROOT_PFTC7_SITE3_(nogp)_transect_2,2.79,0.04,1,amplitude,51.3
9/12/2023,2400,3,west,2,ROOT_PFTC7_SITE3_(nogp)_transect_2,2.79,0.04,1,pixel_count,1559
9/12/2023,2400,3,west,2,ROOT_PFTC7_SITE3_(nogp)_transect_2,2.79,0.04,1,sample_depth,11
9/12/2023,2400,3,west,2,ROOT_PFTC7_SITE3_(nogp)_transect_2,2.79,0.04,1,soil_depth,21
9/12/2023,2400,3,west,2,ROOT_PFTC7_SITE3_(nogp)_transect_2,2.79,0.04,1,dry_root_mass,13.8
9/12/2023,2400,3,west,2,ROOT_PFTC7_SITE3_(nogp)_transect_2,2.79,0.04,1,stone_mass,42.09
9/12/2023,2400,3,west,2,ROOT_PFTC7_SITE3_(nogp)_transect_2,2.79,0.04,1,dry_soil_mass,47.71
9/12/2023,2400,3,west,2,ROOT_PFTC7_SITE3_(nogp)_transect_2,2.79,0.04,1,root_to_soil_ratio,0.2892475372039405
9/12/2023,2400,3,west,2,ROOT_PFTC7_SITE3_(nogp)_transect_2,2.79,0.04,1,root_to_soil_and_stone_ratio,0.15367483296213807
9/12/2023,2400,3,west,2,ROOT_PFTC7_SITE3_(nogp)_transect_2,4.2,0.07,2,amplitude,50
9/12/2023,2400,3,west,2,ROOT_PFTC7_SITE3_(nogp)_transect_2,4.2,0.07,2,pixel_count,1377
9/12/2023,2400,3,west,2,ROOT_PFTC7_SITE3_(nogp)_transect_2,4.2,0.07,2,sample_depth,17.5
9/12/2023,2400,3,west,2,ROOT_PFTC7_SITE3_(nogp)_transect_2,4.2,0.07,2,soil_depth,42
9/12/2023,2400,3,west,2,ROOT_PFTC7_SITE3_(nogp)_transect_2,4.2,0.07,2,dry_root_mass,2.63
9/12/2023,2400,3,west,2,ROOT_PFTC7_SITE3_(nogp)_transect_2,4.2,0.07,2,stone_mass,87.51
9/12/2023,2400,3,west,2,ROOT_PFTC7_SITE3_(nogp)_transect_2,4.2,0.07,2,dry_soil_mass,72.23
9/12/2023,2400,3,west,2,ROOT_PFTC7_SITE3_(nogp)_transect_2,4.2,0.07,2,root_to_soil_ratio,0.03641146338086667
9/12/2023,2400,3,west,2,ROOT_PFTC7_SITE3_(nogp)_transect_2,4.2,0.07,2,root_to_soil_and_stone_ratio,0.01646425441342181
9/12/2023,2400,3,west,2,ROOT_PFTC7_SITE3_(nogp)_transect_2,5.35,0.06,3,amplitude,4.5
9/12/2023,2400,3,west,2,ROOT_PFTC7_SITE3_(nogp)_transect_2,5.35,0.06,3,pixel_count,438
9/12/2023,2400,3,west,2,ROOT_PFTC7_SITE3_(nogp)_transect_2,5.35,0.06,3,sample_depth,10
9/12/2023,2400,3,west,2,ROOT_PFTC7_SITE3_(nogp)_transect_2,5.35,0.06,3,soil_depth,37
9/12/2023,2400,3,west,2,ROOT_PFTC7_SITE3_(nogp)_transect_2,5.35,0.06,3,dry_root_mass,4.38
9/12/2023,2400,3,west,2,ROOT_PFTC7_SITE3_(nogp)_transect_2,5.35,0.06,3,stone_mass,41.31
9/12/2023,2400,3,west,2,ROOT_PFTC7_SITE3_(nogp)_transect_2,5.35,0.06,3,dry_soil_mass,45.02
9/12/2023,2400,3,west,2,ROOT_PFTC7_SITE3_(nogp)_transect_2,5.35,0.06,3,root_to_soil_ratio,0.09729009329187027
9/12/2023,2400,3,west,2,ROOT_PFTC7_SITE3_(nogp)_transect_2,5.35,0.06,3,root_to_soil_and_stone_ratio,0.05073554963512104
9/12/2023,2400,3,west,2,ROOT_PFTC7_SITE3_(nogp)_transect_2,5.89,0.06,4,amplitude,4.1
9/12/2023,2400,3,west,2,ROOT_PFTC7_SITE3_(nogp)_transect_2,5.89,0.06,4,pixel_count,407
9/12/2023,2400,3,west,2,ROOT_PFTC7_SITE3_(nogp)_transect_2,5.89,0.06,4,sample_depth,11
9/12/2023,2400,3,west,2,ROOT_PFTC7_SITE3_(nogp)_transect_2,5.89,0.06,4,soil_depth,45
9/12/2023,2400,3,west,2,ROOT_PFTC7_SITE3_(nogp)_transect_2,5.89,0.06,4,dry_root_mass,2.1
9/12/2023,2400,3,west,2,ROOT_PFTC7_SITE3_(nogp)_transect_2,5.89,0.06,4,stone_mass,58.54
9/12/2023,2400,3,west,2,ROOT_PFTC7_SITE3_(nogp)_transect_2,5.89,0.06,4,dry_soil_mass,48.49
9/12/2023,2400,3,west,2,ROOT_PFTC7_SITE3_(nogp)_transect_2,5.89,0.06,4,root_to_soil_ratio,0.04330789853578057
9/12/2023,2400,3,west,2,ROOT_PFTC7_SITE3_(nogp)_transect_2,5.89,0.06,4,root_to_soil_and_stone_ratio,0.019620667102681493
9/12/2023,2400,3,west,2,ROOT_PFTC7_SITE3_(nogp)_transect_2,8.69,0.05,5,amplitude,6.7
9/12/2023,2400,3,west,2,ROOT_PFTC7_SITE3_(nogp)_transect_2,8.69,0.05,5,pixel_count,346
9/12/2023,2400,3,west,2,ROOT_PFTC7_SITE3_(nogp)_transect_2,8.69,0.05,5,sample_depth,10.5
9/12/2023,2400,3,west,2,ROOT_PFTC7_SITE3_(nogp)_transect_2,8.69,0.05,5,soil_depth,35
9/12/2023,2400,3,west,2,ROOT_PFTC7_SITE3_(nogp)_transect_2,8.69,0.05,5,dry_root_mass,8.47
9/12/2023,2400,3,west,2,ROOT_PFTC7_SITE3_(nogp)_transect_2,8.69,0.05,5,stone_mass,76.78
9/12/2023,2400,3,west,2,ROOT_PFTC7_SITE3_(nogp)_transect_2,8.69,0.05,5,dry_soil_mass,78.39
9/12/2023,2400,3,west,2,ROOT_PFTC7_SITE3_(nogp)_transect_2,8.69,0.05,5,root_to_soil_ratio,0.1080494961091976
9/12/2023,2400,3,west,2,ROOT_PFTC7_SITE3_(nogp)_transect_2,8.69,0.05,5,root_to_soil_and_stone_ratio,0.05458529354901076
9/12/2023,2400,3,west,2,ROOT_PFTC7_SITE3_(nogp)_transect_2,9.73,0.09,6,amplitude,4.5
9/12/2023,2400,3,west,2,ROOT_PFTC7_SITE3_(nogp)_transect_2,9.73,0.09,6,pixel_count,449
9/12/2023,2400,3,west,2,ROOT_PFTC7_SITE3_(nogp)_transect_2,9.73,0.09,6,sample_depth,11
9/12/2023,2400,3,west,2,ROOT_PFTC7_SITE3_(nogp)_transect_2,9.73,0.09,6,soil_depth,31
9/12/2023,2400,3,west,2,ROOT_PFTC7_SITE3_(nogp)_transect_2,9.73,0.09,6,dry_root_mass,14.33
9/12/2023,2400,3,west,2,ROOT_PFTC7_SITE3_(nogp)_transect_2,9.73,0.09,6,stone_mass,47.94
9/12/2023,2400,3,west,2,ROOT_PFTC7_SITE3_(nogp)_transect_2,9.73,0.09,6,dry_soil_mass,96.25
9/12/2023,2400,3,west,2,ROOT_PFTC7_SITE3_(nogp)_transect_2,9.73,0.09,6,root_to_soil_ratio,0.1488831168831169
9/12/2023,2400,3,west,2,ROOT_PFTC7_SITE3_(nogp)_transect_2,9.73,0.09,6,root_to_soil_and_stone_ratio,0.09938275885983772
9/12/2023,2400,3,west,2,ROOT_PFTC7_SITE3_(nogp)_transect_2,11.38,0.1,7,amplitude,3.7
9/12/2023,2400,3,west,2,ROOT_PFTC7_SITE3_(nogp)_transect_2,11.38,0.1,7,pixel_count,292
9/12/2023,2400,3,west,2,ROOT_PFTC7_SITE3_(nogp)_transect_2,11.38,0.1,7,sample_depth,10
9/12/2023,2400,3,west,2,ROOT_PFTC7_SITE3_(nogp)_transect_2,11.38,0.1,7,soil_depth,35
9/12/2023,2400,3,west,2,ROOT_PFTC7_SITE3_(nogp)_transect_2,11.38,0.1,7,dry_root_mass,7.99
9/12/2023,2400,3,west,2,ROOT_PFTC7_SITE3_(nogp)_transect_2,11.38,0.1,7,stone_mass,42.42
9/12/2023,2400,3,west,2,ROOT_PFTC7_SITE3_(nogp)_transect_2,11.38,0.1,7,dry_soil_mass,36.65
9/12/2023,2400,3,west,2,ROOT_PFTC7_SITE3_(nogp)_transect_2,11.38,0.1,7,root_to_soil_ratio,0.21800818553888132
9/12/2023,2400,3,west,2,ROOT_PFTC7_SITE3_(nogp)_transect_2,11.38,0.1,7,root_to_soil_and_stone_ratio,0.10104970279499179
9/12/2023,2400,3,west,2,ROOT_PFTC7_SITE3_(nogp)_transect_2,12.72,0.06,8,amplitude,5.5
9/12/2023,2400,3,west,2,ROOT_PFTC7_SITE3_(nogp)_transect_2,12.72,0.06,8,pixel_count,725
9/12/2023,2400,3,west,2,ROOT_PFTC7_SITE3_(nogp)_transect_2,12.72,0.06,8,sample_depth,11
9/12/2023,2400,3,west,2,ROOT_PFTC7_SITE3_(nogp)_transect_2,12.72,0.06,8,soil_depth,27
9/12/2023,2400,3,west,2,ROOT_PFTC7_SITE3_(nogp)_transect_2,12.72,0.06,8,dry_root_mass,4.75
9/12/2023,2400,3,west,2,ROOT_PFTC7_SITE3_(nogp)_transect_2,12.72,0.06,8,stone_mass,57.92
9/12/2023,2400,3,west,2,ROOT_PFTC7_SITE3_(nogp)_transect_2,12.72,0.06,8,dry_soil_mass,72.56
9/12/2023,2400,3,west,2,ROOT_PFTC7_SITE3_(nogp)_transect_2,12.72,0.06,8,root_to_soil_ratio,0.0654630650496141
9/12/2023,2400,3,west,2,ROOT_PFTC7_SITE3_(nogp)_transect_2,12.72,0.06,8,root_to_soil_and_stone_ratio,0.03640404659717964
9/12/2023,2400,3,west,2,ROOT_PFTC7_SITE3_(nogp)_transect_2,16.13,0.09,9,amplitude,7
9/12/2023,2400,3,west,2,ROOT_PFTC7_SITE3_(nogp)_transect_2,16.13,0.09,9,pixel_count,332
9/12/2023,2400,3,west,2,ROOT_PFTC7_SITE3_(nogp)_transect_2,16.13,0.09,9,sample_depth,16
9/12/2023,2400,3,west,2,ROOT_PFTC7_SITE3_(nogp)_transect_2,16.13,0.09,9,soil_depth,26
9/12/2023,2400,3,west,2,ROOT_PFTC7_SITE3_(nogp)_transect_2,16.13,0.09,9,dry_root_mass,3.53
9/12/2023,2400,3,west,2,ROOT_PFTC7_SITE3_(nogp)_transect_2,16.13,0.09,9,stone_mass,115.92
9/12/2023,2400,3,west,2,ROOT_PFTC7_SITE3_(nogp)_transect_2,16.13,0.09,9,dry_soil_mass,66.53
9/12/2023,2400,3,west,2,ROOT_PFTC7_SITE3_(nogp)_transect_2,16.13,0.09,9,root_to_soil_ratio,0.05305877047948294
9/12/2023,2400,3,west,2,ROOT_PFTC7_SITE3_(nogp)_transect_2,16.13,0.09,9,root_to_soil_and_stone_ratio,0.019347766511372978
9/12/2023,2400,3,west,2,ROOT_PFTC7_SITE3_(nogp)_transect_2,19.68,0.06,10,amplitude,8.5
9/12/2023,2400,3,west,2,ROOT_PFTC7_SITE3_(nogp)_transect_2,19.68,0.06,10,pixel_count,717
9/12/2023,2400,3,west,2,ROOT_PFTC7_SITE3_(nogp)_transect_2,19.68,0.06,10,sample_depth,12
9/12/2023,2400,3,west,2,ROOT_PFTC7_SITE3_(nogp)_transect_2,19.68,0.06,10,soil_depth,37
9/12/2023,2400,3,west,2,ROOT_PFTC7_SITE3_(nogp)_transect_2,19.68,0.06,10,dry_root_mass,8.42
9/12/2023,2400,3,west,2,ROOT_PFTC7_SITE3_(nogp)_transect_2,19.68,0.06,10,stone_mass,41.5
9/12/2023,2400,3,west,2,ROOT_PFTC7_SITE3_(nogp)_transect_2,19.68,0.06,10,dry_soil_mass,69.16
9/12/2023,2400,3,west,2,ROOT_PFTC7_SITE3_(nogp)_transect_2,19.68,0.06,10,root_to_soil_ratio,0.12174667437825333
9/12/2023,2400,3,west,2,ROOT_PFTC7_SITE3_(nogp)_transect_2,19.68,0.06,10,root_to_soil_and_stone_ratio,0.07608892101933852
14/12/2023,2600,4,west,1,ROOT_PFTC7_SITE4_(nogp)_transect_1,2.28,0.03,1,amplitude,7.3
14/12/2023,2600,4,west,1,ROOT_PFTC7_SITE4_(nogp)_transect_1,2.28,0.03,1,pixel_count,432
14/12/2023,2600,4,west,1,ROOT_PFTC7_SITE4_(nogp)_transect_1,2.28,0.03,1,sample_depth,13
14/12/2023,2600,4,west,1,ROOT_PFTC7_SITE4_(nogp)_transect_1,2.28,0.03,1,soil_depth,15
14/12/2023,2600,4,west,1,ROOT_PFTC7_SITE4_(nogp)_transect_1,2.28,0.03,1,dry_root_mass,4.31
14/12/2023,2600,4,west,1,ROOT_PFTC7_SITE4_(nogp)_transect_1,2.28,0.03,1,stone_mass,100.97
14/12/2023,2600,4,west,1,ROOT_PFTC7_SITE4_(nogp)_transect_1,2.28,0.03,1,dry_soil_mass,87.33
14/12/2023,2600,4,west,1,ROOT_PFTC7_SITE4_(nogp)_transect_1,2.28,0.03,1,root_to_soil_ratio,0.04935302874155502
14/12/2023,2600,4,west,1,ROOT_PFTC7_SITE4_(nogp)_transect_1,2.28,0.03,1,root_to_soil_and_stone_ratio,0.02288900690387679
14/12/2023,2600,4,west,1,ROOT_PFTC7_SITE4_(nogp)_transect_1,6.61,0.04,2,amplitude,10.4
14/12/2023,2600,4,west,1,ROOT_PFTC7_SITE4_(nogp)_transect_1,6.61,0.04,2,pixel_count,1036
14/12/2023,2600,4,west,1,ROOT_PFTC7_SITE4_(nogp)_transect_1,6.61,0.04,2,sample_depth,7
14/12/2023,2600,4,west,1,ROOT_PFTC7_SITE4_(nogp)_transect_1,6.61,0.04,2,soil_depth,9.5
14/12/2023,2600,4,west,1,ROOT_PFTC7_SITE4_(nogp)_transect_1,6.61,0.04,2,dry_root_mass,3.42
14/12/2023,2600,4,west,1,ROOT_PFTC7_SITE4_(nogp)_transect_1,6.61,0.04,2,stone_mass,75.55
14/12/2023,2600,4,west,1,ROOT_PFTC7_SITE4_(nogp)_transect_1,6.61,0.04,2,dry_soil_mass,59.01
14/12/2023,2600,4,west,1,ROOT_PFTC7_SITE4_(nogp)_transect_1,6.61,0.04,2,root_to_soil_ratio,0.057956278596847995
14/12/2023,2600,4,west,1,ROOT_PFTC7_SITE4_(nogp)_transect_1,6.61,0.04,2,root_to_soil_and_stone_ratio,0.02541617122473246
14/12/2023,2600,4,west,1,ROOT_PFTC7_SITE4_(nogp)_transect_1,8.53,0.05,3,amplitude,4.5
14/12/2023,2600,4,west,1,ROOT_PFTC7_SITE4_(nogp)_transect_1,8.53,0.05,3,pixel_count,634
14/12/2023,2600,4,west,1,ROOT_PFTC7_SITE4_(nogp)_transect_1,8.53,0.05,3,sample_depth,9
14/12/2023,2600,4,west,1,ROOT_PFTC7_SITE4_(nogp)_transect_1,8.53,0.05,3,soil_depth,10.5
14/12/2023,2600,4,west,1,ROOT_PFTC7_SITE4_(nogp)_transect_1,8.53,0.05,3,dry_root_mass,3.92
14/12/2023,2600,4,west,1,ROOT_PFTC7_SITE4_(nogp)_transect_1,8.53,0.05,3,stone_mass,87.88
14/12/2023,2600,4,west,1,ROOT_PFTC7_SITE4_(nogp)_transect_1,8.53,0.05,3,dry_soil_mass,92.44
14/12/2023,2600,4,west,1,ROOT_PFTC7_SITE4_(nogp)_transect_1,8.53,0.05,3,root_to_soil_ratio,0.04240588489831242
14/12/2023,2600,4,west,1,ROOT_PFTC7_SITE4_(nogp)_transect_1,8.53,0.05,3,root_to_soil_and_stone_ratio,0.021739130434782608
14/12/2023,2600,4,west,1,ROOT_PFTC7_SITE4_(nogp)_transect_1,10.61,0.06,4,amplitude,3.1
14/12/2023,2600,4,west,1,ROOT_PFTC7_SITE4_(nogp)_transect_1,10.61,0.06,4,pixel_count,447
14/12/2023,2600,4,west,1,ROOT_PFTC7_SITE4_(nogp)_transect_1,10.61,0.06,4,sample_depth,10
14/12/2023,2600,4,west,1,ROOT_PFTC7_SITE4_(nogp)_transect_1,10.61,0.06,4,soil_depth,17
14/12/2023,2600,4,west,1,ROOT_PFTC7_SITE4_(nogp)_transect_1,10.61,0.06,4,dry_root_mass,8.69
14/12/2023,2600,4,west,1,ROOT_PFTC7_SITE4_(nogp)_transect_1,10.61,0.06,4,stone_mass,91.66
14/12/2023,2600,4,west,1,ROOT_PFTC7_SITE4_(nogp)_transect_1,10.61,0.06,4,dry_soil_mass,79.38
14/12/2023,2600,4,west,1,ROOT_PFTC7_SITE4_(nogp)_transect_1,10.61,0.06,4,root_to_soil_ratio,0.10947341899722852
14/12/2023,2600,4,west,1,ROOT_PFTC7_SITE4_(nogp)_transect_1,10.61,0.06,4,root_to_soil_and_stone_ratio,0.050806828811973806
14/12/2023,2600,4,west,1,ROOT_PFTC7_SITE4_(nogp)_transect_1,11.46,0.04,5,amplitude,8.8
14/12/2023,2600,4,west,1,ROOT_PFTC7_SITE4_(nogp)_transect_1,11.46,0.04,5,pixel_count,3745
14/12/2023,2600,4,west,1,ROOT_PFTC7_SITE4_(nogp)_transect_1,11.46,0.04,5,sample_depth,6.5
14/12/2023,2600,4,west,1,ROOT_PFTC7_SITE4_(nogp)_transect_1,11.46,0.04,5,soil_depth,6.5
14/12/2023,2600,4,west,1,ROOT_PFTC7_SITE4_(nogp)_transect_1,11.46,0.04,5,dry_root_mass,2.49
14/12/2023,2600,4,west,1,ROOT_PFTC7_SITE4_(nogp)_transect_1,11.46,0.04,5,stone_mass,75.09
14/12/2023,2600,4,west,1,ROOT_PFTC7_SITE4_(nogp)_transect_1,11.46,0.04,5,dry_soil_mass,51.73
14/12/2023,2600,4,west,1,ROOT_PFTC7_SITE4_(nogp)_transect_1,11.46,0.04,5,root_to_soil_ratio,0.04813454475159483
14/12/2023,2600,4,west,1,ROOT_PFTC7_SITE4_(nogp)_transect_1,11.46,0.04,5,root_to_soil_and_stone_ratio,0.01963412710928876
14/12/2023,2600,4,west,1,ROOT_PFTC7_SITE4_(nogp)_transect_1,12.14,0.05,6,amplitude,6.1
14/12/2023,2600,4,west,1,ROOT_PFTC7_SITE4_(nogp)_transect_1,12.14,0.05,6,pixel_count,2485
14/12/2023,2600,4,west,1,ROOT_PFTC7_SITE4_(nogp)_transect_1,12.14,0.05,6,sample_depth,9.5
14/12/2023,2600,4,west,1,ROOT_PFTC7_SITE4_(nogp)_transect_1,12.14,0.05,6,soil_depth,9.8
14/12/2023,2600,4,west,1,ROOT_PFTC7_SITE4_(nogp)_transect_1,12.14,0.05,6,dry_root_mass,6.06
14/12/2023,2600,4,west,1,ROOT_PFTC7_SITE4_(nogp)_transect_1,12.14,0.05,6,stone_mass,129.41
14/12/2023,2600,4,west,1,ROOT_PFTC7_SITE4_(nogp)_transect_1,12.14,0.05,6,dry_soil_mass,96.71
14/12/2023,2600,4,west,1,ROOT_PFTC7_SITE4_(nogp)_transect_1,12.14,0.05,6,root_to_soil_ratio,0.0626615655051184
14/12/2023,2600,4,west,1,ROOT_PFTC7_SITE4_(nogp)_transect_1,12.14,0.05,6,root_to_soil_and_stone_ratio,0.026799929241110913
14/12/2023,2600,4,west,1,ROOT_PFTC7_SITE4_(nogp)_transect_1,14.32,0.04,7,amplitude,8.9
14/12/2023,2600,4,west,1,ROOT_PFTC7_SITE4_(nogp)_transect_1,14.32,0.04,7,pixel_count,1854
14/12/2023,2600,4,west,1,ROOT_PFTC7_SITE4_(nogp)_transect_1,14.32,0.04,7,sample_depth,5
14/12/2023,2600,4,west,1,ROOT_PFTC7_SITE4_(nogp)_transect_1,14.32,0.04,7,soil_depth,9
14/12/2023,2600,4,west,1,ROOT_PFTC7_SITE4_(nogp)_transect_1,14.32,0.04,7,dry_root_mass,1.51
14/12/2023,2600,4,west,1,ROOT_PFTC7_SITE4_(nogp)_transect_1,14.32,0.04,7,stone_mass,64.59
14/12/2023,2600,4,west,1,ROOT_PFTC7_SITE4_(nogp)_transect_1,14.32,0.04,7,dry_soil_mass,56.51
14/12/2023,2600,4,west,1,ROOT_PFTC7_SITE4_(nogp)_transect_1,14.32,0.04,7,root_to_soil_ratio,0.026720934347903028
14/12/2023,2600,4,west,1,ROOT_PFTC7_SITE4_(nogp)_transect_1,14.32,0.04,7,root_to_soil_and_stone_ratio,0.012469033856317095
14/12/2023,2600,4,west,1,ROOT_PFTC7_SITE4_(nogp)_transect_1,15.29,0.07,8,amplitude,3.1
14/12/2023,2600,4,west,1,ROOT_PFTC7_SITE4_(nogp)_transect_1,15.29,0.07,8,pixel_count,235
14/12/2023,2600,4,west,1,ROOT_PFTC7_SITE4_(nogp)_transect_1,15.29,0.07,8,sample_depth,8
14/12/2023,2600,4,west,1,ROOT_PFTC7_SITE4_(nogp)_transect_1,15.29,0.07,8,soil_depth,13
14/12/2023,2600,4,west,1,ROOT_PFTC7_SITE4_(nogp)_transect_1,15.29,0.07,8,dry_root_mass,9.82
14/12/2023,2600,4,west,1,ROOT_PFTC7_SITE4_(nogp)_transect_1,15.29,0.07,8,stone_mass,139.28
14/12/2023,2600,4,west,1,ROOT_PFTC7_SITE4_(nogp)_transect_1,15.29,0.07,8,dry_soil_mass,91.52
14/12/2023,2600,4,west,1,ROOT_PFTC7_SITE4_(nogp)_transect_1,15.29,0.07,8,root_to_soil_ratio,0.10729895104895106
14/12/2023,2600,4,west,1,ROOT_PFTC7_SITE4_(nogp)_transect_1,15.29,0.07,8,root_to_soil_and_stone_ratio,0.042547660311958405
14/12/2023,2600,4,west,1,ROOT_PFTC7_SITE4_(nogp)_transect_1,17.42,0.06,9,amplitude,11.9
14/12/2023,2600,4,west,1,ROOT_PFTC7_SITE4_(nogp)_transect_1,17.42,0.06,9,pixel_count,1851
14/12/2023,2600,4,west,1,ROOT_PFTC7_SITE4_(nogp)_transect_1,17.42,0.06,9,sample_depth,10
14/12/2023,2600,4,west,1,ROOT_PFTC7_SITE4_(nogp)_transect_1,17.42,0.06,9,soil_depth,11
14/12/2023,2600,4,west,1,ROOT_PFTC7_SITE4_(nogp)_transect_1,17.42,0.06,9,dry_root_mass,3.15
14/12/2023,2600,4,west,1,ROOT_PFTC7_SITE4_(nogp)_transect_1,17.42,0.06,9,stone_mass,100.45
14/12/2023,2600,4,west,1,ROOT_PFTC7_SITE4_(nogp)_transect_1,17.42,0.06,9,dry_soil_mass,71.2
14/12/2023,2600,4,west,1,ROOT_PFTC7_SITE4_(nogp)_transect_1,17.42,0.06,9,root_to_soil_ratio,0.04424157303370786
14/12/2023,2600,4,west,1,ROOT_PFTC7_SITE4_(nogp)_transect_1,17.42,0.06,9,root_to_soil_and_stone_ratio,0.018351296242353626
14/12/2023,2600,4,west,1,ROOT_PFTC7_SITE4_(nogp)_transect_1,18.24,0.04,10,amplitude,10.1
14/12/2023,2600,4,west,1,ROOT_PFTC7_SITE4_(nogp)_transect_1,18.24,0.04,10,pixel_count,2317
14/12/2023,2600,4,west,1,ROOT_PFTC7_SITE4_(nogp)_transect_1,18.24,0.04,10,sample_depth,9
14/12/2023,2600,4,west,1,ROOT_PFTC7_SITE4_(nogp)_transect_1,18.24,0.04,10,soil_depth,9
14/12/2023,2600,4,west,1,ROOT_PFTC7_SITE4_(nogp)_transect_1,18.24,0.04,10,dry_root_mass,1.93
14/12/2023,2600,4,west,1,ROOT_PFTC7_SITE4_(nogp)_transect_1,18.24,0.04,10,stone_mass,142.31
14/12/2023,2600,4,west,1,ROOT_PFTC7_SITE4_(nogp)_transect_1,18.24,0.04,10,dry_soil_mass,96.17
14/12/2023,2600,4,west,1,ROOT_PFTC7_SITE4_(nogp)_transect_1,18.24,0.04,10,root_to_soil_ratio,0.020068628470416967
14/12/2023,2600,4,west,1,ROOT_PFTC7_SITE4_(nogp)_transect_1,18.24,0.04,10,root_to_soil_and_stone_ratio,0.008092921838309291
14/12/2023,2600,4,west,2,ROOT_PFTC7_SITE4_(nogp)_transect_2,0.75,0.05,1,amplitude,16.5
14/12/2023,2600,4,west,2,ROOT_PFTC7_SITE4_(nogp)_transect_2,0.75,0.05,1,pixel_count,1686
14/12/2023,2600,4,west,2,ROOT_PFTC7_SITE4_(nogp)_transect_2,0.75,0.05,1,sample_depth,10
14/12/2023,2600,4,west,2,ROOT_PFTC7_SITE4_(nogp)_transect_2,0.75,0.05,1,soil_depth,35
14/12/2023,2600,4,west,2,ROOT_PFTC7_SITE4_(nogp)_transect_2,0.75,0.05,1,dry_root_mass,8.58
14/12/2023,2600,4,west,2,ROOT_PFTC7_SITE4_(nogp)_transect_2,0.75,0.05,1,stone_mass,55.1
14/12/2023,2600,4,west,2,ROOT_PFTC7_SITE4_(nogp)_transect_2,0.75,0.05,1,dry_soil_mass,46.99
14/12/2023,2600,4,west,2,ROOT_PFTC7_SITE4_(nogp)_transect_2,0.75,0.05,1,root_to_soil_ratio,0.1825920408597574
14/12/2023,2600,4,west,2,ROOT_PFTC7_SITE4_(nogp)_transect_2,0.75,0.05,1,root_to_soil_and_stone_ratio,0.08404349103732
14/12/2023,2600,4,west,2,ROOT_PFTC7_SITE4_(nogp)_transect_2,1.55,0.05,2,amplitude,2
14/12/2023,2600,4,west,2,ROOT_PFTC7_SITE4_(nogp)_transect_2,1.55,0.05,2,pixel_count,216
14/12/2023,2600,4,west,2,ROOT_PFTC7_SITE4_(nogp)_transect_2,1.55,0.05,2,sample_depth,13
14/12/2023,2600,4,west,2,ROOT_PFTC7_SITE4_(nogp)_transect_2,1.55,0.05,2,soil_depth,47
14/12/2023,2600,4,west,2,ROOT_PFTC7_SITE4_(nogp)_transect_2,1.55,0.05,2,dry_root_mass,7.71
14/12/2023,2600,4,west,2,ROOT_PFTC7_SITE4_(nogp)_transect_2,1.55,0.05,2,stone_mass,62.61
14/12/2023,2600,4,west,2,ROOT_PFTC7_SITE4_(nogp)_transect_2,1.55,0.05,2,dry_soil_mass,68.49
14/12/2023,2600,4,west,2,ROOT_PFTC7_SITE4_(nogp)_transect_2,1.55,0.05,2,root_to_soil_ratio,0.11257117827420061
14/12/2023,2600,4,west,2,ROOT_PFTC7_SITE4_(nogp)_transect_2,1.55,0.05,2,root_to_soil_and_stone_ratio,0.05881006864988558
14/12/2023,2600,4,west,2,ROOT_PFTC7_SITE4_(nogp)_transect_2,2.34,0.05,3,amplitude,1.9
14/12/2023,2600,4,west,2,ROOT_PFTC7_SITE4_(nogp)_transect_2,2.34,0.05,3,pixel_count,706
14/12/2023,2600,4,west,2,ROOT_PFTC7_SITE4_(nogp)_transect_2,2.34,0.05,3,sample_depth,10
14/12/2023,2600,4,west,2,ROOT_PFTC7_SITE4_(nogp)_transect_2,2.34,0.05,3,soil_depth,40
14/12/2023,2600,4,west,2,ROOT_PFTC7_SITE4_(nogp)_transect_2,2.34,0.05,3,dry_root_mass,3.86
14/12/2023,2600,4,west,2,ROOT_PFTC7_SITE4_(nogp)_transect_2,2.34,0.05,3,stone_mass,69.09
14/12/2023,2600,4,west,2,ROOT_PFTC7_SITE4_(nogp)_transect_2,2.34,0.05,3,dry_soil_mass,62.69
14/12/2023,2600,4,west,2,ROOT_PFTC7_SITE4_(nogp)_transect_2,2.34,0.05,3,root_to_soil_ratio,0.061572818631360667
14/12/2023,2600,4,west,2,ROOT_PFTC7_SITE4_(nogp)_transect_2,2.34,0.05,3,root_to_soil_and_stone_ratio,0.02929124298072545
14/12/2023,2600,4,west,2,ROOT_PFTC7_SITE4_(nogp)_transect_2,3.37,0.04,4,amplitude,36.5
14/12/2023,2600,4,west,2,ROOT_PFTC7_SITE4_(nogp)_transect_2,3.37,0.04,4,pixel_count,3255
14/12/2023,2600,4,west,2,ROOT_PFTC7_SITE4_(nogp)_transect_2,3.37,0.04,4,sample_depth,11
14/12/2023,2600,4,west,2,ROOT_PFTC7_SITE4_(nogp)_transect_2,3.37,0.04,4,soil_depth,40
14/12/2023,2600,4,west,2,ROOT_PFTC7_SITE4_(nogp)_transect_2,3.37,0.04,4,dry_root_mass,4.48
14/12/2023,2600,4,west,2,ROOT_PFTC7_SITE4_(nogp)_transect_2,3.37,0.04,4,stone_mass,78
14/12/2023,2600,4,west,2,ROOT_PFTC7_SITE4_(nogp)_transect_2,3.37,0.04,4,dry_soil_mass,62.77
14/12/2023,2600,4,west,2,ROOT_PFTC7_SITE4_(nogp)_transect_2,3.37,0.04,4,root_to_soil_ratio,0.07137167436673571
14/12/2023,2600,4,west,2,ROOT_PFTC7_SITE4_(nogp)_transect_2,3.37,0.04,4,root_to_soil_and_stone_ratio,0.03182496270512183
14/12/2023,2600,4,west,2,ROOT_PFTC7_SITE4_(nogp)_transect_2,4.52,0.05,5,amplitude,3.9
14/12/2023,2600,4,west,2,ROOT_PFTC7_SITE4_(nogp)_transect_2,4.52,0.05,5,pixel_count,536
14/12/2023,2600,4,west,2,ROOT_PFTC7_SITE4_(nogp)_transect_2,4.52,0.05,5,sample_depth,11.5
14/12/2023,2600,4,west,2,ROOT_PFTC7_SITE4_(nogp)_transect_2,4.52,0.05,5,soil_depth,43
14/12/2023,2600,4,west,2,ROOT_PFTC7_SITE4_(nogp)_transect_2,4.52,0.05,5,dry_root_mass,3.56
14/12/2023,2600,4,west,2,ROOT_PFTC7_SITE4_(nogp)_transect_2,4.52,0.05,5,stone_mass,79.26
14/12/2023,2600,4,west,2,ROOT_PFTC7_SITE4_(nogp)_transect_2,4.52,0.05,5,dry_soil_mass,70.32
14/12/2023,2600,4,west,2,ROOT_PFTC7_SITE4_(nogp)_transect_2,4.52,0.05,5,root_to_soil_ratio,0.050625711035267355
14/12/2023,2600,4,west,2,ROOT_PFTC7_SITE4_(nogp)_transect_2,4.52,0.05,5,root_to_soil_and_stone_ratio,0.023799973258457015
14/12/2023,2600,4,west,2,ROOT_PFTC7_SITE4_(nogp)_transect_2,8.37,0.08,6,amplitude,1.4
14/12/2023,2600,4,west,2,ROOT_PFTC7_SITE4_(nogp)_transect_2,8.37,0.08,6,pixel_count,206
14/12/2023,2600,4,west,2,ROOT_PFTC7_SITE4_(nogp)_transect_2,8.37,0.08,6,sample_depth,11
14/12/2023,2600,4,west,2,ROOT_PFTC7_SITE4_(nogp)_transect_2,8.37,0.08,6,soil_depth,55
14/12/2023,2600,4,west,2,ROOT_PFTC7_SITE4_(nogp)_transect_2,8.37,0.08,6,dry_root_mass,8.14
14/12/2023,2600,4,west,2,ROOT_PFTC7_SITE4_(nogp)_transect_2,8.37,0.08,6,stone_mass,141.35
14/12/2023,2600,4,west,2,ROOT_PFTC7_SITE4_(nogp)_transect_2,8.37,0.08,6,dry_soil_mass,68.49
14/12/2023,2600,4,west,2,ROOT_PFTC7_SITE4_(nogp)_transect_2,8.37,0.08,6,root_to_soil_ratio,0.1188494670754855
14/12/2023,2600,4,west,2,ROOT_PFTC7_SITE4_(nogp)_transect_2,8.37,0.08,6,root_to_soil_and_stone_ratio,0.038791460160122006
14/12/2023,2600,4,west,2,ROOT_PFTC7_SITE4_(nogp)_transect_2,10.84,0.05,7,amplitude,1.8
14/12/2023,2600,4,west,2,ROOT_PFTC7_SITE4_(nogp)_transect_2,10.84,0.05,7,pixel_count,173
14/12/2023,2600,4,west,2,ROOT_PFTC7_SITE4_(nogp)_transect_2,10.84,0.05,7,sample_depth,11
14/12/2023,2600,4,west,2,ROOT_PFTC7_SITE4_(nogp)_transect_2,10.84,0.05,7,soil_depth,60
14/12/2023,2600,4,west,2,ROOT_PFTC7_SITE4_(nogp)_transect_2,10.84,0.05,7,dry_root_mass,5.38
14/12/2023,2600,4,west,2,ROOT_PFTC7_SITE4_(nogp)_transect_2,10.84,0.05,7,stone_mass,81.13
14/12/2023,2600,4,west,2,ROOT_PFTC7_SITE4_(nogp)_transect_2,10.84,0.05,7,dry_soil_mass,72.8
14/12/2023,2600,4,west,2,ROOT_PFTC7_SITE4_(nogp)_transect_2,10.84,0.05,7,root_to_soil_ratio,0.0739010989010989
14/12/2023,2600,4,west,2,ROOT_PFTC7_SITE4_(nogp)_transect_2,10.84,0.05,7,root_to_soil_and_stone_ratio,0.03495095173130643
14/12/2023,2600,4,west,2,ROOT_PFTC7_SITE4_(nogp)_transect_2,12.57,0.08,8,amplitude,1.2
14/12/2023,2600,4,west,2,ROOT_PFTC7_SITE4_(nogp)_transect_2,12.57,0.08,8,pixel_count,300
14/12/2023,2600,4,west,2,ROOT_PFTC7_SITE4_(nogp)_transect_2,12.57,0.08,8,sample_depth,12
14/12/2023,2600,4,west,2,ROOT_PFTC7_SITE4_(nogp)_transect_2,12.57,0.08,8,soil_depth,42
14/12/2023,2600,4,west,2,ROOT_PFTC7_SITE4_(nogp)_transect_2,12.57,0.08,8,dry_root_mass,11.11
14/12/2023,2600,4,west,2,ROOT_PFTC7_SITE4_(nogp)_transect_2,12.57,0.08,8,stone_mass,97.91
14/12/2023,2600,4,west,2,ROOT_PFTC7_SITE4_(nogp)_transect_2,12.57,0.08,8,dry_soil_mass,110.19
14/12/2023,2600,4,west,2,ROOT_PFTC7_SITE4_(nogp)_transect_2,12.57,0.08,8,root_to_soil_ratio,0.10082584626554134
14/12/2023,2600,4,west,2,ROOT_PFTC7_SITE4_(nogp)_transect_2,12.57,0.08,8,root_to_soil_and_stone_ratio,0.053387794329649206
14/12/2023,2600,4,west,2,ROOT_PFTC7_SITE4_(nogp)_transect_2,14.85,0.06,9,amplitude,2.3
14/12/2023,2600,4,west,2,ROOT_PFTC7_SITE4_(nogp)_transect_2,14.85,0.06,9,pixel_count,477
14/12/2023,2600,4,west,2,ROOT_PFTC7_SITE4_(nogp)_transect_2,14.85,0.06,9,sample_depth,13
14/12/2023,2600,4,west,2,ROOT_PFTC7_SITE4_(nogp)_transect_2,14.85,0.06,9,soil_depth,36
14/12/2023,2600,4,west,2,ROOT_PFTC7_SITE4_(nogp)_transect_2,14.85,0.06,9,dry_root_mass,2.32
14/12/2023,2600,4,west,2,ROOT_PFTC7_SITE4_(nogp)_transect_2,14.85,0.06,9,stone_mass,160.86
14/12/2023,2600,4,west,2,ROOT_PFTC7_SITE4_(nogp)_transect_2,14.85,0.06,9,dry_soil_mass,103.87
14/12/2023,2600,4,west,2,ROOT_PFTC7_SITE4_(nogp)_transect_2,14.85,0.06,9,root_to_soil_ratio,0.022335611822470392
14/12/2023,2600,4,west,2,ROOT_PFTC7_SITE4_(nogp)_transect_2,14.85,0.06,9,root_to_soil_and_stone_ratio,0.00876364597892192
14/12/2023,2600,4,west,2,ROOT_PFTC7_SITE4_(nogp)_transect_2,18.15,0.09,10,amplitude,1.8
14/12/2023,2600,4,west,2,ROOT_PFTC7_SITE4_(nogp)_transect_2,18.15,0.09,10,pixel_count,626
14/12/2023,2600,4,west,2,ROOT_PFTC7_SITE4_(nogp)_transect_2,18.15,0.09,10,sample_depth,15
14/12/2023,2600,4,west,2,ROOT_PFTC7_SITE4_(nogp)_transect_2,18.15,0.09,10,soil_depth,34
14/12/2023,2600,4,west,2,ROOT_PFTC7_SITE4_(nogp)_transect_2,18.15,0.09,10,dry_root_mass,3.68
14/12/2023,2600,4,west,2,ROOT_PFTC7_SITE4_(nogp)_transect_2,18.15,0.09,10,stone_mass,151.89
14/12/2023,2600,4,west,2,ROOT_PFTC7_SITE4_(nogp)_transect_2,18.15,0.09,10,dry_soil_mass,75.73
14/12/2023,2600,4,west,2,ROOT_PFTC7_SITE4_(nogp)_transect_2,18.15,0.09,10,root_to_soil_ratio,0.0485936881024693
14/12/2023,2600,4,west,2,ROOT_PFTC7_SITE4_(nogp)_transect_2,18.15,0.09,10,root_to_soil_and_stone_ratio,0.01616729637114489
