SCAN FILE,SITE,TRANSECT,SLOPE, TYPE, POSITION (m), DEPTH (m), AMPLITUDE, PIXEL COUNT
ROOT_PFTC7_SITE1_(nogp)_0001,1,1,west, DETECT,0.1,0.05,3,676
ROOT_PFTC7_SITE1_(nogp)_0001,1,1,west, DETECT,0.35,0.06,1.1,238
ROOT_PFTC7_SITE1_(nogp)_0001,1,1,west, DETECT,0.52,0.07,3.2,454
ROOT_PFTC7_SITE1_(nogp)_0001,1,1,west, DETECT,0.75,0.06,2.7,489
ROOT_PFTC7_SITE1_(nogp)_0001,1,1,west, DETECT,0.84,0.02,13.2,2715
ROOT_PFTC7_SITE1_(nogp)_0001,1,1,west, DETECT,0.95,0.04,3.3,742
ROOT_PFTC7_SITE1_(nogp)_0001,1,1,west, DETECT,1.05,0.08,1.2,305
ROOT_PFTC7_SITE1_(nogp)_0001,1,1,west, DETECT,1.19,0.07,1.9,598
ROOT_PFTC7_SITE1_(nogp)_0001,1,1,west, DETECT,1.32,0.11,1.2,418
ROOT_PFTC7_SITE1_(nogp)_0001,1,1,west, DETECT,1.46,0.06,3.6,661
ROOT_PFTC7_SITE1_(nogp)_0001,1,1,west, DETECT,1.55,0.03,20,390
ROOT_PFTC7_SITE1_(nogp)_0001,1,1,west, DETECT,1.58,0.09,1.3,293
ROOT_PFTC7_SITE1_(nogp)_0001,1,1,west, DETECT,1.72,0.12,1.7,1292
ROOT_PFTC7_SITE1_(nogp)_0001,1,1,west, DETECT,1.89,0.07,2,491
ROOT_PFTC7_SITE1_(nogp)_0001,1,1,west, DETECT,1.92,0.15,1,146
ROOT_PFTC7_SITE1_(nogp)_0001,1,1,west, DETECT,2.06,0.11,1.5,373
ROOT_PFTC7_SITE1_(nogp)_0001,1,1,west, DETECT,2.13,0.16,1.1,392
ROOT_PFTC7_SITE1_(nogp)_0001,1,1,west, DETECT,2.18,0.09,2.9,495
ROOT_PFTC7_SITE1_(nogp)_0001,1,1,west, DETECT,2.23,0.16,0.9,119
ROOT_PFTC7_SITE1_(nogp)_0001,1,1,west, DETECT,2.24,0.09,1.4,205
ROOT_PFTC7_SITE1_(nogp)_0001,1,1,west, DETECT,2.25,0.04,2.6,660
ROOT_PFTC7_SITE1_(nogp)_0001,1,1,west, DETECT,2.35,0.09,3.9,1025
ROOT_PFTC7_SITE1_(nogp)_0001,1,1,west, DETECT,2.61,0.03,29.9,1703
ROOT_PFTC7_SITE1_(nogp)_0001,1,1,west, DETECT,2.7,0.15,0.9,175
ROOT_PFTC7_SITE1_(nogp)_0001,1,1,west, DETECT,2.78,0.04,5,1224
ROOT_PFTC7_SITE1_(nogp)_0001,1,1,west, DETECT,2.86,0.11,1.2,904
ROOT_PFTC7_SITE1_(nogp)_0001,1,1,west, DETECT,2.96,0.05,3.4,704
ROOT_PFTC7_SITE1_(nogp)_0001,1,1,west, DETECT,3.02,0.12,1.6,436
ROOT_PFTC7_SITE1_(nogp)_0001,1,1,west, DETECT,3.08,0.06,1.5,547
ROOT_PFTC7_SITE1_(nogp)_0001,1,1,west, DETECT,3.16,0.13,1.2,308
ROOT_PFTC7_SITE1_(nogp)_0001,1,1,west, DETECT,3.31,0.08,1.9,747
ROOT_PFTC7_SITE1_(nogp)_0001,1,1,west, DETECT,3.38,0.13,1.8,371
ROOT_PFTC7_SITE1_(nogp)_0001,1,1,west, DETECT,3.62,0.09,3.3,2227
ROOT_PFTC7_SITE1_(nogp)_0001,1,1,west, DETECT,3.72,0.01,21.7,1481
ROOT_PFTC7_SITE1_(nogp)_0001,1,1,west, DETECT,3.76,0.08,3,890
ROOT_PFTC7_SITE1_(nogp)_0001,1,1,west, DETECT,3.78,0.15,1.4,389
ROOT_PFTC7_SITE1_(nogp)_0001,1,1,west, DETECT,3.95,0.06,4.7,1289
ROOT_PFTC7_SITE1_(nogp)_0001,1,1,west, DETECT,4.15,0.03,30.5,1733
ROOT_PFTC7_SITE1_(nogp)_0001,1,1,west, DETECT,4.33,0.05,2.2,432
ROOT_PFTC7_SITE1_(nogp)_0001,1,1,west, DETECT,4.42,0.09,1.4,450
ROOT_PFTC7_SITE1_(nogp)_0001,1,1,west, DETECT,4.48,0.06,2.5,481
ROOT_PFTC7_SITE1_(nogp)_0001,1,1,west, DETECT,4.68,0.05,1.9,359
ROOT_PFTC7_SITE1_(nogp)_0001,1,1,west, DETECT,4.74,0.1,1.4,586
ROOT_PFTC7_SITE1_(nogp)_0001,1,1,west, DETECT,5.07,0.09,1.1,190
ROOT_PFTC7_SITE1_(nogp)_0001,1,1,west, DETECT,5.26,0.1,2.7,1248
ROOT_PFTC7_SITE1_(nogp)_0001,1,1,west, DETECT,5.3,0.05,2.7,1888
ROOT_PFTC7_SITE1_(nogp)_0001,1,1,west, DETECT,5.49,0.05,3.8,372
ROOT_PFTC7_SITE1_(nogp)_0001,1,1,west, DETECT,5.71,0.1,1.1,379
ROOT_PFTC7_SITE1_(nogp)_0001,1,1,west, DETECT,5.94,0.06,2.8,441
ROOT_PFTC7_SITE1_(nogp)_0001,1,1,west, DETECT,6.29,0.1,1.4,317
ROOT_PFTC7_SITE1_(nogp)_0001,1,1,west, DETECT,6.42,0.17,0.8,106
ROOT_PFTC7_SITE1_(nogp)_0001,1,1,west, DETECT,6.53,0.08,1.9,1063
ROOT_PFTC7_SITE1_(nogp)_0001,1,1,west, DETECT,6.75,0.08,2.3,923
ROOT_PFTC7_SITE1_(nogp)_0001,1,1,west, DETECT,6.9,0.08,2.2,752
ROOT_PFTC7_SITE1_(nogp)_0001,1,1,west, DETECT,6.96,0.12,1.2,270
ROOT_PFTC7_SITE1_(nogp)_0001,1,1,west, DETECT,7.02,0.07,1.1,188
ROOT_PFTC7_SITE1_(nogp)_0001,1,1,west, DETECT,7.08,0.14,1.1,165
ROOT_PFTC7_SITE1_(nogp)_0001,1,1,west, DETECT,7.26,0.07,2.3,1058
ROOT_PFTC7_SITE1_(nogp)_0001,1,1,west, DETECT,7.33,0.11,1.1,395
ROOT_PFTC7_SITE1_(nogp)_0001,1,1,west, DETECT,7.61,0.07,0.9,155
ROOT_PFTC7_SITE1_(nogp)_0001,1,1,west, DETECT,7.79,0.06,2.7,1243
ROOT_PFTC7_SITE1_(nogp)_0001,1,1,west, DETECT,7.8,0.13,1.1,194
ROOT_PFTC7_SITE1_(nogp)_0001,1,1,west, DETECT,8.02,0.11,1.4,132
ROOT_PFTC7_SITE1_(nogp)_0001,1,1,west, DETECT,8.08,0.16,0.9,127
ROOT_PFTC7_SITE1_(nogp)_0001,1,1,west, DETECT,8.13,0.13,1,173
ROOT_PFTC7_SITE1_(nogp)_0001,1,1,west, DETECT,8.18,0.05,12.8,1416
ROOT_PFTC7_SITE1_(nogp)_0001,1,1,west, DETECT,8.26,0.04,1.3,111
ROOT_PFTC7_SITE1_(nogp)_0001,1,1,west, DETECT,8.38,0.1,1.2,237
ROOT_PFTC7_SITE1_(nogp)_0001,1,1,west, DETECT,8.49,0.09,2.3,576
ROOT_PFTC7_SITE1_(nogp)_0001,1,1,west, DETECT,8.59,0.03,12.1,1202
ROOT_PFTC7_SITE1_(nogp)_0001,1,1,west, DETECT,8.67,0.05,3.2,344
ROOT_PFTC7_SITE1_(nogp)_0001,1,1,west, DETECT,8.78,0.08,2,346
ROOT_PFTC7_SITE1_(nogp)_0001,1,1,west, DETECT,8.89,0.06,1.9,573
ROOT_PFTC7_SITE1_(nogp)_0001,1,1,west, DETECT,9.11,0.05,8.6,1764
ROOT_PFTC7_SITE1_(nogp)_0001,1,1,west, DETECT,9.2,0.11,1.8,670
ROOT_PFTC7_SITE1_(nogp)_0001,1,1,west, DETECT,9.31,0.13,1.2,317
ROOT_PFTC7_SITE1_(nogp)_0001,1,1,west, DETECT,9.39,0.11,2.1,883
ROOT_PFTC7_SITE1_(nogp)_0001,1,1,west, DETECT,9.68,0.08,2.1,933
ROOT_PFTC7_SITE1_(nogp)_0001,1,1,west, DETECT,9.8,0.17,1.1,236
ROOT_PFTC7_SITE1_(nogp)_0001,1,1,west, DETECT,9.84,0.11,1.7,620
ROOT_PFTC7_SITE1_(nogp)_0001,1,1,west, DETECT,10.01,0.09,2.7,691
ROOT_PFTC7_SITE1_(nogp)_0001,1,1,west, DETECT,10.3,0.15,0.9,158
ROOT_PFTC7_SITE1_(nogp)_0001,1,1,west, DETECT,10.43,0.05,4.8,1099
ROOT_PFTC7_SITE1_(nogp)_0001,1,1,west, DETECT,10.58,0.12,1.5,426
ROOT_PFTC7_SITE1_(nogp)_0001,1,1,west, DETECT,10.61,0.05,1.9,543
ROOT_PFTC7_SITE1_(nogp)_0001,1,1,west, DETECT,10.7,0.1,1.8,325
ROOT_PFTC7_SITE1_(nogp)_0001,1,1,west, DETECT,10.78,0.09,2.6,600
ROOT_PFTC7_SITE1_(nogp)_0001,1,1,west, DETECT,10.97,0.06,9.1,3832
ROOT_PFTC7_SITE1_(nogp)_0001,1,1,west, DETECT,11.16,0.06,1.5,79
ROOT_PFTC7_SITE1_(nogp)_0001,1,1,west, DETECT,11.29,0.07,3,506
ROOT_PFTC7_SITE1_(nogp)_0001,1,1,west, DETECT,11.46,0.08,1.5,592
ROOT_PFTC7_SITE1_(nogp)_0001,1,1,west, DETECT,11.58,0.08,1.9,354
ROOT_PFTC7_SITE1_(nogp)_0001,1,1,west, DETECT,11.7,0.1,1.7,657
ROOT_PFTC7_SITE1_(nogp)_0001,1,1,west, DETECT,11.93,0.07,3.2,1766
ROOT_PFTC7_SITE1_(nogp)_0001,1,1,west, DETECT,12.08,0.1,1.2,395
ROOT_PFTC7_SITE1_(nogp)_0001,1,1,west, DETECT,12.17,0.02,21,895
ROOT_PFTC7_SITE1_(nogp)_0001,1,1,west, DETECT,12.22,0.11,2.4,543
ROOT_PFTC7_SITE1_(nogp)_0001,1,1,west, DETECT,12.42,0.12,1.7,402
ROOT_PFTC7_SITE1_(nogp)_0001,1,1,west, DETECT,12.47,0.05,3,1069
ROOT_PFTC7_SITE1_(nogp)_0001,1,1,west, DETECT,12.62,0.11,1.5,728
ROOT_PFTC7_SITE1_(nogp)_0001,1,1,west, DETECT,12.84,0.1,2.1,1631
ROOT_PFTC7_SITE1_(nogp)_0001,1,1,west, DETECT,12.95,0.05,34.3,2159
ROOT_PFTC7_SITE1_(nogp)_0001,1,1,west, DETECT,13.24,0.1,2.1,822
ROOT_PFTC7_SITE1_(nogp)_0001,1,1,west, DETECT,13.45,0.07,1.6,134
ROOT_PFTC7_SITE1_(nogp)_0001,1,1,west, DETECT,13.61,0.07,2.4,733
ROOT_PFTC7_SITE1_(nogp)_0001,1,1,west, DETECT,13.72,0.03,23.3,400
ROOT_PFTC7_SITE1_(nogp)_0001,1,1,west, DETECT,13.79,0.11,1.7,918
ROOT_PFTC7_SITE1_(nogp)_0001,1,1,west, DETECT,13.98,0.11,1.6,230
ROOT_PFTC7_SITE1_(nogp)_0001,1,1,west, DETECT,14.01,0.15,1,328
ROOT_PFTC7_SITE1_(nogp)_0001,1,1,west, DETECT,14.08,0.07,1.3,197
ROOT_PFTC7_SITE1_(nogp)_0001,1,1,west, DETECT,14.1,0.12,0.9,132
ROOT_PFTC7_SITE1_(nogp)_0001,1,1,west, DETECT,14.14,0.04,3.7,325
ROOT_PFTC7_SITE1_(nogp)_0001,1,1,west, DETECT,14.18,0.09,1.5,261
ROOT_PFTC7_SITE1_(nogp)_0001,1,1,west, DETECT,14.29,0.1,1.3,521
ROOT_PFTC7_SITE1_(nogp)_0001,1,1,west, DETECT,14.37,0.09,1.1,169
ROOT_PFTC7_SITE1_(nogp)_0001,1,1,west, DETECT,14.48,0.05,5.3,757
ROOT_PFTC7_SITE1_(nogp)_0001,1,1,west, DETECT,14.55,0.12,1.2,267
ROOT_PFTC7_SITE1_(nogp)_0001,1,1,west, DETECT,14.6,0.03,6,1084
ROOT_PFTC7_SITE1_(nogp)_0001,1,1,west, DETECT,14.63,0.09,2,790
ROOT_PFTC7_SITE1_(nogp)_0001,1,1,west, DETECT,14.8,0.04,3.8,679
ROOT_PFTC7_SITE1_(nogp)_0001,1,1,west, DETECT,15,0.11,1.1,346
ROOT_PFTC7_SITE1_(nogp)_0001,1,1,west, DETECT,15.1,0.13,0.9,138
ROOT_PFTC7_SITE1_(nogp)_0001,1,1,west, DETECT,15.19,0.07,1.1,207
ROOT_PFTC7_SITE1_(nogp)_0001,1,1,west, DETECT,15.4,0.11,1.5,263
ROOT_PFTC7_SITE1_(nogp)_0001,1,1,west, DETECT,15.51,0.09,1.7,520
ROOT_PFTC7_SITE1_(nogp)_0001,1,1,west, DETECT,15.77,0.11,1.6,800
ROOT_PFTC7_SITE1_(nogp)_0001,1,1,west, DETECT,15.96,0.1,1.4,684
ROOT_PFTC7_SITE1_(nogp)_0001,1,1,west, DETECT,16.01,0.02,15.3,2820
ROOT_PFTC7_SITE1_(nogp)_0001,1,1,west, DETECT,16.09,0.15,1.2,212
ROOT_PFTC7_SITE1_(nogp)_0001,1,1,west, DETECT,16.1,0.08,3.6,1271
ROOT_PFTC7_SITE1_(nogp)_0001,1,1,west, DETECT,16.2,0.05,2.6,402
ROOT_PFTC7_SITE1_(nogp)_0001,1,1,west, DETECT,16.36,0.08,2.9,877
ROOT_PFTC7_SITE1_(nogp)_0001,1,1,west, DETECT,16.42,0.12,1.2,308
ROOT_PFTC7_SITE1_(nogp)_0001,1,1,west, DETECT,16.6,0.09,1.2,261
ROOT_PFTC7_SITE1_(nogp)_0001,1,1,west, DETECT,16.81,0.05,28.3,4563
ROOT_PFTC7_SITE1_(nogp)_0001,1,1,west, DETECT,17.1,0.07,1.4,179
ROOT_PFTC7_SITE1_(nogp)_0001,1,1,west, DETECT,17.2,0.06,1.8,353
ROOT_PFTC7_SITE1_(nogp)_0001,1,1,west, DETECT,17.45,0.04,15.5,2048
ROOT_PFTC7_SITE1_(nogp)_0001,1,1,west, DETECT,17.55,0.06,5.7,616
ROOT_PFTC7_SITE1_(nogp)_0001,1,1,west, DETECT,17.74,0.04,11.3,1749
ROOT_PFTC7_SITE1_(nogp)_0001,1,1,west, DETECT,17.85,0.06,4.5,685
ROOT_PFTC7_SITE1_(nogp)_0001,1,1,west, DETECT,17.93,0.06,1.7,83
ROOT_PFTC7_SITE1_(nogp)_0001,1,1,west, DETECT,18,0.07,1.6,155
ROOT_PFTC7_SITE1_(nogp)_0001,1,1,west, DETECT,18.08,0.05,7.4,866
ROOT_PFTC7_SITE1_(nogp)_0001,1,1,west, DETECT,18.28,0.08,1.4,221
ROOT_PFTC7_SITE1_(nogp)_0001,1,1,west, DETECT,18.7,0.09,1.6,326
ROOT_PFTC7_SITE1_(nogp)_0001,1,1,west, DETECT,18.76,0.05,5.6,1514
ROOT_PFTC7_SITE1_(nogp)_0001,1,1,west, DETECT,19.02,0.06,2.3,274
ROOT_PFTC7_SITE1_(nogp)_0001,1,1,west, DETECT,19.07,0.02,10.5,408
ROOT_PFTC7_SITE1_(nogp)_0001,1,1,west, DETECT,19.14,0.07,1.9,497
ROOT_PFTC7_SITE1_(nogp)_0001,1,1,west, DETECT,19.18,0.04,6.3,2143
ROOT_PFTC7_SITE1_(nogp)_0001,1,1,west, DETECT,19.3,0.13,1.4,319
ROOT_PFTC7_SITE1_(nogp)_0001,1,1,west, DETECT,19.48,0.04,5.7,973
ROOT_PFTC7_SITE1_(nogp)_0001,1,1,west, DETECT,19.7,0.07,3.6,668
ROOT_PFTC7_SITE1_(nogp)_0002,1,2,west, DETECT,0.06,0.07,3.7,1211
ROOT_PFTC7_SITE1_(nogp)_0002,1,2,west, DETECT,0.14,0.07,2.3,580
ROOT_PFTC7_SITE1_(nogp)_0002,1,2,west, DETECT,0.34,0.03,22.1,2212
ROOT_PFTC7_SITE1_(nogp)_0002,1,2,west, DETECT,0.47,0.09,1.3,152
ROOT_PFTC7_SITE1_(nogp)_0002,1,2,west, DETECT,0.58,0.1,4.2,1495
ROOT_PFTC7_SITE1_(nogp)_0002,1,2,west, DETECT,0.69,0.08,3.8,844
ROOT_PFTC7_SITE1_(nogp)_0002,1,2,west, DETECT,1.06,0.09,1.8,394
ROOT_PFTC7_SITE1_(nogp)_0002,1,2,west, DETECT,1.2,0.04,8,346
ROOT_PFTC7_SITE1_(nogp)_0002,1,2,west, DETECT,1.24,0.09,2.9,622
ROOT_PFTC7_SITE1_(nogp)_0002,1,2,west, DETECT,1.32,0.12,5.5,771
ROOT_PFTC7_SITE1_(nogp)_0002,1,2,west, DETECT,1.46,0.1,18.2,3628
ROOT_PFTC7_SITE1_(nogp)_0002,1,2,west, DETECT,1.55,0.06,7.6,736
ROOT_PFTC7_SITE1_(nogp)_0002,1,2,west, DETECT,1.8,0.12,3,383
ROOT_PFTC7_SITE1_(nogp)_0002,1,2,west, DETECT,1.83,0.04,35.9,4624
ROOT_PFTC7_SITE1_(nogp)_0002,1,2,west, DETECT,2,0.12,1.4,409
ROOT_PFTC7_SITE1_(nogp)_0002,1,2,west, DETECT,2.4,0.11,2,958
ROOT_PFTC7_SITE1_(nogp)_0002,1,2,west, DETECT,2.58,0.08,2.4,1556
ROOT_PFTC7_SITE1_(nogp)_0002,1,2,west, DETECT,2.82,0.11,3.5,2115
ROOT_PFTC7_SITE1_(nogp)_0002,1,2,west, DETECT,2.94,0.06,5.3,1311
ROOT_PFTC7_SITE1_(nogp)_0002,1,2,west, DETECT,3.2,0.1,1.5,455
ROOT_PFTC7_SITE1_(nogp)_0002,1,2,west, DETECT,3.26,0.02,9.4,776
ROOT_PFTC7_SITE1_(nogp)_0002,1,2,west, DETECT,3.33,0.07,2.7,775
ROOT_PFTC7_SITE1_(nogp)_0002,1,2,west, DETECT,3.45,0.07,3.2,459
ROOT_PFTC7_SITE1_(nogp)_0002,1,2,west, DETECT,3.86,0.05,39.5,2274
ROOT_PFTC7_SITE1_(nogp)_0002,1,2,west, DETECT,4,0.09,2.6,1141
ROOT_PFTC7_SITE1_(nogp)_0002,1,2,west, DETECT,4.13,0.13,1.2,328
ROOT_PFTC7_SITE1_(nogp)_0002,1,2,west, DETECT,4.21,0.07,3,479
ROOT_PFTC7_SITE1_(nogp)_0002,1,2,west, DETECT,4.29,0.1,2.7,817
ROOT_PFTC7_SITE1_(nogp)_0002,1,2,west, DETECT,4.39,0.03,26.8,493
ROOT_PFTC7_SITE1_(nogp)_0002,1,2,west, DETECT,4.51,0.08,3.4,817
ROOT_PFTC7_SITE1_(nogp)_0002,1,2,west, DETECT,4.72,0.1,8.1,921
ROOT_PFTC7_SITE1_(nogp)_0002,1,2,west, DETECT,4.98,0.09,2,935
ROOT_PFTC7_SITE1_(nogp)_0002,1,2,west, DETECT,5.04,0.03,20.1,3415
ROOT_PFTC7_SITE1_(nogp)_0002,1,2,west, DETECT,5.11,0.09,8.7,997
ROOT_PFTC7_SITE1_(nogp)_0002,1,2,west, DETECT,5.19,0.08,1.5,144
ROOT_PFTC7_SITE1_(nogp)_0002,1,2,west, DETECT,5.31,0.1,2.9,1211
ROOT_PFTC7_SITE1_(nogp)_0002,1,2,west, DETECT,5.56,0.1,1.6,316
ROOT_PFTC7_SITE1_(nogp)_0002,1,2,west, DETECT,5.87,0.07,4.8,2008
ROOT_PFTC7_SITE1_(nogp)_0002,1,2,west, DETECT,5.92,0.12,1.6,240
ROOT_PFTC7_SITE1_(nogp)_0002,1,2,west, DETECT,6.01,0.06,2.9,565
ROOT_PFTC7_SITE1_(nogp)_0002,1,2,west, DETECT,6.4,0.08,1.3,209
ROOT_PFTC7_SITE1_(nogp)_0002,1,2,west, DETECT,6.46,0.03,24.8,1921
ROOT_PFTC7_SITE1_(nogp)_0002,1,2,west, DETECT,6.53,0.09,1.4,173
ROOT_PFTC7_SITE1_(nogp)_0002,1,2,west, DETECT,6.7,0.06,4.2,1377
ROOT_PFTC7_SITE1_(nogp)_0002,1,2,west, DETECT,6.88,0.07,3.3,571
ROOT_PFTC7_SITE1_(nogp)_0002,1,2,west, DETECT,7.04,0.06,2.6,651
ROOT_PFTC7_SITE1_(nogp)_0002,1,2,west, DETECT,7.27,0.09,3.1,1544
ROOT_PFTC7_SITE1_(nogp)_0002,1,2,west, DETECT,7.51,0.04,16.2,1695
ROOT_PFTC7_SITE1_(nogp)_0002,1,2,west, DETECT,7.54,0.08,1.1,208
ROOT_PFTC7_SITE1_(nogp)_0002,1,2,west, DETECT,7.92,0.08,4.4,442
ROOT_PFTC7_SITE1_(nogp)_0002,1,2,west, DETECT,8,0.13,1.5,258
ROOT_PFTC7_SITE1_(nogp)_0002,1,2,west, DETECT,8.16,0.1,4.3,2161
ROOT_PFTC7_SITE1_(nogp)_0002,1,2,west, DETECT,8.25,0.13,1.9,459
ROOT_PFTC7_SITE1_(nogp)_0002,1,2,west, DETECT,8.35,0.05,7.5,861
ROOT_PFTC7_SITE1_(nogp)_0002,1,2,west, DETECT,8.39,0.14,1.4,294
ROOT_PFTC7_SITE1_(nogp)_0002,1,2,west, DETECT,8.45,0.11,1.7,238
ROOT_PFTC7_SITE1_(nogp)_0002,1,2,west, DETECT,8.57,0.05,2.1,497
ROOT_PFTC7_SITE1_(nogp)_0002,1,2,west, DETECT,8.64,0.1,1.8,341
ROOT_PFTC7_SITE1_(nogp)_0002,1,2,west, DETECT,8.69,0.02,28.9,2510
ROOT_PFTC7_SITE1_(nogp)_0002,1,2,west, DETECT,8.79,0.08,3.1,929
ROOT_PFTC7_SITE1_(nogp)_0002,1,2,west, DETECT,9.06,0.13,1.2,306
ROOT_PFTC7_SITE1_(nogp)_0002,1,2,west, DETECT,9.16,0.09,1.4,319
ROOT_PFTC7_SITE1_(nogp)_0002,1,2,west, DETECT,9.28,0.06,10.1,1579
ROOT_PFTC7_SITE1_(nogp)_0002,1,2,west, DETECT,9.4,0.07,3,651
ROOT_PFTC7_SITE1_(nogp)_0002,1,2,west, DETECT,9.57,0.06,2.1,292
ROOT_PFTC7_SITE1_(nogp)_0002,1,2,west, DETECT,9.79,0.06,2.4,210
ROOT_PFTC7_SITE1_(nogp)_0002,1,2,west, DETECT,9.8,0.11,1.1,133
ROOT_PFTC7_SITE1_(nogp)_0002,1,2,west, DETECT,10.01,0.03,1.7,68
ROOT_PFTC7_SITE1_(nogp)_0002,1,2,west, DETECT,10.09,0.05,28.2,1286
ROOT_PFTC7_SITE1_(nogp)_0002,1,2,west, DETECT,10.25,0.07,41.5,4229
ROOT_PFTC7_SITE1_(nogp)_0002,1,2,west, DETECT,10.37,0.07,2.1,322
ROOT_PFTC7_SITE1_(nogp)_0002,1,2,west, DETECT,10.49,0.05,5.8,1032
ROOT_PFTC7_SITE1_(nogp)_0002,1,2,west, DETECT,10.64,0.08,2.1,439
ROOT_PFTC7_SITE1_(nogp)_0002,1,2,west, DETECT,10.77,0.06,1.8,125
ROOT_PFTC7_SITE1_(nogp)_0002,1,2,west, DETECT,10.99,0.09,2.4,618
ROOT_PFTC7_SITE1_(nogp)_0002,1,2,west, DETECT,11.15,0.11,1.5,435
ROOT_PFTC7_SITE1_(nogp)_0002,1,2,west, DETECT,11.15,0.04,2.7,519
ROOT_PFTC7_SITE1_(nogp)_0002,1,2,west, DETECT,11.24,0.03,15.5,1488
ROOT_PFTC7_SITE1_(nogp)_0002,1,2,west, DETECT,11.65,0.09,2.4,296
ROOT_PFTC7_SITE1_(nogp)_0002,1,2,west, DETECT,12.03,0.08,1.6,359
ROOT_PFTC7_SITE1_(nogp)_0002,1,2,west, DETECT,12.22,0.06,1.5,216
ROOT_PFTC7_SITE1_(nogp)_0002,1,2,west, DETECT,12.36,0.07,21.8,1267
ROOT_PFTC7_SITE1_(nogp)_0002,1,2,west, DETECT,12.52,0.09,1.5,155
ROOT_PFTC7_SITE1_(nogp)_0002,1,2,west, DETECT,12.73,0.07,2.4,257
ROOT_PFTC7_SITE1_(nogp)_0002,1,2,west, DETECT,12.92,0.06,3.7,917
ROOT_PFTC7_SITE1_(nogp)_0002,1,2,west, DETECT,13.37,0.08,2.3,606
ROOT_PFTC7_SITE1_(nogp)_0002,1,2,west, DETECT,13.42,0.03,14.7,1888
ROOT_PFTC7_SITE1_(nogp)_0002,1,2,west, DETECT,13.59,0.1,1.6,735
ROOT_PFTC7_SITE1_(nogp)_0002,1,2,west, DETECT,13.83,0.07,2.2,226
ROOT_PFTC7_SITE1_(nogp)_0002,1,2,west, DETECT,13.96,0.04,2.8,504
ROOT_PFTC7_SITE1_(nogp)_0002,1,2,west, DETECT,14.08,0.07,4.2,346
ROOT_PFTC7_SITE1_(nogp)_0002,1,2,west, DETECT,14.25,0.05,4.1,874
ROOT_PFTC7_SITE1_(nogp)_0002,1,2,west, DETECT,14.4,0.08,3.7,1376
ROOT_PFTC7_SITE1_(nogp)_0002,1,2,west, DETECT,14.55,0.06,1.8,307
ROOT_PFTC7_SITE1_(nogp)_0002,1,2,west, DETECT,14.62,0.09,4.2,1432
ROOT_PFTC7_SITE1_(nogp)_0002,1,2,west, DETECT,14.77,0.05,14.4,1248
ROOT_PFTC7_SITE1_(nogp)_0002,1,2,west, DETECT,14.98,0.11,3.4,1081
ROOT_PFTC7_SITE1_(nogp)_0002,1,2,west, DETECT,15.3,0.06,11.5,1924
ROOT_PFTC7_SITE1_(nogp)_0002,1,2,west, DETECT,15.34,0.12,1.3,159
ROOT_PFTC7_SITE1_(nogp)_0002,1,2,west, DETECT,15.44,0.04,13.1,1103
ROOT_PFTC7_SITE1_(nogp)_0002,1,2,west, DETECT,15.46,0.14,1.2,365
ROOT_PFTC7_SITE1_(nogp)_0002,1,2,west, DETECT,15.59,0.08,3.2,642
ROOT_PFTC7_SITE1_(nogp)_0002,1,2,west, DETECT,15.77,0.03,26.9,2282
ROOT_PFTC7_SITE1_(nogp)_0002,1,2,west, DETECT,15.88,0.07,2.2,1912
ROOT_PFTC7_SITE1_(nogp)_0002,1,2,west, DETECT,16.17,0.06,1.7,387
ROOT_PFTC7_SITE1_(nogp)_0002,1,2,west, DETECT,16.44,0.1,4.6,701
ROOT_PFTC7_SITE1_(nogp)_0002,1,2,west, DETECT,16.67,0.05,2,536
ROOT_PFTC7_SITE1_(nogp)_0002,1,2,west, DETECT,16.93,0.06,1.3,144
ROOT_PFTC7_SITE1_(nogp)_0002,1,2,west, DETECT,17.07,0.06,5.9,812
ROOT_PFTC7_SITE1_(nogp)_0002,1,2,west, DETECT,17.2,0.06,2.5,302
ROOT_PFTC7_SITE1_(nogp)_0002,1,2,west, DETECT,17.26,0.11,1.8,1252
ROOT_PFTC7_SITE1_(nogp)_0002,1,2,west, DETECT,17.38,0.08,2.6,246
ROOT_PFTC7_SITE1_(nogp)_0002,1,2,west, DETECT,17.49,0.1,1.5,190
ROOT_PFTC7_SITE1_(nogp)_0002,1,2,west, DETECT,17.58,0.08,2,434
ROOT_PFTC7_SITE1_(nogp)_0002,1,2,west, DETECT,17.94,0.08,1.3,122
ROOT_PFTC7_SITE1_(nogp)_0002,1,2,west, DETECT,18.03,0.08,3.3,372
ROOT_PFTC7_SITE1_(nogp)_0002,1,2,west, DETECT,18.17,0.06,2.6,120
ROOT_PFTC7_SITE1_(nogp)_0002,1,2,west, DETECT,18.26,0.05,5.5,792
ROOT_PFTC7_SITE1_(nogp)_0002,1,2,west, DETECT,18.33,0.08,3.3,556
ROOT_PFTC7_SITE1_(nogp)_0002,1,2,west, DETECT,18.44,0.11,1.7,483
ROOT_PFTC7_SITE1_(nogp)_0002,1,2,west, DETECT,18.81,0.12,2.1,892
ROOT_PFTC7_SITE1_(nogp)_0002,1,2,west, DETECT,18.97,0.14,1.3,287
ROOT_PFTC7_SITE1_(nogp)_0002,1,2,west, DETECT,19.01,0.07,3.5,845
ROOT_PFTC7_SITE1_(nogp)_0002,1,2,west, DETECT,19.23,0.08,3,553
ROOT_PFTC7_SITE1_(nogp)_0002,1,2,west, DETECT,19.47,0.03,26.8,1485
ROOT_PFTC7_SITE2_(nogp)_0002,2,1,west, DETECT,0.01,0.06,3.1,503
ROOT_PFTC7_SITE2_(nogp)_0002,2,1,west, DETECT,0.05,0.13,1.3,226
ROOT_PFTC7_SITE2_(nogp)_0002,2,1,west, DETECT,0.19,0.06,2.8,324
ROOT_PFTC7_SITE2_(nogp)_0002,2,1,west, DETECT,0.26,0.13,1.7,210
ROOT_PFTC7_SITE2_(nogp)_0002,2,1,west, DETECT,0.4,0.04,11.4,1847
ROOT_PFTC7_SITE2_(nogp)_0002,2,1,west, DETECT,0.81,0.1,1.3,329
ROOT_PFTC7_SITE2_(nogp)_0002,2,1,west, DETECT,0.91,0.05,3.3,511
ROOT_PFTC7_SITE2_(nogp)_0002,2,1,west, DETECT,0.97,0.11,1.7,442
ROOT_PFTC7_SITE2_(nogp)_0002,2,1,west, DETECT,1.11,0.04,45.5,1895
ROOT_PFTC7_SITE2_(nogp)_0002,2,1,west, DETECT,1.41,0.04,19.3,1956
ROOT_PFTC7_SITE2_(nogp)_0002,2,1,west, DETECT,1.59,0.1,7.9,604
ROOT_PFTC7_SITE2_(nogp)_0002,2,1,west, DETECT,1.83,0.05,3.6,592
ROOT_PFTC7_SITE2_(nogp)_0002,2,1,west, DETECT,1.92,0.07,2.8,698
ROOT_PFTC7_SITE2_(nogp)_0002,2,1,west, DETECT,2.28,0.07,4.6,1170
ROOT_PFTC7_SITE2_(nogp)_0002,2,1,west, DETECT,2.38,0.07,4.5,623
ROOT_PFTC7_SITE2_(nogp)_0002,2,1,west, DETECT,2.53,0.04,18.8,915
ROOT_PFTC7_SITE2_(nogp)_0002,2,1,west, DETECT,2.62,0.05,5.1,920
ROOT_PFTC7_SITE2_(nogp)_0002,2,1,west, DETECT,2.78,0.06,1.9,91
ROOT_PFTC7_SITE2_(nogp)_0002,2,1,west, DETECT,2.87,0.07,5.6,383
ROOT_PFTC7_SITE2_(nogp)_0002,2,1,west, DETECT,3.02,0.11,2.8,468
ROOT_PFTC7_SITE2_(nogp)_0002,2,1,west, DETECT,3.14,0.08,2.2,283
ROOT_PFTC7_SITE2_(nogp)_0002,2,1,west, DETECT,3.2,0.12,3.3,1463
ROOT_PFTC7_SITE2_(nogp)_0002,2,1,west, DETECT,3.29,0.08,2.4,296
ROOT_PFTC7_SITE2_(nogp)_0002,2,1,west, DETECT,3.86,0.08,3.8,760
ROOT_PFTC7_SITE2_(nogp)_0002,2,1,west, DETECT,3.91,0.17,1.6,411
ROOT_PFTC7_SITE2_(nogp)_0002,2,1,west, DETECT,4,0.04,64.7,6583
ROOT_PFTC7_SITE2_(nogp)_0002,2,1,west, DETECT,4.09,0.13,2,493
ROOT_PFTC7_SITE2_(nogp)_0002,2,1,west, DETECT,4.22,0.19,2.5,845
ROOT_PFTC7_SITE2_(nogp)_0002,2,1,west, DETECT,4.29,0.2,1.7,220
ROOT_PFTC7_SITE2_(nogp)_0002,2,1,west, DETECT,4.31,0.11,1.9,502
ROOT_PFTC7_SITE2_(nogp)_0002,2,1,west, DETECT,4.37,0.18,1.5,466
ROOT_PFTC7_SITE2_(nogp)_0002,2,1,west, DETECT,4.41,0.06,3.1,493
ROOT_PFTC7_SITE2_(nogp)_0002,2,1,west, DETECT,4.47,0.05,2.1,193
ROOT_PFTC7_SITE2_(nogp)_0002,2,1,west, DETECT,4.7,0.06,3.2,278
ROOT_PFTC7_SITE2_(nogp)_0002,2,1,west, DETECT,4.78,0.1,1.7,320
ROOT_PFTC7_SITE2_(nogp)_0002,2,1,west, DETECT,4.92,0.08,2.6,791
ROOT_PFTC7_SITE2_(nogp)_0002,2,1,west, DETECT,5.03,0.13,2.2,690
ROOT_PFTC7_SITE2_(nogp)_0002,2,1,west, DETECT,5.11,0.08,2.2,229
ROOT_PFTC7_SITE2_(nogp)_0002,2,1,west, DETECT,5.2,0.05,2.4,476
ROOT_PFTC7_SITE2_(nogp)_0002,2,1,west, DETECT,5.31,0.07,2.4,281
ROOT_PFTC7_SITE2_(nogp)_0002,2,1,west, DETECT,5.36,0.06,3.1,503
ROOT_PFTC7_SITE2_(nogp)_0002,2,1,west, DETECT,5.9,0.05,24.2,2093
ROOT_PFTC7_SITE2_(nogp)_0002,2,1,west, DETECT,6.13,0.1,2.4,375
ROOT_PFTC7_SITE2_(nogp)_0002,2,1,west, DETECT,6.22,0.04,56.1,4067
ROOT_PFTC7_SITE2_(nogp)_0002,2,1,west, DETECT,6.28,0.09,3.2,904
ROOT_PFTC7_SITE2_(nogp)_0002,2,1,west, DETECT,6.55,0.09,1.5,199
ROOT_PFTC7_SITE2_(nogp)_0002,2,1,west, DETECT,6.7,0.08,4,949
ROOT_PFTC7_SITE2_(nogp)_0002,2,1,west, DETECT,7.03,0.06,3.9,302
ROOT_PFTC7_SITE2_(nogp)_0002,2,1,west, DETECT,7.4,0.12,2,259
ROOT_PFTC7_SITE2_(nogp)_0002,2,1,west, DETECT,7.46,0.15,1.4,207
ROOT_PFTC7_SITE2_(nogp)_0002,2,1,west, DETECT,7.46,0.07,7,519
ROOT_PFTC7_SITE2_(nogp)_0002,2,1,west, DETECT,7.56,0.14,2.7,835
ROOT_PFTC7_SITE2_(nogp)_0002,2,1,west, DETECT,7.71,0.06,6.3,1334
ROOT_PFTC7_SITE2_(nogp)_0002,2,1,west, DETECT,7.87,0.1,2.3,845
ROOT_PFTC7_SITE2_(nogp)_0002,2,1,west, DETECT,8.09,0.1,2.8,551
ROOT_PFTC7_SITE2_(nogp)_0002,2,1,west, DETECT,8.16,0.04,4.3,129
ROOT_PFTC7_SITE2_(nogp)_0002,2,1,west, DETECT,8.23,0.06,5.1,612
ROOT_PFTC7_SITE2_(nogp)_0002,2,1,west, DETECT,8.43,0.08,1.5,265
ROOT_PFTC7_SITE2_(nogp)_0002,2,1,west, DETECT,9.02,0.05,2.6,283
ROOT_PFTC7_SITE2_(nogp)_0002,2,1,west, DETECT,9.36,0.07,3,348
ROOT_PFTC7_SITE2_(nogp)_0002,2,1,west, DETECT,9.55,0.07,2.2,301
ROOT_PFTC7_SITE2_(nogp)_0002,2,1,west, DETECT,9.7,0.06,4.2,476
ROOT_PFTC7_SITE2_(nogp)_0002,2,1,west, DETECT,9.77,0.09,1.2,172
ROOT_PFTC7_SITE2_(nogp)_0002,2,1,west, DETECT,10.02,0.07,4,458
ROOT_PFTC7_SITE2_(nogp)_0002,2,1,west, DETECT,10.3,0.05,49.4,7830
ROOT_PFTC7_SITE2_(nogp)_0002,2,1,west, DETECT,10.55,0.11,1.6,213
ROOT_PFTC7_SITE2_(nogp)_0002,2,1,west, DETECT,10.76,0.06,16.4,1077
ROOT_PFTC7_SITE2_(nogp)_0002,2,1,west, DETECT,11.07,0.06,34.5,2139
ROOT_PFTC7_SITE2_(nogp)_0002,2,1,west, DETECT,11.44,0.09,1.8,191
ROOT_PFTC7_SITE2_(nogp)_0002,2,1,west, DETECT,11.51,0.09,1.6,146
ROOT_PFTC7_SITE2_(nogp)_0002,2,1,west, DETECT,11.62,0.07,2.1,560
ROOT_PFTC7_SITE2_(nogp)_0002,2,1,west, DETECT,12.1,0.06,13.3,1561
ROOT_PFTC7_SITE2_(nogp)_0002,2,1,west, DETECT,12.17,0.1,1.5,89
ROOT_PFTC7_SITE2_(nogp)_0002,2,1,west, DETECT,12.43,0.08,2.5,321
ROOT_PFTC7_SITE2_(nogp)_0002,2,1,west, DETECT,12.52,0.05,2.2,145
ROOT_PFTC7_SITE2_(nogp)_0002,2,1,west, DETECT,12.64,0.05,8.4,695
ROOT_PFTC7_SITE2_(nogp)_0002,2,1,west, DETECT,12.97,0.06,52.5,3875
ROOT_PFTC7_SITE2_(nogp)_0002,2,1,west, DETECT,13.09,0.1,5.9,1010
ROOT_PFTC7_SITE2_(nogp)_0002,2,1,west, DETECT,13.56,0.14,1.4,150
ROOT_PFTC7_SITE2_(nogp)_0002,2,1,west, DETECT,13.64,0.07,21.9,2466
ROOT_PFTC7_SITE2_(nogp)_0002,2,1,west, DETECT,13.74,0.02,32.5,2408
ROOT_PFTC7_SITE2_(nogp)_0002,2,1,west, DETECT,13.9,0.07,2.1,720
ROOT_PFTC7_SITE2_(nogp)_0002,2,1,west, DETECT,14.48,0.03,14.9,1978
ROOT_PFTC7_SITE2_(nogp)_0002,2,1,west, DETECT,14.56,0.12,1.5,419
ROOT_PFTC7_SITE2_(nogp)_0002,2,1,west, DETECT,14.73,0.05,2.5,180
ROOT_PFTC7_SITE2_(nogp)_0002,2,1,west, DETECT,14.92,0.08,1.4,236
ROOT_PFTC7_SITE2_(nogp)_0002,2,1,west, DETECT,15.02,0.04,9.7,305
ROOT_PFTC7_SITE2_(nogp)_0002,2,1,west, DETECT,15.22,0.06,3,522
ROOT_PFTC7_SITE2_(nogp)_0002,2,1,west, DETECT,15.45,0.07,3,367
ROOT_PFTC7_SITE2_(nogp)_0002,2,1,west, DETECT,15.95,0.07,5.9,723
ROOT_PFTC7_SITE2_(nogp)_0002,2,1,west, DETECT,16.05,0.09,1.1,95
ROOT_PFTC7_SITE2_(nogp)_0002,2,1,west, DETECT,16.26,0.07,2.6,291
ROOT_PFTC7_SITE2_(nogp)_0002,2,1,west, DETECT,16.74,0.07,38.4,2485
ROOT_PFTC7_SITE2_(nogp)_0002,2,1,west, DETECT,16.91,0.1,2.1,308
ROOT_PFTC7_SITE2_(nogp)_0002,2,1,west, DETECT,17.14,0.08,2.6,938
ROOT_PFTC7_SITE2_(nogp)_0002,2,1,west, DETECT,17.26,0.05,3,286
ROOT_PFTC7_SITE2_(nogp)_0002,2,1,west, DETECT,17.38,0.03,30.6,1565
ROOT_PFTC7_SITE2_(nogp)_0002,2,1,west, DETECT,17.41,0.08,2.6,585
ROOT_PFTC7_SITE2_(nogp)_0002,2,1,west, DETECT,17.6,0.07,3.6,940
ROOT_PFTC7_SITE2_(nogp)_0002,2,1,west, DETECT,17.88,0.05,5.9,454
ROOT_PFTC7_SITE2_(nogp)_0002,2,1,west, DETECT,18.38,0.07,2.5,904
ROOT_PFTC7_SITE2_(nogp)_0002,2,1,west, DETECT,18.62,0.1,5,876
ROOT_PFTC7_SITE2_(nogp)_0002,2,1,west, DETECT,19.22,0.06,33.8,4085
ROOT_PFTC7_SITE2_(nogp)_0002,2,1,west, DETECT,19.29,0.09,2.3,281
ROOT_PFTC7_SITE2_(nogp)_0002,2,1,west, DETECT,19.4,0.13,1.4,124
ROOT_PFTC7_SITE2_(nogp)_0002,2,1,west, DETECT,19.62,0.09,1.6,114
ROOT_PFTC7_SITE2_(nogp)_0002,2,1,west, DETECT,19.7,0.08,3.3,281
ROOT_PFTC7_SITE2_(nogp)_0003,2,2,west, DETECT,0.06,0.05,3.3,420
ROOT_PFTC7_SITE2_(nogp)_0003,2,2,west, DETECT,0.35,0.08,2.4,695
ROOT_PFTC7_SITE2_(nogp)_0003,2,2,west, DETECT,0.59,0.02,29.7,1909
ROOT_PFTC7_SITE2_(nogp)_0003,2,2,west, DETECT,0.66,0.1,3.1,814
ROOT_PFTC7_SITE2_(nogp)_0003,2,2,west, DETECT,0.82,0.09,1.9,458
ROOT_PFTC7_SITE2_(nogp)_0003,2,2,west, DETECT,0.9,0.02,25,755
ROOT_PFTC7_SITE2_(nogp)_0003,2,2,west, DETECT,1.09,0.09,5.9,1480
ROOT_PFTC7_SITE2_(nogp)_0003,2,2,west, DETECT,1.5,0.06,5.2,595
ROOT_PFTC7_SITE2_(nogp)_0003,2,2,west, DETECT,1.6,0.04,4.4,622
ROOT_PFTC7_SITE2_(nogp)_0003,2,2,west, DETECT,1.73,0.05,5.2,910
ROOT_PFTC7_SITE2_(nogp)_0003,2,2,west, DETECT,1.93,0.06,1.8,88
ROOT_PFTC7_SITE2_(nogp)_0003,2,2,west, DETECT,2.01,0.06,1.9,95
ROOT_PFTC7_SITE2_(nogp)_0003,2,2,west, DETECT,2.11,0.05,17.8,870
ROOT_PFTC7_SITE2_(nogp)_0003,2,2,west, DETECT,2.23,0.05,3.9,497
ROOT_PFTC7_SITE2_(nogp)_0003,2,2,west, DETECT,2.38,0.05,1.9,129
ROOT_PFTC7_SITE2_(nogp)_0003,2,2,west, DETECT,2.48,0.05,2.7,204
ROOT_PFTC7_SITE2_(nogp)_0003,2,2,west, DETECT,2.64,0.04,45.4,2305
ROOT_PFTC7_SITE2_(nogp)_0003,2,2,west, DETECT,2.83,0.07,4.3,1161
ROOT_PFTC7_SITE2_(nogp)_0003,2,2,west, DETECT,2.99,0.06,3.9,500
ROOT_PFTC7_SITE2_(nogp)_0003,2,2,west, DETECT,3.19,0.09,2.1,720
ROOT_PFTC7_SITE2_(nogp)_0003,2,2,west, DETECT,3.3,0.06,2.1,120
ROOT_PFTC7_SITE2_(nogp)_0003,2,2,west, DETECT,3.38,0.06,3.1,322
ROOT_PFTC7_SITE2_(nogp)_0003,2,2,west, DETECT,3.59,0.07,7,1129
ROOT_PFTC7_SITE2_(nogp)_0003,2,2,west, DETECT,3.92,0.06,3.4,782
ROOT_PFTC7_SITE2_(nogp)_0003,2,2,west, DETECT,4.01,0.07,3.1,292
ROOT_PFTC7_SITE2_(nogp)_0003,2,2,west, DETECT,4.16,0.05,37.2,738
ROOT_PFTC7_SITE2_(nogp)_0003,2,2,west, DETECT,4.22,0.07,3.1,936
ROOT_PFTC7_SITE2_(nogp)_0003,2,2,west, DETECT,4.37,0.12,1.7,211
ROOT_PFTC7_SITE2_(nogp)_0003,2,2,west, DETECT,4.5,0.09,3,845
ROOT_PFTC7_SITE2_(nogp)_0003,2,2,west, DETECT,4.69,0.09,2.5,381
ROOT_PFTC7_SITE2_(nogp)_0003,2,2,west, DETECT,5.05,0.08,2.1,315
ROOT_PFTC7_SITE2_(nogp)_0003,2,2,west, DETECT,5.26,0.06,4.2,691
ROOT_PFTC7_SITE2_(nogp)_0003,2,2,west, DETECT,5.35,0.09,1.5,272
ROOT_PFTC7_SITE2_(nogp)_0003,2,2,west, DETECT,5.46,0.09,5.2,1472
ROOT_PFTC7_SITE2_(nogp)_0003,2,2,west, DETECT,5.74,0.11,1.2,141
ROOT_PFTC7_SITE2_(nogp)_0003,2,2,west, DETECT,5.96,0.09,1.6,159
ROOT_PFTC7_SITE2_(nogp)_0003,2,2,west, DETECT,5.99,0.04,17.7,4009
ROOT_PFTC7_SITE2_(nogp)_0003,2,2,west, DETECT,6.26,0.18,1.1,103
ROOT_PFTC7_SITE2_(nogp)_0003,2,2,west, DETECT,7.17,0.07,2.2,289
ROOT_PFTC7_SITE2_(nogp)_0003,2,2,west, DETECT,7.31,0.07,3.1,536
ROOT_PFTC7_SITE2_(nogp)_0003,2,2,west, DETECT,7.51,0.05,16.3,1598
ROOT_PFTC7_SITE2_(nogp)_0003,2,2,west, DETECT,7.96,0.06,9.2,1720
ROOT_PFTC7_SITE2_(nogp)_0003,2,2,west, DETECT,8.33,0.07,2.4,212
ROOT_PFTC7_SITE2_(nogp)_0003,2,2,west, DETECT,8.42,0.11,3,482
ROOT_PFTC7_SITE2_(nogp)_0003,2,2,west, DETECT,8.54,0.05,5,664
ROOT_PFTC7_SITE2_(nogp)_0003,2,2,west, DETECT,8.67,0.07,2.8,403
ROOT_PFTC7_SITE2_(nogp)_0003,2,2,west, DETECT,8.83,0.09,1.9,365
ROOT_PFTC7_SITE2_(nogp)_0003,2,2,west, DETECT,8.94,0.1,1.8,187
ROOT_PFTC7_SITE2_(nogp)_0003,2,2,west, DETECT,9.08,0.09,1.4,129
ROOT_PFTC7_SITE2_(nogp)_0003,2,2,west, DETECT,9.11,0.04,5.7,635
ROOT_PFTC7_SITE2_(nogp)_0003,2,2,west, DETECT,9.2,0.09,1.2,169
ROOT_PFTC7_SITE2_(nogp)_0003,2,2,west, DETECT,9.27,0.07,3.3,268
ROOT_PFTC7_SITE2_(nogp)_0003,2,2,west, DETECT,9.54,0.04,46.9,4495
ROOT_PFTC7_SITE2_(nogp)_0003,2,2,west, DETECT,9.61,0.09,2.5,1089
ROOT_PFTC7_SITE2_(nogp)_0003,2,2,west, DETECT,9.73,0.06,2.4,155
ROOT_PFTC7_SITE2_(nogp)_0003,2,2,west, DETECT,10.05,0.08,2.9,567
ROOT_PFTC7_SITE2_(nogp)_0003,2,2,west, DETECT,10.1,0.08,4.7,722
ROOT_PFTC7_SITE2_(nogp)_0003,2,2,west, DETECT,10.3,0.05,4.2,602
ROOT_PFTC7_SITE2_(nogp)_0003,2,2,west, DETECT,10.39,0.03,5.1,213
ROOT_PFTC7_SITE2_(nogp)_0003,2,2,west, DETECT,10.41,0.1,1.6,142
ROOT_PFTC7_SITE2_(nogp)_0003,2,2,west, DETECT,10.75,0.08,2.7,543
ROOT_PFTC7_SITE2_(nogp)_0003,2,2,west, DETECT,10.88,0.03,10.7,1015
ROOT_PFTC7_SITE2_(nogp)_0003,2,2,west, DETECT,10.98,0.07,2.6,311
ROOT_PFTC7_SITE2_(nogp)_0003,2,2,west, DETECT,11.13,0.07,2.5,417
ROOT_PFTC7_SITE2_(nogp)_0003,2,2,west, DETECT,11.5,0.09,1.9,258
ROOT_PFTC7_SITE2_(nogp)_0003,2,2,west, DETECT,11.66,0.05,30.5,3679
ROOT_PFTC7_SITE2_(nogp)_0003,2,2,west, DETECT,11.81,0.06,3.3,726
ROOT_PFTC7_SITE2_(nogp)_0003,2,2,west, DETECT,12.09,0.06,2.4,355
ROOT_PFTC7_SITE2_(nogp)_0003,2,2,west, DETECT,12.35,0.07,2.5,518
ROOT_PFTC7_SITE2_(nogp)_0003,2,2,west, DETECT,12.45,0.05,2.8,129
ROOT_PFTC7_SITE2_(nogp)_0003,2,2,west, DETECT,12.57,0.07,2.3,431
ROOT_PFTC7_SITE2_(nogp)_0003,2,2,west, DETECT,13.68,0.07,2.4,231
ROOT_PFTC7_SITE2_(nogp)_0003,2,2,west, DETECT,13.8,0.1,14,3782
ROOT_PFTC7_SITE2_(nogp)_0003,2,2,west, DETECT,14.06,0.08,2.2,492
ROOT_PFTC7_SITE2_(nogp)_0003,2,2,west, DETECT,14.44,0.08,14.5,3580
ROOT_PFTC7_SITE2_(nogp)_0003,2,2,west, DETECT,14.68,0.07,3.7,254
ROOT_PFTC7_SITE2_(nogp)_0003,2,2,west, DETECT,14.77,0.08,1.9,467
ROOT_PFTC7_SITE2_(nogp)_0003,2,2,west, DETECT,15.02,0.07,4.3,997
ROOT_PFTC7_SITE2_(nogp)_0003,2,2,west, DETECT,15.65,0.07,3.2,403
ROOT_PFTC7_SITE2_(nogp)_0003,2,2,west, DETECT,15.73,0.12,1.4,242
ROOT_PFTC7_SITE2_(nogp)_0003,2,2,west, DETECT,15.86,0.06,11.9,1440
ROOT_PFTC7_SITE2_(nogp)_0003,2,2,west, DETECT,15.9,0.11,2.1,523
ROOT_PFTC7_SITE2_(nogp)_0003,2,2,west, DETECT,16.03,0.06,3.5,608
ROOT_PFTC7_SITE2_(nogp)_0003,2,2,west, DETECT,16.68,0.07,3,954
ROOT_PFTC7_SITE2_(nogp)_0003,2,2,west, DETECT,17.04,0.09,1.3,106
ROOT_PFTC7_SITE2_(nogp)_0003,2,2,west, DETECT,17.13,0.05,15.5,1157
ROOT_PFTC7_SITE2_(nogp)_0003,2,2,west, DETECT,17.46,0.04,6.2,338
ROOT_PFTC7_SITE2_(nogp)_0003,2,2,west, DETECT,17.75,0.04,6.6,979
ROOT_PFTC7_SITE2_(nogp)_0003,2,2,west, DETECT,17.85,0.07,1.6,116
ROOT_PFTC7_SITE2_(nogp)_0003,2,2,west, DETECT,17.93,0.06,3.3,337
ROOT_PFTC7_SITE2_(nogp)_0003,2,2,west, DETECT,18.1,0.05,4.2,291
ROOT_PFTC7_SITE2_(nogp)_0003,2,2,west, DETECT,18.2,0.07,2.4,841
ROOT_PFTC7_SITE2_(nogp)_0003,2,2,west, DETECT,18.95,0.06,4.7,1195
ROOT_PFTC7_SITE2_(nogp)_0003,2,2,west, DETECT,19.12,0.02,46.8,3116
ROOT_PFTC7_SITE2_(nogp)_0003,2,2,west, DETECT,19.4,0.09,1.8,179
ROOT_PFTC7_SITE2_(nogp)_0003,2,2,west, DETECT,19.48,0.05,8.8,360
ROOT_PFTC7_SITE2_(nogp)_0003,2,2,west, DETECT,19.62,0.08,1.9,259
ROOT_PFTC7_SITE2_(nogp)_0003,2,2,west, DETECT,19.76,0.05,7.6,422
site3-1-ROOT_PFTC_SITE3_0001,3,1,west, DETECT,0,0.03,25.3,242
site3-1-ROOT_PFTC_SITE3_0001,3,1,west, DETECT,0.27,0.05,28.2,2292
site3-1-ROOT_PFTC_SITE3_0001,3,1,west, DETECT,0.39,0.03,13.2,305
site3-1-ROOT_PFTC_SITE3_0001,3,1,west, DETECT,0.5,0.07,14.1,1649
site3-1-ROOT_PFTC_SITE3_0001,3,1,west, DETECT,0.54,0.03,19.9,402
site3-1-ROOT_PFTC_SITE3_0001,3,1,west, DETECT,0.63,0.06,5.5,297
site3-1-ROOT_PFTC_SITE3_0001,3,1,west, DETECT,0.66,0.13,4,196
site3-1-ROOT_PFTC_SITE3_0001,3,1,west, DETECT,0.74,0.08,6.7,1113
site3-1-ROOT_PFTC_SITE3_0001,3,1,west, DETECT,0.92,0.09,2.9,108
site3-1-ROOT_PFTC_SITE3_0001,3,1,west, DETECT,1.02,0.06,6.9,972
site3-1-ROOT_PFTC_SITE3_0001,3,1,west, DETECT,1.36,0.09,14.5,1189
site3-1-ROOT_PFTC_SITE3_0001,3,1,west, DETECT,1.43,0.13,2.5,167
site3-1-ROOT_PFTC_SITE3_0001,3,1,west, DETECT,1.47,0.05,17.9,993
site3-1-ROOT_PFTC_SITE3_0001,3,1,west, DETECT,1.78,0.03,28.3,1150
site3-1-ROOT_PFTC_SITE3_0001,3,1,west, DETECT,1.84,0.07,6.1,448
site3-1-ROOT_PFTC_SITE3_0001,3,1,west, DETECT,2.1,0.07,13.1,606
site3-1-ROOT_PFTC_SITE3_0001,3,1,west, DETECT,2.25,0.06,22.2,602
site3-1-ROOT_PFTC_SITE3_0001,3,1,west, DETECT,2.56,0.06,11.6,527
site3-1-ROOT_PFTC_SITE3_0001,3,1,west, DETECT,2.8,0.12,3,251
site3-1-ROOT_PFTC_SITE3_0001,3,1,west, DETECT,2.86,0.04,7.7,421
site3-1-ROOT_PFTC_SITE3_0001,3,1,west, DETECT,2.93,0.05,6.9,137
site3-1-ROOT_PFTC_SITE3_0001,3,1,west, DETECT,3.19,0.07,8.3,856
site3-1-ROOT_PFTC_SITE3_0001,3,1,west, DETECT,3.39,0.07,4.5,276
site3-1-ROOT_PFTC_SITE3_0001,3,1,west, DETECT,3.61,0.1,7.5,742
site3-1-ROOT_PFTC_SITE3_0001,3,1,west, DETECT,3.69,0.11,3.1,301
site3-1-ROOT_PFTC_SITE3_0001,3,1,west, DETECT,3.73,0.05,6.3,470
site3-1-ROOT_PFTC_SITE3_0001,3,1,west, DETECT,3.86,0.05,12.3,643
site3-1-ROOT_PFTC_SITE3_0001,3,1,west, DETECT,4.19,0.05,27.6,1490
site3-1-ROOT_PFTC_SITE3_0001,3,1,west, DETECT,4.46,0.06,36.4,2509
site3-1-ROOT_PFTC_SITE3_0001,3,1,west, DETECT,4.73,0.06,5.4,129
site3-1-ROOT_PFTC_SITE3_0001,3,1,west, DETECT,4.81,0.06,6.7,195
site3-1-ROOT_PFTC_SITE3_0001,3,1,west, DETECT,5.02,0.09,5.8,914
site3-1-ROOT_PFTC_SITE3_0001,3,1,west, DETECT,5.38,0.08,9.5,703
site3-1-ROOT_PFTC_SITE3_0001,3,1,west, DETECT,5.67,0.05,15.9,1059
site3-1-ROOT_PFTC_SITE3_0001,3,1,west, DETECT,5.99,0.06,4.8,147
site3-1-ROOT_PFTC_SITE3_0001,3,1,west, DETECT,6.08,0.05,70.5,3607
site3-1-ROOT_PFTC_SITE3_0001,3,1,west, DETECT,6.44,0.05,5.3,186
site3-1-ROOT_PFTC_SITE3_0001,3,1,west, DETECT,6.55,0.08,2.4,74
site3-1-ROOT_PFTC_SITE3_0001,3,1,west, DETECT,6.93,0.06,5.7,294
site3-1-ROOT_PFTC_SITE3_0001,3,1,west, DETECT,7.13,0.1,42.4,2427
site3-1-ROOT_PFTC_SITE3_0001,3,1,west, DETECT,7.28,0.07,3.8,384
site3-1-ROOT_PFTC_SITE3_0001,3,1,west, DETECT,7.69,0.12,4.8,862
site3-1-ROOT_PFTC_SITE3_0001,3,1,west, DETECT,7.93,0.05,23.2,1452
site3-1-ROOT_PFTC_SITE3_0001,3,1,west, DETECT,8.28,0.05,5.6,265
site3-1-ROOT_PFTC_SITE3_0001,3,1,west, DETECT,8.43,0.08,3.3,244
site3-1-ROOT_PFTC_SITE3_0001,3,1,west, DETECT,8.56,0.04,16,386
site3-1-ROOT_PFTC_SITE3_0001,3,1,west, DETECT,8.7,0.06,6.1,270
site3-1-ROOT_PFTC_SITE3_0001,3,1,west, DETECT,9.1,0.04,40.6,1965
site3-1-ROOT_PFTC_SITE3_0001,3,1,west, DETECT,9.18,0.06,3.5,258
site3-1-ROOT_PFTC_SITE3_0001,3,1,west, DETECT,9.41,0.09,4.7,513
site3-1-ROOT_PFTC_SITE3_0001,3,1,west, DETECT,9.76,0.07,8.5,604
site3-1-ROOT_PFTC_SITE3_0001,3,1,west, DETECT,10.05,0.08,13.1,563
site3-1-ROOT_PFTC_SITE3_0001,3,1,west, DETECT,10.21,0.05,13.8,1232
site3-1-ROOT_PFTC_SITE3_0001,3,1,west, DETECT,10.46,0.06,9.8,1958
site3-1-ROOT_PFTC_SITE3_0001,3,1,west, DETECT,10.67,0.09,7.3,603
site3-1-ROOT_PFTC_SITE3_0001,3,1,west, DETECT,11.08,0.08,4.2,234
site3-1-ROOT_PFTC_SITE3_0001,3,1,west, DETECT,11.23,0.05,21.7,926
site3-1-ROOT_PFTC_SITE3_0001,3,1,west, DETECT,11.35,0.1,4.8,500
site3-1-ROOT_PFTC_SITE3_0001,3,1,west, DETECT,11.45,0.07,5.5,808
site3-1-ROOT_PFTC_SITE3_0001,3,1,west, DETECT,11.57,0.11,5.2,549
site3-1-ROOT_PFTC_SITE3_0001,3,1,west, DETECT,12.03,0.04,32.7,2516
site3-1-ROOT_PFTC_SITE3_0001,3,1,west, DETECT,12.36,0.12,3.5,494
site3-1-ROOT_PFTC_SITE3_0001,3,1,west, DETECT,12.41,0.06,9.8,1112
site3-1-ROOT_PFTC_SITE3_0001,3,1,west, DETECT,12.53,0.13,3.6,383
site3-1-ROOT_PFTC_SITE3_0001,3,1,west, DETECT,12.62,0.08,11,1635
site3-1-ROOT_PFTC_SITE3_0001,3,1,west, DETECT,12.78,0.06,8.2,467
site3-1-ROOT_PFTC_SITE3_0001,3,1,west, DETECT,12.84,0.01,35.2,2331
site3-1-ROOT_PFTC_SITE3_0001,3,1,west, DETECT,12.96,0.12,5,933
site3-1-ROOT_PFTC_SITE3_0001,3,1,west, DETECT,13.08,0.15,2.4,196
site3-1-ROOT_PFTC_SITE3_0001,3,1,west, DETECT,13.16,0.04,18.9,1068
site3-1-ROOT_PFTC_SITE3_0001,3,1,west, DETECT,13.23,0.09,5.1,216
site3-1-ROOT_PFTC_SITE3_0001,3,1,west, DETECT,13.36,0.11,4,458
site3-1-ROOT_PFTC_SITE3_0001,3,1,west, DETECT,13.57,0.02,21.5,809
site3-1-ROOT_PFTC_SITE3_0001,3,1,west, DETECT,13.66,0.07,4.3,602
site3-1-ROOT_PFTC_SITE3_0001,3,1,west, DETECT,13.77,0.11,2.2,80
site3-1-ROOT_PFTC_SITE3_0001,3,1,west, DETECT,14.09,0.07,8.3,771
site3-1-ROOT_PFTC_SITE3_0001,3,1,west, DETECT,14.2,0.1,7.9,1033
site3-1-ROOT_PFTC_SITE3_0001,3,1,west, DETECT,14.42,0.09,9.6,1319
site3-1-ROOT_PFTC_SITE3_0001,3,1,west, DETECT,14.52,0.06,11.3,1657
site3-1-ROOT_PFTC_SITE3_0001,3,1,west, DETECT,14.75,0.07,4.6,785
site3-1-ROOT_PFTC_SITE3_0001,3,1,west, DETECT,14.84,0.03,8.4,318
site3-1-ROOT_PFTC_SITE3_0001,3,1,west, DETECT,15.08,0.06,6.3,570
site3-1-ROOT_PFTC_SITE3_0001,3,1,west, DETECT,15.21,0.04,24.2,1517
site3-1-ROOT_PFTC_SITE3_0001,3,1,west, DETECT,15.31,0.08,11.6,1265
site3-1-ROOT_PFTC_SITE3_0001,3,1,west, DETECT,15.42,0.11,3.4,537
site3-1-ROOT_PFTC_SITE3_0001,3,1,west, DETECT,15.51,0.17,2.2,133
site3-1-ROOT_PFTC_SITE3_0001,3,1,west, DETECT,15.57,0.06,14.8,1157
site3-1-ROOT_PFTC_SITE3_0001,3,1,west, DETECT,15.83,0.04,11.8,587
site3-1-ROOT_PFTC_SITE3_0001,3,1,west, DETECT,16.12,0.05,11,434
site3-1-ROOT_PFTC_SITE3_0001,3,1,west, DETECT,16.36,0.19,4.7,387
site3-1-ROOT_PFTC_SITE3_0001,3,1,west, DETECT,16.39,0.06,4.5,846
site3-1-ROOT_PFTC_SITE3_0001,3,1,west, DETECT,16.58,0.11,4.6,507
site3-1-ROOT_PFTC_SITE3_0001,3,1,west, DETECT,16.71,0.08,10.6,1484
site3-1-ROOT_PFTC_SITE3_0001,3,1,west, DETECT,16.97,0.11,7.7,629
site3-1-ROOT_PFTC_SITE3_0001,3,1,west, DETECT,17.07,0.05,4.4,202
site3-1-ROOT_PFTC_SITE3_0001,3,1,west, DETECT,17.25,0.05,6.8,227
site3-1-ROOT_PFTC_SITE3_0001,3,1,west, DETECT,17.34,0.09,3.8,275
site3-1-ROOT_PFTC_SITE3_0001,3,1,west, DETECT,17.56,0.04,19.8,984
site3-1-ROOT_PFTC_SITE3_0001,3,1,west, DETECT,17.87,0.09,11.8,1046
site3-1-ROOT_PFTC_SITE3_0001,3,1,west, DETECT,17.99,0.04,12.5,412
site3-1-ROOT_PFTC_SITE3_0001,3,1,west, DETECT,18.2,0.02,51.3,1958
site3-1-ROOT_PFTC_SITE3_0001,3,1,west, DETECT,18.33,0.07,4.1,166
site3-1-ROOT_PFTC_SITE3_0001,3,1,west, DETECT,18.41,0.02,23.6,1306
site3-1-ROOT_PFTC_SITE3_0001,3,1,west, DETECT,18.49,0.08,12.8,1568
site3-1-ROOT_PFTC_SITE3_0001,3,1,west, DETECT,18.57,0.05,39,1136
site3-1-ROOT_PFTC_SITE3_0001,3,1,west, DETECT,18.87,0.16,2.1,102
site3-1-ROOT_PFTC_SITE3_0001,3,1,west, DETECT,19.04,0.09,13.6,2456
site3-1-ROOT_PFTC_SITE3_0001,3,1,west, DETECT,19.14,0.17,2.6,138
site3-1-ROOT_PFTC_SITE3_0001,3,1,west, DETECT,19.26,0.08,6.9,712
site3-1-ROOT_PFTC_SITE3_0001,3,1,west, DETECT,19.31,0.02,10.8,1162
site3-1-ROOT_PFTC_SITE3_0001,3,1,west, DETECT,19.42,0.17,3.2,346
site3-1-ROOT_PFTC_SITE3_0001,3,1,west, DETECT,19.54,0.12,5,745
site3-1-ROOT_PFTC_SITE3_0001,3,1,west, DETECT,19.64,0.05,7.5,529
site3-1-ROOT_PFTC_SITE3_0001,3,1,west, DETECT,19.8,0.05,6.6,847
site3-1-ROOT_PFTC_SITE3_0001,3,1,west, DETECT,19.9,0.07,20.9,2010
site3-2-ROOT_PFTC_SITE3_0002,3,2,west, DETECT,0.04,0.09,3.1,140
site3-2-ROOT_PFTC_SITE3_0002,3,2,west, DETECT,0.13,0.11,3.5,353
site3-2-ROOT_PFTC_SITE3_0002,3,2,west, DETECT,0.26,0.07,26.5,2285
site3-2-ROOT_PFTC_SITE3_0002,3,2,west, DETECT,0.51,0.09,14.2,1082
site3-2-ROOT_PFTC_SITE3_0002,3,2,west, DETECT,0.67,0.11,3.2,351
site3-2-ROOT_PFTC_SITE3_0002,3,2,west, DETECT,0.88,0.03,55.4,3002
site3-2-ROOT_PFTC_SITE3_0002,3,2,west, DETECT,0.96,0.05,5.3,239
site3-2-ROOT_PFTC_SITE3_0002,3,2,west, DETECT,1.23,0.06,6.4,889
site3-2-ROOT_PFTC_SITE3_0002,3,2,west, DETECT,1.32,0.04,12.1,968
site3-2-ROOT_PFTC_SITE3_0002,3,2,west, DETECT,1.44,0.07,12.1,1429
site3-2-ROOT_PFTC_SITE3_0002,3,2,west, DETECT,1.58,0.08,6.9,406
site3-2-ROOT_PFTC_SITE3_0002,3,2,west, DETECT,1.67,0.12,4.1,315
site3-2-ROOT_PFTC_SITE3_0002,3,2,west, DETECT,1.95,0.04,24,1796
site3-2-ROOT_PFTC_SITE3_0002,3,2,west, DETECT,2.11,0.05,4.6,235
site3-2-ROOT_PFTC_SITE3_0002,3,2,west, DETECT,2.29,0.09,4,625
site3-2-ROOT_PFTC_SITE3_0002,3,2,west, DETECT,2.38,0.05,15.8,987
site3-2-ROOT_PFTC_SITE3_0002,3,2,west, DETECT,2.51,0.22,2.4,142
site3-2-ROOT_PFTC_SITE3_0002,3,2,west, DETECT,2.53,0.1,3.4,206
site3-2-ROOT_PFTC_SITE3_0002,3,2,west, DETECT,2.65,0.08,6.9,880
site3-2-ROOT_PFTC_SITE3_0002,3,2,west, DETECT,2.79,0.04,51.3,1559
site3-2-ROOT_PFTC_SITE3_0002,3,2,west, DETECT,2.94,0.06,19.3,864
site3-2-ROOT_PFTC_SITE3_0002,3,2,west, DETECT,3,0.07,5.1,325
site3-2-ROOT_PFTC_SITE3_0002,3,2,west, DETECT,3.21,0.04,45.3,1358
site3-2-ROOT_PFTC_SITE3_0002,3,2,west, DETECT,3.27,0.08,4.7,371
site3-2-ROOT_PFTC_SITE3_0002,3,2,west, DETECT,3.37,0.04,15.2,731
site3-2-ROOT_PFTC_SITE3_0002,3,2,west, DETECT,3.5,0.08,7.2,1372
site3-2-ROOT_PFTC_SITE3_0002,3,2,west, DETECT,3.87,0.05,21.5,1621
site3-2-ROOT_PFTC_SITE3_0002,3,2,west, DETECT,4.06,0.07,3.5,177
site3-2-ROOT_PFTC_SITE3_0002,3,2,west, DETECT,4.2,0.07,50,1377
site3-2-ROOT_PFTC_SITE3_0002,3,2,west, DETECT,4.55,0.08,5.2,592
site3-2-ROOT_PFTC_SITE3_0002,3,2,west, DETECT,4.65,0.04,16.4,914
site3-2-ROOT_PFTC_SITE3_0002,3,2,west, DETECT,4.95,0.07,6.6,360
site3-2-ROOT_PFTC_SITE3_0002,3,2,west, DETECT,5.09,0.02,24.6,1447
site3-2-ROOT_PFTC_SITE3_0002,3,2,west, DETECT,5.22,0.04,14.6,1223
site3-2-ROOT_PFTC_SITE3_0002,3,2,west, DETECT,5.35,0.06,4.5,438
site3-2-ROOT_PFTC_SITE3_0002,3,2,west, DETECT,5.49,0.06,8,700
site3-2-ROOT_PFTC_SITE3_0002,3,2,west, DETECT,5.69,0.03,24.3,1294
site3-2-ROOT_PFTC_SITE3_0002,3,2,west, DETECT,5.73,0.1,4.9,420
site3-2-ROOT_PFTC_SITE3_0002,3,2,west, DETECT,5.89,0.06,4.1,407
site3-2-ROOT_PFTC_SITE3_0002,3,2,west, DETECT,5.98,0.06,9.5,663
site3-2-ROOT_PFTC_SITE3_0002,3,2,west, DETECT,6.1,0.11,3.9,433
site3-2-ROOT_PFTC_SITE3_0002,3,2,west, DETECT,6.23,0.11,11.3,1782
site3-2-ROOT_PFTC_SITE3_0002,3,2,west, DETECT,6.46,0.14,2.6,146
site3-2-ROOT_PFTC_SITE3_0002,3,2,west, DETECT,6.56,0.08,14.9,980
site3-2-ROOT_PFTC_SITE3_0002,3,2,west, DETECT,6.91,0.1,3.8,379
site3-2-ROOT_PFTC_SITE3_0002,3,2,west, DETECT,7.14,0.04,18.7,2648
site3-2-ROOT_PFTC_SITE3_0002,3,2,west, DETECT,7.38,0.07,7,659
site3-2-ROOT_PFTC_SITE3_0002,3,2,west, DETECT,7.58,0.06,25.9,774
site3-2-ROOT_PFTC_SITE3_0002,3,2,west, DETECT,8,0.01,17.2,638
site3-2-ROOT_PFTC_SITE3_0002,3,2,west, DETECT,8.48,0.1,4.9,318
site3-2-ROOT_PFTC_SITE3_0002,3,2,west, DETECT,8.69,0.05,6.7,346
site3-2-ROOT_PFTC_SITE3_0002,3,2,west, DETECT,8.81,0.03,9.7,641
site3-2-ROOT_PFTC_SITE3_0002,3,2,west, DETECT,8.88,0.04,28,1211
site3-2-ROOT_PFTC_SITE3_0002,3,2,west, DETECT,9.01,0.03,25.7,578
site3-2-ROOT_PFTC_SITE3_0002,3,2,west, DETECT,9.29,0.05,6.6,818
site3-2-ROOT_PFTC_SITE3_0002,3,2,west, DETECT,9.33,0.13,3.8,442
site3-2-ROOT_PFTC_SITE3_0002,3,2,west, DETECT,9.5,0.08,6,382
site3-2-ROOT_PFTC_SITE3_0002,3,2,west, DETECT,9.62,0.08,8.1,1235
site3-2-ROOT_PFTC_SITE3_0002,3,2,west, DETECT,9.64,0.17,2.5,191
site3-2-ROOT_PFTC_SITE3_0002,3,2,west, DETECT,9.73,0.09,4.5,449
site3-2-ROOT_PFTC_SITE3_0002,3,2,west, DETECT,9.85,0.03,8.9,504
site3-2-ROOT_PFTC_SITE3_0002,3,2,west, DETECT,10.16,0.05,5.3,349
site3-2-ROOT_PFTC_SITE3_0002,3,2,west, DETECT,10.4,0.04,5.9,236
site3-2-ROOT_PFTC_SITE3_0002,3,2,west, DETECT,10.47,0.06,4.9,251
site3-2-ROOT_PFTC_SITE3_0002,3,2,west, DETECT,10.83,0.04,8.3,369
site3-2-ROOT_PFTC_SITE3_0002,3,2,west, DETECT,11.07,0.05,40.2,2455
site3-2-ROOT_PFTC_SITE3_0002,3,2,west, DETECT,11.38,0.1,3.7,292
site3-2-ROOT_PFTC_SITE3_0002,3,2,west, DETECT,11.44,0.05,6.4,669
site3-2-ROOT_PFTC_SITE3_0002,3,2,west, DETECT,11.53,0.03,16.7,903
site3-2-ROOT_PFTC_SITE3_0002,3,2,west, DETECT,11.61,0.06,4.9,315
site3-2-ROOT_PFTC_SITE3_0002,3,2,west, DETECT,11.67,0.15,5.8,982
site3-2-ROOT_PFTC_SITE3_0002,3,2,west, DETECT,11.95,0.07,3.4,118
site3-2-ROOT_PFTC_SITE3_0002,3,2,west, DETECT,12.06,0.05,7.8,445
site3-2-ROOT_PFTC_SITE3_0002,3,2,west, DETECT,12.24,0.04,5.9,321
site3-2-ROOT_PFTC_SITE3_0002,3,2,west, DETECT,12.32,0.08,3.1,195
site3-2-ROOT_PFTC_SITE3_0002,3,2,west, DETECT,12.6,0.08,4.2,353
site3-2-ROOT_PFTC_SITE3_0002,3,2,west, DETECT,12.72,0.06,5.5,725
site3-2-ROOT_PFTC_SITE3_0002,3,2,west, DETECT,12.8,0.09,2.9,103
site3-2-ROOT_PFTC_SITE3_0002,3,2,west, DETECT,12.93,0.06,4.1,237
site3-2-ROOT_PFTC_SITE3_0002,3,2,west, DETECT,13.01,0.04,37,2367
site3-2-ROOT_PFTC_SITE3_0002,3,2,west, DETECT,13.16,0.04,5.3,219
site3-2-ROOT_PFTC_SITE3_0002,3,2,west, DETECT,13.26,0.06,4,432
site3-2-ROOT_PFTC_SITE3_0002,3,2,west, DETECT,13.4,0.05,30.6,2261
site3-2-ROOT_PFTC_SITE3_0002,3,2,west, DETECT,13.84,0.08,4.2,359
site3-2-ROOT_PFTC_SITE3_0002,3,2,west, DETECT,13.95,0.05,6.2,236
site3-2-ROOT_PFTC_SITE3_0002,3,2,west, DETECT,14.16,0.07,3.9,549
site3-2-ROOT_PFTC_SITE3_0002,3,2,west, DETECT,14.34,0.07,7.8,639
site3-2-ROOT_PFTC_SITE3_0002,3,2,west, DETECT,14.48,0.09,4.5,297
site3-2-ROOT_PFTC_SITE3_0002,3,2,west, DETECT,14.58,0.07,5.2,170
site3-2-ROOT_PFTC_SITE3_0002,3,2,west, DETECT,14.69,0.12,3.8,569
site3-2-ROOT_PFTC_SITE3_0002,3,2,west, DETECT,14.85,0.08,13.9,1366
site3-2-ROOT_PFTC_SITE3_0002,3,2,west, DETECT,15,0.05,9.8,737
site3-2-ROOT_PFTC_SITE3_0002,3,2,west, DETECT,15.44,0.04,43.1,2863
site3-2-ROOT_PFTC_SITE3_0002,3,2,west, DETECT,15.63,0.05,8.9,348
site3-2-ROOT_PFTC_SITE3_0002,3,2,west, DETECT,15.71,0.06,4.3,303
site3-2-ROOT_PFTC_SITE3_0002,3,2,west, DETECT,15.9,0.07,6.9,541
site3-2-ROOT_PFTC_SITE3_0002,3,2,west, DETECT,15.99,0.1,2.8,179
site3-2-ROOT_PFTC_SITE3_0002,3,2,west, DETECT,16.13,0.09,7,332
site3-2-ROOT_PFTC_SITE3_0002,3,2,west, DETECT,16.33,0.14,3,278
site3-2-ROOT_PFTC_SITE3_0002,3,2,west, DETECT,16.46,0.02,32.2,2892
site3-2-ROOT_PFTC_SITE3_0002,3,2,west, DETECT,16.59,0.18,2.5,166
site3-2-ROOT_PFTC_SITE3_0002,3,2,west, DETECT,16.71,0.05,10.4,957
site3-2-ROOT_PFTC_SITE3_0002,3,2,west, DETECT,16.77,0.15,3,195
site3-2-ROOT_PFTC_SITE3_0002,3,2,west, DETECT,16.81,0.07,14.9,1778
site3-2-ROOT_PFTC_SITE3_0002,3,2,west, DETECT,17,0.04,9.6,1016
site3-2-ROOT_PFTC_SITE3_0002,3,2,west, DETECT,17.11,0.09,7,590
site3-2-ROOT_PFTC_SITE3_0002,3,2,west, DETECT,17.36,0.07,13.6,1029
site3-2-ROOT_PFTC_SITE3_0002,3,2,west, DETECT,17.53,0.07,12.5,1422
site3-2-ROOT_PFTC_SITE3_0002,3,2,west, DETECT,17.6,0.12,6.9,827
site3-2-ROOT_PFTC_SITE3_0002,3,2,west, DETECT,17.73,0.01,12.5,499
site3-2-ROOT_PFTC_SITE3_0002,3,2,west, DETECT,17.88,0.05,5.2,774
site3-2-ROOT_PFTC_SITE3_0002,3,2,west, DETECT,17.99,0.09,7.7,1460
site3-2-ROOT_PFTC_SITE3_0002,3,2,west, DETECT,18.06,0.19,3.6,381
site3-2-ROOT_PFTC_SITE3_0002,3,2,west, DETECT,18.21,0.14,5.4,488
site3-2-ROOT_PFTC_SITE3_0002,3,2,west, DETECT,18.24,0.01,14.1,857
site3-2-ROOT_PFTC_SITE3_0002,3,2,west, DETECT,18.26,0.09,7.1,672
site3-2-ROOT_PFTC_SITE3_0002,3,2,west, DETECT,18.39,0.16,3.3,285
site3-2-ROOT_PFTC_SITE3_0002,3,2,west, DETECT,18.57,0.08,5.6,779
site3-2-ROOT_PFTC_SITE3_0002,3,2,west, DETECT,18.71,0.07,9.3,1217
site3-2-ROOT_PFTC_SITE3_0002,3,2,west, DETECT,18.83,0.03,17.1,1157
site3-2-ROOT_PFTC_SITE3_0002,3,2,west, DETECT,19.02,0.09,10.2,1750
site3-2-ROOT_PFTC_SITE3_0002,3,2,west, DETECT,19.29,0.07,33.1,1715
site3-2-ROOT_PFTC_SITE3_0002,3,2,west, DETECT,19.5,0.07,26.7,3040
site3-2-ROOT_PFTC_SITE3_0002,3,2,west, DETECT,19.68,0.06,8.5,717
site3-2-ROOT_PFTC_SITE3_0002,3,2,west, DETECT,19.91,0.06,6,881
site4-1-ROOT_PFTC_SITE4_(nogp)_0003,4,1,west, DETECT,0,0.02,34.4,521
site4-1-ROOT_PFTC_SITE4_(nogp)_0003,4,1,west, DETECT,0.09,0.07,3.8,206
site4-1-ROOT_PFTC_SITE4_(nogp)_0003,4,1,west, DETECT,0.18,0.06,5.1,422
site4-1-ROOT_PFTC_SITE4_(nogp)_0003,4,1,west, DETECT,0.51,0.06,7.6,908
site4-1-ROOT_PFTC_SITE4_(nogp)_0003,4,1,west, DETECT,0.63,0.08,4.2,507
site4-1-ROOT_PFTC_SITE4_(nogp)_0003,4,1,west, DETECT,0.68,0.03,15.5,2646
site4-1-ROOT_PFTC_SITE4_(nogp)_0003,4,1,west, DETECT,0.91,0.07,4.4,477
site4-1-ROOT_PFTC_SITE4_(nogp)_0003,4,1,west, DETECT,1.13,0.06,11.9,3204
site4-1-ROOT_PFTC_SITE4_(nogp)_0003,4,1,west, DETECT,1.28,0.05,6.6,963
site4-1-ROOT_PFTC_SITE4_(nogp)_0003,4,1,west, DETECT,1.43,0.07,2.7,212
site4-1-ROOT_PFTC_SITE4_(nogp)_0003,4,1,west, DETECT,1.51,0.04,10.9,1473
site4-1-ROOT_PFTC_SITE4_(nogp)_0003,4,1,west, DETECT,1.6,0.05,7.2,531
site4-1-ROOT_PFTC_SITE4_(nogp)_0003,4,1,west, DETECT,2,0.07,3.2,171
site4-1-ROOT_PFTC_SITE4_(nogp)_0003,4,1,west, DETECT,2.13,0.06,18.2,1559
site4-1-ROOT_PFTC_SITE4_(nogp)_0003,4,1,west, DETECT,2.28,0.03,7.3,432
site4-1-ROOT_PFTC_SITE4_(nogp)_0003,4,1,west, DETECT,2.64,0.05,16.3,2682
site4-1-ROOT_PFTC_SITE4_(nogp)_0003,4,1,west, DETECT,2.75,0.05,4,208
site4-1-ROOT_PFTC_SITE4_(nogp)_0003,4,1,west, DETECT,2.89,0.06,2.6,211
site4-1-ROOT_PFTC_SITE4_(nogp)_0003,4,1,west, DETECT,3.09,0.05,8.4,631
site4-1-ROOT_PFTC_SITE4_(nogp)_0003,4,1,west, DETECT,3.19,0.04,22,1056
site4-1-ROOT_PFTC_SITE4_(nogp)_0003,4,1,west, DETECT,3.36,0.05,9,1056
site4-1-ROOT_PFTC_SITE4_(nogp)_0003,4,1,west, DETECT,3.49,0.04,27.5,2083
site4-1-ROOT_PFTC_SITE4_(nogp)_0003,4,1,west, DETECT,3.67,0.03,7.6,1075
site4-1-ROOT_PFTC_SITE4_(nogp)_0003,4,1,west, DETECT,3.86,0.01,23.5,401
site4-1-ROOT_PFTC_SITE4_(nogp)_0003,4,1,west, DETECT,4,0.04,18.6,1056
site4-1-ROOT_PFTC_SITE4_(nogp)_0003,4,1,west, DETECT,4.12,0.09,3.1,244
site4-1-ROOT_PFTC_SITE4_(nogp)_0003,4,1,west, DETECT,4.27,0.06,3.8,710
site4-1-ROOT_PFTC_SITE4_(nogp)_0003,4,1,west, DETECT,4.44,0.05,6.2,300
site4-1-ROOT_PFTC_SITE4_(nogp)_0003,4,1,west, DETECT,4.61,0.03,21.5,1237
site4-1-ROOT_PFTC_SITE4_(nogp)_0003,4,1,west, DETECT,4.78,0.05,13.7,761
site4-1-ROOT_PFTC_SITE4_(nogp)_0003,4,1,west, DETECT,5.4,0.06,2.4,212
site4-1-ROOT_PFTC_SITE4_(nogp)_0003,4,1,west, DETECT,5.48,0.02,20.2,586
site4-1-ROOT_PFTC_SITE4_(nogp)_0003,4,1,west, DETECT,5.55,0.04,4.2,380
site4-1-ROOT_PFTC_SITE4_(nogp)_0003,4,1,west, DETECT,5.74,0.03,6.7,706
site4-1-ROOT_PFTC_SITE4_(nogp)_0003,4,1,west, DETECT,6.03,0.04,25.9,1137
site4-1-ROOT_PFTC_SITE4_(nogp)_0003,4,1,west, DETECT,6.17,0.09,3,320
site4-1-ROOT_PFTC_SITE4_(nogp)_0003,4,1,west, DETECT,6.31,0.06,25.5,4645
site4-1-ROOT_PFTC_SITE4_(nogp)_0003,4,1,west, DETECT,6.52,0.09,2.5,236
site4-1-ROOT_PFTC_SITE4_(nogp)_0003,4,1,west, DETECT,6.61,0.04,10.4,1036
site4-1-ROOT_PFTC_SITE4_(nogp)_0003,4,1,west, DETECT,6.73,0.09,2.1,139
site4-1-ROOT_PFTC_SITE4_(nogp)_0003,4,1,west, DETECT,6.86,0.06,4.9,1485
site4-1-ROOT_PFTC_SITE4_(nogp)_0003,4,1,west, DETECT,6.97,0.04,17.5,854
site4-1-ROOT_PFTC_SITE4_(nogp)_0003,4,1,west, DETECT,7.15,0.06,3.3,416
site4-1-ROOT_PFTC_SITE4_(nogp)_0003,4,1,west, DETECT,7.38,0.06,5.7,963
site4-1-ROOT_PFTC_SITE4_(nogp)_0003,4,1,west, DETECT,7.53,0.06,3.6,297
site4-1-ROOT_PFTC_SITE4_(nogp)_0003,4,1,west, DETECT,7.69,0.02,5.5,499
site4-1-ROOT_PFTC_SITE4_(nogp)_0003,4,1,west, DETECT,7.97,0.05,3.7,468
site4-1-ROOT_PFTC_SITE4_(nogp)_0003,4,1,west, DETECT,8.06,0.1,3.2,345
site4-1-ROOT_PFTC_SITE4_(nogp)_0003,4,1,west, DETECT,8.07,0.03,8,1201
site4-1-ROOT_PFTC_SITE4_(nogp)_0003,4,1,west, DETECT,8.26,0.04,4.1,249
site4-1-ROOT_PFTC_SITE4_(nogp)_0003,4,1,west, DETECT,8.35,0.05,12.5,845
site4-1-ROOT_PFTC_SITE4_(nogp)_0003,4,1,west, DETECT,8.53,0.05,4.5,634
site4-1-ROOT_PFTC_SITE4_(nogp)_0003,4,1,west, DETECT,8.59,0.04,4.2,362
site4-1-ROOT_PFTC_SITE4_(nogp)_0003,4,1,west, DETECT,8.65,0.05,4.5,699
site4-1-ROOT_PFTC_SITE4_(nogp)_0003,4,1,west, DETECT,8.77,0.04,2.9,92
site4-1-ROOT_PFTC_SITE4_(nogp)_0003,4,1,west, DETECT,8.96,0.06,2.6,312
site4-1-ROOT_PFTC_SITE4_(nogp)_0003,4,1,west, DETECT,9.1,0.04,7.6,468
site4-1-ROOT_PFTC_SITE4_(nogp)_0003,4,1,west, DETECT,9.17,0.02,10.9,987
site4-1-ROOT_PFTC_SITE4_(nogp)_0003,4,1,west, DETECT,9.42,0.06,7.3,2128
site4-1-ROOT_PFTC_SITE4_(nogp)_0003,4,1,west, DETECT,9.5,0.05,5,531
site4-1-ROOT_PFTC_SITE4_(nogp)_0003,4,1,west, DETECT,9.8,0.05,7.2,357
site4-1-ROOT_PFTC_SITE4_(nogp)_0003,4,1,west, DETECT,10.03,0.03,16.5,839
site4-1-ROOT_PFTC_SITE4_(nogp)_0003,4,1,west, DETECT,10.2,0.04,3.2,235
site4-1-ROOT_PFTC_SITE4_(nogp)_0003,4,1,west, DETECT,10.3,0.03,2.8,149
site4-1-ROOT_PFTC_SITE4_(nogp)_0003,4,1,west, DETECT,10.39,0.01,27.8,934
site4-1-ROOT_PFTC_SITE4_(nogp)_0003,4,1,west, DETECT,10.52,0.04,4.5,348
site4-1-ROOT_PFTC_SITE4_(nogp)_0003,4,1,west, DETECT,10.61,0.06,3.1,447
site4-1-ROOT_PFTC_SITE4_(nogp)_0003,4,1,west, DETECT,10.85,0.06,6.3,607
site4-1-ROOT_PFTC_SITE4_(nogp)_0003,4,1,west, DETECT,11.02,0.05,5.5,383
site4-1-ROOT_PFTC_SITE4_(nogp)_0003,4,1,west, DETECT,11.46,0.04,8.8,3745
site4-1-ROOT_PFTC_SITE4_(nogp)_0003,4,1,west, DETECT,11.52,0.14,2.7,191
site4-1-ROOT_PFTC_SITE4_(nogp)_0003,4,1,west, DETECT,11.57,0.11,4.3,397
site4-1-ROOT_PFTC_SITE4_(nogp)_0003,4,1,west, DETECT,11.73,0.04,4.2,703
site4-1-ROOT_PFTC_SITE4_(nogp)_0003,4,1,west, DETECT,11.8,0.11,2.4,155
site4-1-ROOT_PFTC_SITE4_(nogp)_0003,4,1,west, DETECT,11.94,0.14,2.7,339
site4-1-ROOT_PFTC_SITE4_(nogp)_0003,4,1,west, DETECT,11.95,0.04,4.7,750
site4-1-ROOT_PFTC_SITE4_(nogp)_0003,4,1,west, DETECT,12.14,0.05,6.1,2485
site4-1-ROOT_PFTC_SITE4_(nogp)_0003,4,1,west, DETECT,12.38,0.01,35,625
site4-1-ROOT_PFTC_SITE4_(nogp)_0003,4,1,west, DETECT,12.5,0.06,9,1542
site4-1-ROOT_PFTC_SITE4_(nogp)_0003,4,1,west, DETECT,12.61,0.04,28.2,760
site4-1-ROOT_PFTC_SITE4_(nogp)_0003,4,1,west, DETECT,12.8,0.07,2.2,166
site4-1-ROOT_PFTC_SITE4_(nogp)_0003,4,1,west, DETECT,13.04,0.07,4.5,1156
site4-1-ROOT_PFTC_SITE4_(nogp)_0003,4,1,west, DETECT,13.11,0.14,2.3,154
site4-1-ROOT_PFTC_SITE4_(nogp)_0003,4,1,west, DETECT,13.26,0.15,2.5,252
site4-1-ROOT_PFTC_SITE4_(nogp)_0003,4,1,west, DETECT,13.3,0.02,11,1268
site4-1-ROOT_PFTC_SITE4_(nogp)_0003,4,1,west, DETECT,13.35,0.09,2.8,143
site4-1-ROOT_PFTC_SITE4_(nogp)_0003,4,1,west, DETECT,13.56,0.04,3.3,524
site4-1-ROOT_PFTC_SITE4_(nogp)_0003,4,1,west, DETECT,13.63,0.04,13.3,490
site4-1-ROOT_PFTC_SITE4_(nogp)_0003,4,1,west, DETECT,13.77,0.02,24,1280
site4-1-ROOT_PFTC_SITE4_(nogp)_0003,4,1,west, DETECT,13.85,0.05,4.8,900
site4-1-ROOT_PFTC_SITE4_(nogp)_0003,4,1,west, DETECT,14.32,0.04,8.9,1854
site4-1-ROOT_PFTC_SITE4_(nogp)_0003,4,1,west, DETECT,14.49,0.05,7.4,1506
site4-1-ROOT_PFTC_SITE4_(nogp)_0003,4,1,west, DETECT,14.78,0.05,4.5,441
site4-1-ROOT_PFTC_SITE4_(nogp)_0003,4,1,west, DETECT,14.9,0.07,2.9,231
site4-1-ROOT_PFTC_SITE4_(nogp)_0003,4,1,west, DETECT,15.02,0.05,6.9,490
site4-1-ROOT_PFTC_SITE4_(nogp)_0003,4,1,west, DETECT,15.12,0.08,5.6,1068
site4-1-ROOT_PFTC_SITE4_(nogp)_0003,4,1,west, DETECT,15.29,0.07,3.1,235
site4-1-ROOT_PFTC_SITE4_(nogp)_0003,4,1,west, DETECT,15.47,0.05,3.8,319
site4-1-ROOT_PFTC_SITE4_(nogp)_0003,4,1,west, DETECT,15.58,0.05,3,188
site4-1-ROOT_PFTC_SITE4_(nogp)_0003,4,1,west, DETECT,15.66,0.06,7.3,1645
site4-1-ROOT_PFTC_SITE4_(nogp)_0003,4,1,west, DETECT,15.74,0.02,12.5,576
site4-1-ROOT_PFTC_SITE4_(nogp)_0003,4,1,west, DETECT,15.86,0.04,5.1,465
site4-1-ROOT_PFTC_SITE4_(nogp)_0003,4,1,west, DETECT,15.99,0.05,14.1,2139
site4-1-ROOT_PFTC_SITE4_(nogp)_0003,4,1,west, DETECT,16.19,0.06,9.9,3027
site4-1-ROOT_PFTC_SITE4_(nogp)_0003,4,1,west, DETECT,16.29,0.06,6.3,391
site4-1-ROOT_PFTC_SITE4_(nogp)_0003,4,1,west, DETECT,16.35,0.06,5.5,552
site4-1-ROOT_PFTC_SITE4_(nogp)_0003,4,1,west, DETECT,16.6,0.04,19.5,899
site4-1-ROOT_PFTC_SITE4_(nogp)_0003,4,1,west, DETECT,16.71,0.08,3.3,281
site4-1-ROOT_PFTC_SITE4_(nogp)_0003,4,1,west, DETECT,16.88,0.08,4.4,683
site4-1-ROOT_PFTC_SITE4_(nogp)_0003,4,1,west, DETECT,16.98,0.02,17.7,3346
site4-1-ROOT_PFTC_SITE4_(nogp)_0003,4,1,west, DETECT,17.01,0.08,12.7,1742
site4-1-ROOT_PFTC_SITE4_(nogp)_0003,4,1,west, DETECT,17.21,0.09,4.3,576
site4-1-ROOT_PFTC_SITE4_(nogp)_0003,4,1,west, DETECT,17.42,0.06,11.9,1851
site4-1-ROOT_PFTC_SITE4_(nogp)_0003,4,1,west, DETECT,17.59,0.05,7.3,889
site4-1-ROOT_PFTC_SITE4_(nogp)_0003,4,1,west, DETECT,17.83,0.04,4.3,768
site4-1-ROOT_PFTC_SITE4_(nogp)_0003,4,1,west, DETECT,17.95,0.09,2.3,148
site4-1-ROOT_PFTC_SITE4_(nogp)_0003,4,1,west, DETECT,18.05,0.03,11.4,1380
site4-1-ROOT_PFTC_SITE4_(nogp)_0003,4,1,west, DETECT,18.15,0.07,3.5,311
site4-1-ROOT_PFTC_SITE4_(nogp)_0003,4,1,west, DETECT,18.24,0.04,10.1,2317
site4-1-ROOT_PFTC_SITE4_(nogp)_0003,4,1,west, DETECT,18.5,0.02,16.3,3402
site4-1-ROOT_PFTC_SITE4_(nogp)_0003,4,1,west, DETECT,18.52,0.06,7.1,1018
site4-1-ROOT_PFTC_SITE4_(nogp)_0003,4,1,west, DETECT,18.58,0.11,2.1,179
site4-1-ROOT_PFTC_SITE4_(nogp)_0003,4,1,west, DETECT,18.64,0.02,6.6,552
site4-1-ROOT_PFTC_SITE4_(nogp)_0003,4,1,west, DETECT,18.75,0.06,3.7,272
site4-1-ROOT_PFTC_SITE4_(nogp)_0003,4,1,west, DETECT,18.88,0.09,3,194
site4-1-ROOT_PFTC_SITE4_(nogp)_0003,4,1,west, DETECT,18.91,0.02,9.9,941
site4-1-ROOT_PFTC_SITE4_(nogp)_0003,4,1,west, DETECT,19.08,0.05,12.8,1406
site4-1-ROOT_PFTC_SITE4_(nogp)_0003,4,1,west, DETECT,19.2,0.04,5,384
site4-1-ROOT_PFTC_SITE4_(nogp)_0003,4,1,west, DETECT,19.46,0.12,3.2,298
site4-1-ROOT_PFTC_SITE4_(nogp)_0003,4,1,west, DETECT,19.5,0.07,6.7,1564
site4-1-ROOT_PFTC_SITE4_(nogp)_0003,4,1,west, DETECT,19.57,0.01,16.5,547
site4-1-ROOT_PFTC_SITE4_(nogp)_0003,4,1,west, DETECT,19.62,0.04,16.8,1423
site4-1-ROOT_PFTC_SITE4_(nogp)_0003,4,1,west, DETECT,19.69,0.09,6.7,2398
site4-1-ROOT_PFTC_SITE4_(nogp)_0003,4,1,west, DETECT,19.84,0.03,7.5,1320
site4-1-ROOT_PFTC_SITE4_(nogp)_0003,4,1,west, DETECT,20,0.04,6.9,210
site4-2-ROOT_PFTC_SITE4_(nogp)_0004,4,2,west, DETECT,0.01,0.06,18.7,1124
site4-2-ROOT_PFTC_SITE4_(nogp)_0004,4,2,west, DETECT,0.2,0.04,11.3,1097
site4-2-ROOT_PFTC_SITE4_(nogp)_0004,4,2,west, DETECT,0.32,0.05,1.7,560
site4-2-ROOT_PFTC_SITE4_(nogp)_0004,4,2,west, DETECT,0.59,0.06,2.3,692
site4-2-ROOT_PFTC_SITE4_(nogp)_0004,4,2,west, DETECT,0.75,0.05,16.5,1686
site4-2-ROOT_PFTC_SITE4_(nogp)_0004,4,2,west, DETECT,0.94,0.07,2.7,1042
site4-2-ROOT_PFTC_SITE4_(nogp)_0004,4,2,west, DETECT,1.06,0.05,3.7,518
site4-2-ROOT_PFTC_SITE4_(nogp)_0004,4,2,west, DETECT,1.23,0.05,20.1,2167
site4-2-ROOT_PFTC_SITE4_(nogp)_0004,4,2,west, DETECT,1.34,0.07,3.1,759
site4-2-ROOT_PFTC_SITE4_(nogp)_0004,4,2,west, DETECT,1.46,0.08,5.2,2253
site4-2-ROOT_PFTC_SITE4_(nogp)_0004,4,2,west, DETECT,1.55,0.05,2,216
site4-2-ROOT_PFTC_SITE4_(nogp)_0004,4,2,west, DETECT,1.66,0.08,3,715
site4-2-ROOT_PFTC_SITE4_(nogp)_0004,4,2,west, DETECT,1.79,0.06,24,1997
site4-2-ROOT_PFTC_SITE4_(nogp)_0004,4,2,west, DETECT,1.9,0.02,11.5,731
site4-2-ROOT_PFTC_SITE4_(nogp)_0004,4,2,west, DETECT,1.97,0.06,2.1,528
site4-2-ROOT_PFTC_SITE4_(nogp)_0004,4,2,west, DETECT,2.04,0.03,6.6,995
site4-2-ROOT_PFTC_SITE4_(nogp)_0004,4,2,west, DETECT,2.07,0.09,1.2,146
site4-2-ROOT_PFTC_SITE4_(nogp)_0004,4,2,west, DETECT,2.1,0.05,2.2,542
site4-2-ROOT_PFTC_SITE4_(nogp)_0004,4,2,west, DETECT,2.34,0.05,1.9,706
site4-2-ROOT_PFTC_SITE4_(nogp)_0004,4,2,west, DETECT,2.46,0.09,1.4,338
site4-2-ROOT_PFTC_SITE4_(nogp)_0004,4,2,west, DETECT,2.74,0.07,4.7,1586
site4-2-ROOT_PFTC_SITE4_(nogp)_0004,4,2,west, DETECT,3,0.07,3.3,1243
site4-2-ROOT_PFTC_SITE4_(nogp)_0004,4,2,west, DETECT,3.17,0.06,4.4,1376
site4-2-ROOT_PFTC_SITE4_(nogp)_0004,4,2,west, DETECT,3.37,0.04,36.5,3255
site4-2-ROOT_PFTC_SITE4_(nogp)_0004,4,2,west, DETECT,3.59,0.05,4.1,828
site4-2-ROOT_PFTC_SITE4_(nogp)_0004,4,2,west, DETECT,3.72,0.03,27.7,1765
site4-2-ROOT_PFTC_SITE4_(nogp)_0004,4,2,west, DETECT,3.87,0.1,2.9,1130
site4-2-ROOT_PFTC_SITE4_(nogp)_0004,4,2,west, DETECT,3.97,0.03,5.7,1004
site4-2-ROOT_PFTC_SITE4_(nogp)_0004,4,2,west, DETECT,4.11,0.08,1.8,305
site4-2-ROOT_PFTC_SITE4_(nogp)_0004,4,2,west, DETECT,4.27,0.07,3.3,1569
site4-2-ROOT_PFTC_SITE4_(nogp)_0004,4,2,west, DETECT,4.39,0.04,6.9,720
site4-2-ROOT_PFTC_SITE4_(nogp)_0004,4,2,west, DETECT,4.52,0.05,3.9,536
site4-2-ROOT_PFTC_SITE4_(nogp)_0004,4,2,west, DETECT,4.66,0.05,3.6,495
site4-2-ROOT_PFTC_SITE4_(nogp)_0004,4,2,west, DETECT,4.79,0.08,2.8,813
site4-2-ROOT_PFTC_SITE4_(nogp)_0004,4,2,west, DETECT,4.88,0.02,28.5,1606
site4-2-ROOT_PFTC_SITE4_(nogp)_0004,4,2,west, DETECT,4.96,0.09,2.2,424
site4-2-ROOT_PFTC_SITE4_(nogp)_0004,4,2,west, DETECT,5.13,0.09,1.4,211
site4-2-ROOT_PFTC_SITE4_(nogp)_0004,4,2,west, DETECT,5.16,0.04,5,1937
site4-2-ROOT_PFTC_SITE4_(nogp)_0004,4,2,west, DETECT,5.21,0.08,1.9,402
site4-2-ROOT_PFTC_SITE4_(nogp)_0004,4,2,west, DETECT,5.43,0.08,3.6,800
site4-2-ROOT_PFTC_SITE4_(nogp)_0004,4,2,west, DETECT,5.67,0.04,7.9,1505
site4-2-ROOT_PFTC_SITE4_(nogp)_0004,4,2,west, DETECT,5.78,0.06,3.8,916
site4-2-ROOT_PFTC_SITE4_(nogp)_0004,4,2,west, DETECT,5.89,0.08,1.5,174
site4-2-ROOT_PFTC_SITE4_(nogp)_0004,4,2,west, DETECT,6.08,0.06,4.2,946
site4-2-ROOT_PFTC_SITE4_(nogp)_0004,4,2,west, DETECT,6.21,0.08,4.7,669
site4-2-ROOT_PFTC_SITE4_(nogp)_0004,4,2,west, DETECT,6.31,0.06,13.5,1852
site4-2-ROOT_PFTC_SITE4_(nogp)_0004,4,2,west, DETECT,6.51,0.07,1.5,223
site4-2-ROOT_PFTC_SITE4_(nogp)_0004,4,2,west, DETECT,6.63,0.05,2.7,705
site4-2-ROOT_PFTC_SITE4_(nogp)_0004,4,2,west, DETECT,6.75,0.06,4.3,2468
site4-2-ROOT_PFTC_SITE4_(nogp)_0004,4,2,west, DETECT,6.83,0.11,1.4,396
site4-2-ROOT_PFTC_SITE4_(nogp)_0004,4,2,west, DETECT,7.07,0.11,1.6,377
site4-2-ROOT_PFTC_SITE4_(nogp)_0004,4,2,west, DETECT,7.14,0.03,7,631
site4-2-ROOT_PFTC_SITE4_(nogp)_0004,4,2,west, DETECT,7.2,0.02,2.9,378
site4-2-ROOT_PFTC_SITE4_(nogp)_0004,4,2,west, DETECT,7.31,0.09,2.3,738
site4-2-ROOT_PFTC_SITE4_(nogp)_0004,4,2,west, DETECT,7.34,0.03,1.8,176
site4-2-ROOT_PFTC_SITE4_(nogp)_0004,4,2,west, DETECT,7.61,0.04,8.8,1761
site4-2-ROOT_PFTC_SITE4_(nogp)_0004,4,2,west, DETECT,7.84,0.07,3.8,1622
site4-2-ROOT_PFTC_SITE4_(nogp)_0004,4,2,west, DETECT,7.9,0.12,1.5,267
site4-2-ROOT_PFTC_SITE4_(nogp)_0004,4,2,west, DETECT,7.98,0.05,5.9,3125
site4-2-ROOT_PFTC_SITE4_(nogp)_0004,4,2,west, DETECT,8.26,0.09,5,1537
site4-2-ROOT_PFTC_SITE4_(nogp)_0004,4,2,west, DETECT,8.37,0.08,1.4,206
site4-2-ROOT_PFTC_SITE4_(nogp)_0004,4,2,west, DETECT,8.55,0.07,4.8,1894
site4-2-ROOT_PFTC_SITE4_(nogp)_0004,4,2,west, DETECT,8.64,0.1,2.5,435
site4-2-ROOT_PFTC_SITE4_(nogp)_0004,4,2,west, DETECT,8.8,0.08,2.7,1360
site4-2-ROOT_PFTC_SITE4_(nogp)_0004,4,2,west, DETECT,8.89,0.05,3.3,171
site4-2-ROOT_PFTC_SITE4_(nogp)_0004,4,2,west, DETECT,8.96,0.06,2.7,1986
site4-2-ROOT_PFTC_SITE4_(nogp)_0004,4,2,west, DETECT,9.14,0.08,2.5,621
site4-2-ROOT_PFTC_SITE4_(nogp)_0004,4,2,west, DETECT,9.43,0.05,3.6,679
site4-2-ROOT_PFTC_SITE4_(nogp)_0004,4,2,west, DETECT,9.66,0.06,6.6,2088
site4-2-ROOT_PFTC_SITE4_(nogp)_0004,4,2,west, DETECT,9.77,0.08,2,278
site4-2-ROOT_PFTC_SITE4_(nogp)_0004,4,2,west, DETECT,10.04,0.06,3,486
site4-2-ROOT_PFTC_SITE4_(nogp)_0004,4,2,west, DETECT,10.13,0.1,1.6,334
site4-2-ROOT_PFTC_SITE4_(nogp)_0004,4,2,west, DETECT,10.14,0.04,5.5,1562
site4-2-ROOT_PFTC_SITE4_(nogp)_0004,4,2,west, DETECT,10.28,0.09,3.7,597
site4-2-ROOT_PFTC_SITE4_(nogp)_0004,4,2,west, DETECT,10.37,0.08,1.7,482
site4-2-ROOT_PFTC_SITE4_(nogp)_0004,4,2,west, DETECT,10.63,0.05,24.9,3605
site4-2-ROOT_PFTC_SITE4_(nogp)_0004,4,2,west, DETECT,10.75,0.06,2.2,491
site4-2-ROOT_PFTC_SITE4_(nogp)_0004,4,2,west, DETECT,10.84,0.05,1.8,173
site4-2-ROOT_PFTC_SITE4_(nogp)_0004,4,2,west, DETECT,10.97,0.08,2.5,1411
site4-2-ROOT_PFTC_SITE4_(nogp)_0004,4,2,west, DETECT,11.06,0.1,1.4,280
site4-2-ROOT_PFTC_SITE4_(nogp)_0004,4,2,west, DETECT,11.11,0.06,3.8,1295
site4-2-ROOT_PFTC_SITE4_(nogp)_0004,4,2,west, DETECT,11.43,0.08,2.3,753
site4-2-ROOT_PFTC_SITE4_(nogp)_0004,4,2,west, DETECT,11.5,0.02,38.9,5518
site4-2-ROOT_PFTC_SITE4_(nogp)_0004,4,2,west, DETECT,11.64,0.06,10.1,2537
site4-2-ROOT_PFTC_SITE4_(nogp)_0004,4,2,west, DETECT,11.79,0.06,6.4,643
site4-2-ROOT_PFTC_SITE4_(nogp)_0004,4,2,west, DETECT,11.86,0.09,2.8,685
site4-2-ROOT_PFTC_SITE4_(nogp)_0004,4,2,west, DETECT,12.04,0.1,1,249
site4-2-ROOT_PFTC_SITE4_(nogp)_0004,4,2,west, DETECT,12.11,0.06,7.2,1094
site4-2-ROOT_PFTC_SITE4_(nogp)_0004,4,2,west, DETECT,12.25,0.06,3.3,608
site4-2-ROOT_PFTC_SITE4_(nogp)_0004,4,2,west, DETECT,12.38,0.06,5.8,866
site4-2-ROOT_PFTC_SITE4_(nogp)_0004,4,2,west, DETECT,12.57,0.08,1.2,300
site4-2-ROOT_PFTC_SITE4_(nogp)_0004,4,2,west, DETECT,12.68,0.08,1.9,1421
site4-2-ROOT_PFTC_SITE4_(nogp)_0004,4,2,west, DETECT,12.81,0.09,2,402
site4-2-ROOT_PFTC_SITE4_(nogp)_0004,4,2,west, DETECT,13.03,0.08,3.4,1544
site4-2-ROOT_PFTC_SITE4_(nogp)_0004,4,2,west, DETECT,13.12,0.03,8.3,1278
site4-2-ROOT_PFTC_SITE4_(nogp)_0004,4,2,west, DETECT,13.22,0.06,3.8,1416
site4-2-ROOT_PFTC_SITE4_(nogp)_0004,4,2,west, DETECT,13.43,0.04,7.6,894
site4-2-ROOT_PFTC_SITE4_(nogp)_0004,4,2,west, DETECT,13.51,0.05,2.1,781
site4-2-ROOT_PFTC_SITE4_(nogp)_0004,4,2,west, DETECT,13.52,0.12,1.2,410
site4-2-ROOT_PFTC_SITE4_(nogp)_0004,4,2,west, DETECT,13.65,0.05,34,3511
site4-2-ROOT_PFTC_SITE4_(nogp)_0004,4,2,west, DETECT,13.76,0.05,16.8,820
site4-2-ROOT_PFTC_SITE4_(nogp)_0004,4,2,west, DETECT,13.89,0.02,26.5,2906
site4-2-ROOT_PFTC_SITE4_(nogp)_0004,4,2,west, DETECT,13.94,0.06,2.2,727
site4-2-ROOT_PFTC_SITE4_(nogp)_0004,4,2,west, DETECT,14.08,0.06,4.3,827
site4-2-ROOT_PFTC_SITE4_(nogp)_0004,4,2,west, DETECT,14.11,0.1,2.3,563
site4-2-ROOT_PFTC_SITE4_(nogp)_0004,4,2,west, DETECT,14.27,0.08,4.1,1228
site4-2-ROOT_PFTC_SITE4_(nogp)_0004,4,2,west, DETECT,14.43,0.05,28.7,1717
site4-2-ROOT_PFTC_SITE4_(nogp)_0004,4,2,west, DETECT,14.68,0.07,2.6,1046
site4-2-ROOT_PFTC_SITE4_(nogp)_0004,4,2,west, DETECT,14.85,0.06,2.3,477
site4-2-ROOT_PFTC_SITE4_(nogp)_0004,4,2,west, DETECT,14.91,0.01,13.6,774
site4-2-ROOT_PFTC_SITE4_(nogp)_0004,4,2,west, DETECT,15.26,0.06,7.4,2423
site4-2-ROOT_PFTC_SITE4_(nogp)_0004,4,2,west, DETECT,15.51,0.07,2.4,686
site4-2-ROOT_PFTC_SITE4_(nogp)_0004,4,2,west, DETECT,15.58,0.06,4.5,479
site4-2-ROOT_PFTC_SITE4_(nogp)_0004,4,2,west, DETECT,15.66,0.09,2.8,872
site4-2-ROOT_PFTC_SITE4_(nogp)_0004,4,2,west, DETECT,15.83,0.07,2.4,247
site4-2-ROOT_PFTC_SITE4_(nogp)_0004,4,2,west, DETECT,15.93,0.08,2.8,943
site4-2-ROOT_PFTC_SITE4_(nogp)_0004,4,2,west, DETECT,16.07,0.08,5.8,2623
site4-2-ROOT_PFTC_SITE4_(nogp)_0004,4,2,west, DETECT,16.36,0.05,12.7,8291
site4-2-ROOT_PFTC_SITE4_(nogp)_0004,4,2,west, DETECT,16.63,0.02,18.8,4531
site4-2-ROOT_PFTC_SITE4_(nogp)_0004,4,2,west, DETECT,16.69,0.08,3.4,1472
site4-2-ROOT_PFTC_SITE4_(nogp)_0004,4,2,west, DETECT,16.8,0.12,1.6,814
site4-2-ROOT_PFTC_SITE4_(nogp)_0004,4,2,west, DETECT,16.96,0.11,1.7,605
site4-2-ROOT_PFTC_SITE4_(nogp)_0004,4,2,west, DETECT,17.16,0.11,1.2,181
site4-2-ROOT_PFTC_SITE4_(nogp)_0004,4,2,west, DETECT,17.41,0.11,1.4,562
site4-2-ROOT_PFTC_SITE4_(nogp)_0004,4,2,west, DETECT,17.53,0.1,1.5,192
site4-2-ROOT_PFTC_SITE4_(nogp)_0004,4,2,west, DETECT,17.75,0.12,3.4,1568
site4-2-ROOT_PFTC_SITE4_(nogp)_0004,4,2,west, DETECT,17.98,0.01,14.8,1628
site4-2-ROOT_PFTC_SITE4_(nogp)_0004,4,2,west, DETECT,18.13,0.03,12.3,977
site4-2-ROOT_PFTC_SITE4_(nogp)_0004,4,2,west, DETECT,18.15,0.09,1.8,626
site4-2-ROOT_PFTC_SITE4_(nogp)_0004,4,2,west, DETECT,18.3,0.09,1.1,449
site4-2-ROOT_PFTC_SITE4_(nogp)_0004,4,2,west, DETECT,18.32,0.02,11.7,2229
site4-2-ROOT_PFTC_SITE4_(nogp)_0004,4,2,west, DETECT,18.43,0.05,3.9,1518
site4-2-ROOT_PFTC_SITE4_(nogp)_0004,4,2,west, DETECT,18.57,0.1,1.9,836
site4-2-ROOT_PFTC_SITE4_(nogp)_0004,4,2,west, DETECT,18.71,0.06,3,617
site4-2-ROOT_PFTC_SITE4_(nogp)_0004,4,2,west, DETECT,18.96,0.09,1.9,907
site4-2-ROOT_PFTC_SITE4_(nogp)_0004,4,2,west, DETECT,19.08,0.08,5.4,1613
site4-2-ROOT_PFTC_SITE4_(nogp)_0004,4,2,west, DETECT,19.3,0.06,3,859
site4-2-ROOT_PFTC_SITE4_(nogp)_0004,4,2,west, DETECT,19.4,0.08,2.1,271
site4-2-ROOT_PFTC_SITE4_(nogp)_0004,4,2,west, DETECT,19.48,0.13,1.1,226
site4-2-ROOT_PFTC_SITE4_(nogp)_0004,4,2,west, DETECT,19.59,0.08,3.7,1362
