date,elevation_m_asl,site_id,aspect,scan_file,type,position_m,depth_m,amplitude_dB,pixel_count
14/12/2023,2000,1,east,ROOT_PFTC7_SITE1_(nogp)_plot_e,DETECT,0.01,0.02,21.3,186
14/12/2023,2000,1,east,ROOT_PFTC7_SITE1_(nogp)_plot_e,DETECT,0.07,0.08,1.8,318
14/12/2023,2000,1,east,ROOT_PFTC7_SITE1_(nogp)_plot_e,DETECT,0.13,0.11,1.3,273
14/12/2023,2000,1,east,ROOT_PFTC7_SITE1_(nogp)_plot_e,DETECT,0.16,0.05,2.6,572
14/12/2023,2000,1,east,ROOT_PFTC7_SITE1_(nogp)_plot_e,DETECT,0.37,0.05,2.3,506
14/12/2023,2000,1,east,ROOT_PFTC7_SITE1_(nogp)_plot_e,DETECT,0.5,0.04,17.9,2257
14/12/2023,2000,1,east,ROOT_PFTC7_SITE1_(nogp)_plot_e,DETECT,0.59,0.11,1.6,653
14/12/2023,2000,1,east,ROOT_PFTC7_SITE1_(nogp)_plot_e,DETECT,0.68,0.05,2.2,348
14/12/2023,2000,1,east,ROOT_PFTC7_SITE1_(nogp)_plot_e,DETECT,0.77,0.09,1.8,427
14/12/2023,2000,1,east,ROOT_PFTC7_SITE1_(nogp)_plot_e,DETECT,0.79,0.03,1.7,157
14/12/2023,2000,1,east,ROOT_PFTC7_SITE1_(nogp)_plot_e,DETECT,0.91,0.06,3.0,1321
14/12/2023,2000,1,east,ROOT_PFTC7_SITE1_(nogp)_plot_e,DETECT,1.44,0.11,2.4,1172
14/12/2023,2000,1,east,ROOT_PFTC7_SITE1_(nogp)_plot_e,DETECT,1.61,0.13,1.1,220
14/12/2023,2000,1,east,ROOT_PFTC7_SITE1_(nogp)_plot_e,DETECT,1.86,0.07,4.7,1744
14/12/2023,2000,1,east,ROOT_PFTC7_SITE1_(nogp)_plot_e,DETECT,2.12,0.05,5.4,1065
14/12/2023,2000,1,east,ROOT_PFTC7_SITE1_(nogp)_plot_e,DETECT,2.35,0.07,4.4,733
14/12/2023,2000,1,east,ROOT_PFTC7_SITE1_(nogp)_plot_e,DETECT,2.51,0.11,1.3,184
14/12/2023,2000,1,east,ROOT_PFTC7_SITE1_(nogp)_plot_e,DETECT,2.7,0.03,10.4,1662
14/12/2023,2000,1,east,ROOT_PFTC7_SITE1_(nogp)_plot_e,DETECT,2.88,0.06,5.1,1639
14/12/2023,2000,1,east,ROOT_PFTC7_SITE1_(nogp)_plot_e,DETECT,3.21,0.07,2.7,1106
14/12/2023,2000,1,east,ROOT_PFTC7_SITE1_(nogp)_plot_e,DETECT,3.38,0.08,1.8,589
14/12/2023,2000,1,east,ROOT_PFTC7_SITE1_(nogp)_plot_e,DETECT,3.61,0.08,6.3,1268
14/12/2023,2000,1,east,ROOT_PFTC7_SITE1_(nogp)_plot_e,DETECT,4.12,0.08,1.7,900
14/12/2023,2000,1,east,ROOT_PFTC7_SITE1_(nogp)_plot_e,DETECT,4.88,0.06,2.6,661
14/12/2023,2000,1,east,ROOT_PFTC7_SITE1_(nogp)_plot_e,DETECT,5.15,0.12,1.0,187
14/12/2023,2000,1,east,ROOT_PFTC7_SITE1_(nogp)_plot_e,DETECT,5.19,0.07,1.3,170
14/12/2023,2000,1,east,ROOT_PFTC7_SITE1_(nogp)_plot_e,DETECT,5.36,0.10,0.9,129
14/12/2023,2000,1,east,ROOT_PFTC7_SITE1_(nogp)_plot_e,DETECT,5.53,0.02,12.0,1366
14/12/2023,2000,1,east,ROOT_PFTC7_SITE1_(nogp)_plot_e,DETECT,5.64,0.07,2.3,716
14/12/2023,2000,1,east,ROOT_PFTC7_SITE1_(nogp)_plot_e,DETECT,5.76,0.06,4.0,1096
14/12/2023,2000,1,east,ROOT_PFTC7_SITE1_(nogp)_plot_e,DETECT,5.99,0.08,2.5,652
14/12/2023,2000,1,east,ROOT_PFTC7_SITE1_(nogp)_plot_e,DETECT,6.21,0.04,5.2,842
14/12/2023,2000,1,east,ROOT_PFTC7_SITE1_(nogp)_plot_e,DETECT,6.39,0.07,2.8,566
14/12/2023,2000,1,east,ROOT_PFTC7_SITE1_(nogp)_plot_e,DETECT,6.56,0.05,22.3,4566
14/12/2023,2000,1,east,ROOT_PFTC7_SITE1_(nogp)_plot_e,DETECT,7.32,0.12,1.1,327
14/12/2023,2000,1,east,ROOT_PFTC7_SITE1_(nogp)_plot_e,DETECT,7.43,0.04,8.0,2800
14/12/2023,2000,1,east,ROOT_PFTC7_SITE1_(nogp)_plot_e,DETECT,7.45,0.10,1.6,324
14/12/2023,2000,1,east,ROOT_PFTC7_SITE1_(nogp)_plot_e,DETECT,7.53,0.13,3.3,1399
14/12/2023,2000,1,east,ROOT_PFTC7_SITE1_(nogp)_plot_e,DETECT,7.66,0.06,15.2,1552
14/12/2023,2000,1,east,ROOT_PFTC7_SITE1_(nogp)_plot_e,DETECT,7.77,0.15,1.6,549
14/12/2023,2000,1,east,ROOT_PFTC7_SITE1_(nogp)_plot_e,DETECT,7.86,0.05,18.0,1898
14/12/2023,2000,1,east,ROOT_PFTC7_SITE1_(nogp)_plot_e,DETECT,8.18,0.07,1.7,452
14/12/2023,2000,1,east,ROOT_PFTC7_SITE1_(nogp)_plot_e,DETECT,8.37,0.17,0.9,197
14/12/2023,2000,1,east,ROOT_PFTC7_SITE1_(nogp)_plot_e,DETECT,8.6,0.07,1.2,274
14/12/2023,2000,1,east,ROOT_PFTC7_SITE1_(nogp)_plot_e,DETECT,8.84,0.05,5.3,280
14/12/2023,2000,1,east,ROOT_PFTC7_SITE1_(nogp)_plot_e,DETECT,8.89,0.13,1.1,168
14/12/2023,2000,1,east,ROOT_PFTC7_SITE1_(nogp)_plot_e,DETECT,9.01,0.08,2.5,944
14/12/2023,2000,1,east,ROOT_PFTC7_SITE1_(nogp)_plot_e,DETECT,9.32,0.11,1.1,339
14/12/2023,2000,1,east,ROOT_PFTC7_SITE1_(nogp)_plot_e,DETECT,9.39,0.06,2.4,1066
14/12/2023,2000,1,east,ROOT_PFTC7_SITE1_(nogp)_plot_e,DETECT,9.54,0.16,1.0,197
14/12/2023,2000,1,east,ROOT_PFTC7_SITE1_(nogp)_plot_e,DETECT,9.61,0.08,2.8,880
14/12/2023,2000,1,east,ROOT_PFTC7_SITE1_(nogp)_plot_e,DETECT,9.81,0.09,1.1,318
14/12/2023,2000,1,east,ROOT_PFTC7_SITE1_(nogp)_plot_e,DETECT,9.9,0.13,0.8,150
14/12/2023,2000,1,east,ROOT_PFTC7_SITE1_(nogp)_plot_e,DETECT,9.96,0.15,0.8,184
14/12/2023,2000,1,east,ROOT_PFTC7_SITE1_(nogp)_plot_e,DETECT,10.09,0.10,2.9,622
14/12/2023,2000,1,east,ROOT_PFTC7_SITE1_(nogp)_plot_e,DETECT,10.3,0.10,0.9,196
14/12/2023,2000,1,east,ROOT_PFTC7_SITE1_(nogp)_plot_e,DETECT,10.39,0.05,4.9,1050
14/12/2023,2000,1,east,ROOT_PFTC7_SITE1_(nogp)_plot_e,DETECT,10.62,0.04,4.2,489
14/12/2023,2000,1,east,ROOT_PFTC7_SITE1_(nogp)_plot_e,DETECT,10.81,0.07,2.2,466
14/12/2023,2000,1,east,ROOT_PFTC7_SITE1_(nogp)_plot_e,DETECT,11.1,0.06,1.2,229
14/12/2023,2000,1,east,ROOT_PFTC7_SITE1_(nogp)_plot_e,DETECT,11.4,0.03,17.5,2837
14/12/2023,2000,1,east,ROOT_PFTC7_SITE1_(nogp)_plot_e,DETECT,11.45,0.17,0.9,231
14/12/2023,2000,1,east,ROOT_PFTC7_SITE1_(nogp)_plot_e,DETECT,11.48,0.07,1.4,198
14/12/2023,2000,1,east,ROOT_PFTC7_SITE1_(nogp)_plot_e,DETECT,11.49,0.04,5.1,385
14/12/2023,2000,1,east,ROOT_PFTC7_SITE1_(nogp)_plot_e,DETECT,11.65,0.16,0.7,185
14/12/2023,2000,1,east,ROOT_PFTC7_SITE1_(nogp)_plot_e,DETECT,11.75,0.07,3.5,1149
14/12/2023,2000,1,east,ROOT_PFTC7_SITE1_(nogp)_plot_e,DETECT,12.01,0.04,14.9,881
14/12/2023,2000,1,east,ROOT_PFTC7_SITE1_(nogp)_plot_e,DETECT,12.24,0.06,4.0,642
14/12/2023,2000,1,east,ROOT_PFTC7_SITE1_(nogp)_plot_e,DETECT,12.27,0.16,1.0,239
14/12/2023,2000,1,east,ROOT_PFTC7_SITE1_(nogp)_plot_e,DETECT,12.51,0.07,2.4,1113
14/12/2023,2000,1,east,ROOT_PFTC7_SITE1_(nogp)_plot_e,DETECT,12.83,0.06,2.2,339
14/12/2023,2000,1,east,ROOT_PFTC7_SITE1_(nogp)_plot_e,DETECT,13.01,0.06,1.5,317
14/12/2023,2000,1,east,ROOT_PFTC7_SITE1_(nogp)_plot_e,DETECT,13.53,0.06,2.4,668
14/12/2023,2000,1,east,ROOT_PFTC7_SITE1_(nogp)_plot_e,DETECT,13.76,0.05,3.5,612
14/12/2023,2000,1,east,ROOT_PFTC7_SITE1_(nogp)_plot_e,DETECT,13.88,0.06,2.2,402
14/12/2023,2000,1,east,ROOT_PFTC7_SITE1_(nogp)_plot_e,DETECT,14.15,0.07,1.8,377
14/12/2023,2000,1,east,ROOT_PFTC7_SITE1_(nogp)_plot_e,DETECT,14.19,0.14,0.9,206
14/12/2023,2000,1,east,ROOT_PFTC7_SITE1_(nogp)_plot_e,DETECT,14.21,0.04,16.7,2389
14/12/2023,2000,1,east,ROOT_PFTC7_SITE1_(nogp)_plot_e,DETECT,14.57,0.04,1.8,159
14/12/2023,2000,1,east,ROOT_PFTC7_SITE1_(nogp)_plot_e,DETECT,14.7,0.17,0.8,193
14/12/2023,2000,1,east,ROOT_PFTC7_SITE1_(nogp)_plot_e,DETECT,14.87,0.04,2.6,828
14/12/2023,2000,1,east,ROOT_PFTC7_SITE1_(nogp)_plot_e,DETECT,14.94,0.04,12.4,1806
14/12/2023,2000,1,east,ROOT_PFTC7_SITE1_(nogp)_plot_e,DETECT,15.01,0.09,1.1,214
14/12/2023,2000,1,east,ROOT_PFTC7_SITE1_(nogp)_plot_e,DETECT,15.17,0.03,14.0,720
14/12/2023,2000,1,east,ROOT_PFTC7_SITE1_(nogp)_plot_e,MARKER,0,NA,NA,NA
14/12/2023,2000,1,east,ROOT_PFTC7_SITE1_(nogp)_plot_e,MARKER,1.17,NA,NA,NA
14/12/2023,2000,1,east,ROOT_PFTC7_SITE1_(nogp)_plot_e,MARKER,3.51,NA,NA,NA
14/12/2023,2000,1,east,ROOT_PFTC7_SITE1_(nogp)_plot_e,MARKER,4.66,NA,NA,NA
14/12/2023,2000,1,east,ROOT_PFTC7_SITE1_(nogp)_plot_e,MARKER,7,NA,NA,NA
14/12/2023,2000,1,east,ROOT_PFTC7_SITE1_(nogp)_plot_e,MARKER,8.24,NA,NA,NA
14/12/2023,2000,1,east,ROOT_PFTC7_SITE1_(nogp)_plot_e,MARKER,10.61,NA,NA,NA
14/12/2023,2000,1,east,ROOT_PFTC7_SITE1_(nogp)_plot_e,MARKER,11.76,NA,NA,NA
14/12/2023,2000,1,east,ROOT_PFTC7_SITE1_(nogp)_plot_e,MARKER,14.31,NA,NA,NA
14/12/2023,2000,1,west,ROOT_PFTC7_SITE1_(nogp)_plot_w,DETECT,0.03,0.11,1.1,245
14/12/2023,2000,1,west,ROOT_PFTC7_SITE1_(nogp)_plot_w,DETECT,0.24,0.16,1.8,460
14/12/2023,2000,1,west,ROOT_PFTC7_SITE1_(nogp)_plot_w,DETECT,0.3,0.05,8.7,2570
14/12/2023,2000,1,west,ROOT_PFTC7_SITE1_(nogp)_plot_w,DETECT,0.46,0.11,2.5,844
14/12/2023,2000,1,west,ROOT_PFTC7_SITE1_(nogp)_plot_w,DETECT,0.61,0.09,1.5,215
14/12/2023,2000,1,west,ROOT_PFTC7_SITE1_(nogp)_plot_w,DETECT,0.69,0.11,1.5,616
14/12/2023,2000,1,west,ROOT_PFTC7_SITE1_(nogp)_plot_w,DETECT,0.74,0.07,1.3,271
14/12/2023,2000,1,west,ROOT_PFTC7_SITE1_(nogp)_plot_w,DETECT,0.87,0.06,1.4,265
14/12/2023,2000,1,west,ROOT_PFTC7_SITE1_(nogp)_plot_w,DETECT,1.25,0.15,1.5,415
14/12/2023,2000,1,west,ROOT_PFTC7_SITE1_(nogp)_plot_w,DETECT,1.46,0.13,1.5,710
14/12/2023,2000,1,west,ROOT_PFTC7_SITE1_(nogp)_plot_w,DETECT,1.49,0.04,3.7,299
14/12/2023,2000,1,west,ROOT_PFTC7_SITE1_(nogp)_plot_w,DETECT,1.51,0.21,1.1,220
14/12/2023,2000,1,west,ROOT_PFTC7_SITE1_(nogp)_plot_w,DETECT,1.86,0.10,2.4,362
14/12/2023,2000,1,west,ROOT_PFTC7_SITE1_(nogp)_plot_w,DETECT,1.97,0.10,2.1,602
14/12/2023,2000,1,west,ROOT_PFTC7_SITE1_(nogp)_plot_w,DETECT,2.29,0.06,5.9,1351
14/12/2023,2000,1,west,ROOT_PFTC7_SITE1_(nogp)_plot_w,DETECT,2.4,0.10,2.0,998
14/12/2023,2000,1,west,ROOT_PFTC7_SITE1_(nogp)_plot_w,DETECT,2.68,0.08,2.7,756
14/12/2023,2000,1,west,ROOT_PFTC7_SITE1_(nogp)_plot_w,DETECT,2.95,0.13,2.1,558
14/12/2023,2000,1,west,ROOT_PFTC7_SITE1_(nogp)_plot_w,DETECT,3.09,0.12,1.3,174
14/12/2023,2000,1,west,ROOT_PFTC7_SITE1_(nogp)_plot_w,DETECT,3.23,0.07,1.9,216
14/12/2023,2000,1,west,ROOT_PFTC7_SITE1_(nogp)_plot_w,DETECT,3.28,0.03,10.7,651
14/12/2023,2000,1,west,ROOT_PFTC7_SITE1_(nogp)_plot_w,DETECT,3.46,0.05,2.4,484
14/12/2023,2000,1,west,ROOT_PFTC7_SITE1_(nogp)_plot_w,DETECT,3.55,0.10,1.3,221
14/12/2023,2000,1,west,ROOT_PFTC7_SITE1_(nogp)_plot_w,DETECT,3.73,0.10,1.1,230
14/12/2023,2000,1,west,ROOT_PFTC7_SITE1_(nogp)_plot_w,DETECT,3.81,0.02,46.8,3050
14/12/2023,2000,1,west,ROOT_PFTC7_SITE1_(nogp)_plot_w,DETECT,3.89,0.10,1.3,432
14/12/2023,2000,1,west,ROOT_PFTC7_SITE1_(nogp)_plot_w,DETECT,4.17,0.07,2.1,871
14/12/2023,2000,1,west,ROOT_PFTC7_SITE1_(nogp)_plot_w,DETECT,4.84,0.07,1.4,239
14/12/2023,2000,1,west,ROOT_PFTC7_SITE1_(nogp)_plot_w,DETECT,4.93,0.07,3.0,457
14/12/2023,2000,1,west,ROOT_PFTC7_SITE1_(nogp)_plot_w,DETECT,5.18,0.06,8.1,1796
14/12/2023,2000,1,west,ROOT_PFTC7_SITE1_(nogp)_plot_w,DETECT,5.38,0.06,2.5,378
14/12/2023,2000,1,west,ROOT_PFTC7_SITE1_(nogp)_plot_w,DETECT,5.53,0.05,5.0,1303
14/12/2023,2000,1,west,ROOT_PFTC7_SITE1_(nogp)_plot_w,DETECT,5.7,0.14,1.3,345
14/12/2023,2000,1,west,ROOT_PFTC7_SITE1_(nogp)_plot_w,DETECT,5.79,0.06,2.0,517
14/12/2023,2000,1,west,ROOT_PFTC7_SITE1_(nogp)_plot_w,DETECT,5.89,0.13,1.3,626
14/12/2023,2000,1,west,ROOT_PFTC7_SITE1_(nogp)_plot_w,DETECT,6.06,0.11,1.1,280
14/12/2023,2000,1,west,ROOT_PFTC7_SITE1_(nogp)_plot_w,DETECT,6.1,0.06,2.4,765
14/12/2023,2000,1,west,ROOT_PFTC7_SITE1_(nogp)_plot_w,DETECT,6.3,0.06,3.7,1718
14/12/2023,2000,1,west,ROOT_PFTC7_SITE1_(nogp)_plot_w,DETECT,6.54,0.12,1.0,159
14/12/2023,2000,1,west,ROOT_PFTC7_SITE1_(nogp)_plot_w,DETECT,7.02,0.12,0.9,100
14/12/2023,2000,1,west,ROOT_PFTC7_SITE1_(nogp)_plot_w,DETECT,7.1,0.02,18.3,1397
14/12/2023,2000,1,west,ROOT_PFTC7_SITE1_(nogp)_plot_w,DETECT,7.19,0.06,2.1,610
14/12/2023,2000,1,west,ROOT_PFTC7_SITE1_(nogp)_plot_w,DETECT,7.59,0.06,2.7,484
14/12/2023,2000,1,west,ROOT_PFTC7_SITE1_(nogp)_plot_w,DETECT,7.76,0.05,12.6,1167
14/12/2023,2000,1,west,ROOT_PFTC7_SITE1_(nogp)_plot_w,DETECT,7.76,0.15,1.2,248
14/12/2023,2000,1,west,ROOT_PFTC7_SITE1_(nogp)_plot_w,DETECT,7.97,0.03,3.0,154
14/12/2023,2000,1,west,ROOT_PFTC7_SITE1_(nogp)_plot_w,DETECT,8.1,0.14,0.8,116
14/12/2023,2000,1,west,ROOT_PFTC7_SITE1_(nogp)_plot_w,DETECT,8.44,0.14,1.0,174
14/12/2023,2000,1,west,ROOT_PFTC7_SITE1_(nogp)_plot_w,DETECT,8.6,0.05,3.9,1022
14/12/2023,2000,1,west,ROOT_PFTC7_SITE1_(nogp)_plot_w,DETECT,8.96,0.07,1.4,317
14/12/2023,2000,1,west,ROOT_PFTC7_SITE1_(nogp)_plot_w,DETECT,9.08,0.03,9.5,2195
14/12/2023,2000,1,west,ROOT_PFTC7_SITE1_(nogp)_plot_w,DETECT,9.15,0.01,17.3,1415
14/12/2023,2000,1,west,ROOT_PFTC7_SITE1_(nogp)_plot_w,DETECT,9.46,0.04,3.4,829
14/12/2023,2000,1,west,ROOT_PFTC7_SITE1_(nogp)_plot_w,DETECT,9.64,0.08,1.5,308
14/12/2023,2000,1,west,ROOT_PFTC7_SITE1_(nogp)_plot_w,DETECT,9.73,0.09,2.3,722
14/12/2023,2000,1,west,ROOT_PFTC7_SITE1_(nogp)_plot_w,DETECT,9.83,0.05,3.4,832
14/12/2023,2000,1,west,ROOT_PFTC7_SITE1_(nogp)_plot_w,DETECT,9.92,0.03,3.0,189
14/12/2023,2000,1,west,ROOT_PFTC7_SITE1_(nogp)_plot_w,DETECT,10.09,0.04,14.0,1467
14/12/2023,2000,1,west,ROOT_PFTC7_SITE1_(nogp)_plot_w,DETECT,10.09,0.12,1.0,204
14/12/2023,2000,1,west,ROOT_PFTC7_SITE1_(nogp)_plot_w,DETECT,10.2,0.08,2.3,362
14/12/2023,2000,1,west,ROOT_PFTC7_SITE1_(nogp)_plot_w,DETECT,10.78,0.07,2.4,499
14/12/2023,2000,1,west,ROOT_PFTC7_SITE1_(nogp)_plot_w,DETECT,10.92,0.05,2.2,385
14/12/2023,2000,1,west,ROOT_PFTC7_SITE1_(nogp)_plot_w,DETECT,10.95,0.05,4.9,1480
14/12/2023,2000,1,west,ROOT_PFTC7_SITE1_(nogp)_plot_w,DETECT,11.16,0.02,17.1,2322
14/12/2023,2000,1,west,ROOT_PFTC7_SITE1_(nogp)_plot_w,DETECT,11.53,0.11,0.9,132
14/12/2023,2000,1,west,ROOT_PFTC7_SITE1_(nogp)_plot_w,DETECT,11.73,0.07,2.1,266
14/12/2023,2000,1,west,ROOT_PFTC7_SITE1_(nogp)_plot_w,DETECT,11.86,0.08,2.2,396
14/12/2023,2000,1,west,ROOT_PFTC7_SITE1_(nogp)_plot_w,DETECT,12.04,0.08,1.8,439
14/12/2023,2000,1,west,ROOT_PFTC7_SITE1_(nogp)_plot_w,DETECT,12.17,0.07,3.6,1368
14/12/2023,2000,1,west,ROOT_PFTC7_SITE1_(nogp)_plot_w,DETECT,12.44,0.16,1.1,216
14/12/2023,2000,1,west,ROOT_PFTC7_SITE1_(nogp)_plot_w,DETECT,12.57,0.08,2.3,367
14/12/2023,2000,1,west,ROOT_PFTC7_SITE1_(nogp)_plot_w,DETECT,12.74,0.09,2.4,1036
14/12/2023,2000,1,west,ROOT_PFTC7_SITE1_(nogp)_plot_w,DETECT,13.07,0.09,2.2,513
14/12/2023,2000,1,west,ROOT_PFTC7_SITE1_(nogp)_plot_w,DETECT,13.18,0.04,2.8,422
14/12/2023,2000,1,west,ROOT_PFTC7_SITE1_(nogp)_plot_w,DETECT,13.28,0.07,2.3,1079
14/12/2023,2000,1,west,ROOT_PFTC7_SITE1_(nogp)_plot_w,DETECT,13.53,0.12,1.3,123
14/12/2023,2000,1,west,ROOT_PFTC7_SITE1_(nogp)_plot_w,DETECT,14.05,0.06,2.9,772
14/12/2023,2000,1,west,ROOT_PFTC7_SITE1_(nogp)_plot_w,DETECT,14.06,0.12,0.9,156
14/12/2023,2000,1,west,ROOT_PFTC7_SITE1_(nogp)_plot_w,DETECT,14.55,0.06,2.7,425
14/12/2023,2000,1,west,ROOT_PFTC7_SITE1_(nogp)_plot_w,DETECT,14.68,0.06,1.7,144
14/12/2023,2000,1,west,ROOT_PFTC7_SITE1_(nogp)_plot_w,DETECT,14.83,0.01,23.7,2667
14/12/2023,2000,1,west,ROOT_PFTC7_SITE1_(nogp)_plot_w,MARKER,0,NA,NA,NA
14/12/2023,2000,1,west,ROOT_PFTC7_SITE1_(nogp)_plot_w,MARKER,1.23,NA,NA,NA
14/12/2023,2000,1,west,ROOT_PFTC7_SITE1_(nogp)_plot_w,MARKER,3.52,NA,NA,NA
14/12/2023,2000,1,west,ROOT_PFTC7_SITE1_(nogp)_plot_w,MARKER,4.66,NA,NA,NA
14/12/2023,2000,1,west,ROOT_PFTC7_SITE1_(nogp)_plot_w,MARKER,6.95,NA,NA,NA
14/12/2023,2000,1,west,ROOT_PFTC7_SITE1_(nogp)_plot_w,MARKER,8.18,NA,NA,NA
14/12/2023,2000,1,west,ROOT_PFTC7_SITE1_(nogp)_plot_w,MARKER,10.44,NA,NA,NA
14/12/2023,2000,1,west,ROOT_PFTC7_SITE1_(nogp)_plot_w,MARKER,11.62,NA,NA,NA
14/12/2023,2000,1,west,ROOT_PFTC7_SITE1_(nogp)_plot_w,MARKER,13.88,NA,NA,NA
14/12/2023,2000,1,west,ROOT_PFTC7_SITE1_(nogp)_plot_w,MARKER,15.08,NA,NA,NA
14/12/2023,2200,2,east,ROOT_PFTC7_SITE2_(nogp)_plot_e,DETECT,0,0.02,15.8,179
14/12/2023,2200,2,east,ROOT_PFTC7_SITE2_(nogp)_plot_e,DETECT,0.01,0.12,3.3,543
14/12/2023,2200,2,east,ROOT_PFTC7_SITE2_(nogp)_plot_e,DETECT,0.18,0.10,1.7,173
14/12/2023,2200,2,east,ROOT_PFTC7_SITE2_(nogp)_plot_e,DETECT,0.29,0.08,2.5,221
14/12/2023,2200,2,east,ROOT_PFTC7_SITE2_(nogp)_plot_e,DETECT,0.4,0.04,12.2,851
14/12/2023,2200,2,east,ROOT_PFTC7_SITE2_(nogp)_plot_e,DETECT,0.48,0.08,2.9,1094
14/12/2023,2200,2,east,ROOT_PFTC7_SITE2_(nogp)_plot_e,DETECT,0.97,0.04,42.0,1573
14/12/2023,2200,2,east,ROOT_PFTC7_SITE2_(nogp)_plot_e,DETECT,1.09,0.06,16.0,1508
14/12/2023,2200,2,east,ROOT_PFTC7_SITE2_(nogp)_plot_e,DETECT,1.21,0.05,2.9,210
14/12/2023,2200,2,east,ROOT_PFTC7_SITE2_(nogp)_plot_e,DETECT,1.28,0.08,5.5,1142
14/12/2023,2200,2,east,ROOT_PFTC7_SITE2_(nogp)_plot_e,DETECT,1.36,0.05,2.9,547
14/12/2023,2200,2,east,ROOT_PFTC7_SITE2_(nogp)_plot_e,DETECT,1.43,0.10,2.0,486
14/12/2023,2200,2,east,ROOT_PFTC7_SITE2_(nogp)_plot_e,DETECT,1.62,0.09,2.4,583
14/12/2023,2200,2,east,ROOT_PFTC7_SITE2_(nogp)_plot_e,DETECT,1.71,0.13,1.4,311
14/12/2023,2200,2,east,ROOT_PFTC7_SITE2_(nogp)_plot_e,DETECT,1.95,0.07,3.7,1148
14/12/2023,2200,2,east,ROOT_PFTC7_SITE2_(nogp)_plot_e,DETECT,1.99,0.13,2.4,445
14/12/2023,2200,2,east,ROOT_PFTC7_SITE2_(nogp)_plot_e,DETECT,2.19,0.12,2.8,1472
14/12/2023,2200,2,east,ROOT_PFTC7_SITE2_(nogp)_plot_e,DETECT,2.29,0.13,4.5,585
14/12/2023,2200,2,east,ROOT_PFTC7_SITE2_(nogp)_plot_e,DETECT,2.67,0.07,6.1,1225
14/12/2023,2200,2,east,ROOT_PFTC7_SITE2_(nogp)_plot_e,DETECT,2.8,0.06,3.0,497
14/12/2023,2200,2,east,ROOT_PFTC7_SITE2_(nogp)_plot_e,DETECT,3,0.13,1.3,196
14/12/2023,2200,2,east,ROOT_PFTC7_SITE2_(nogp)_plot_e,DETECT,3.16,0.09,1.5,139
14/12/2023,2200,2,east,ROOT_PFTC7_SITE2_(nogp)_plot_e,DETECT,3.56,0.09,1.8,311
14/12/2023,2200,2,east,ROOT_PFTC7_SITE2_(nogp)_plot_e,DETECT,3.67,0.08,5.1,1042
14/12/2023,2200,2,east,ROOT_PFTC7_SITE2_(nogp)_plot_e,DETECT,3.95,0.06,6.1,1163
14/12/2023,2200,2,east,ROOT_PFTC7_SITE2_(nogp)_plot_e,DETECT,4.18,0.08,5.7,1872
14/12/2023,2200,2,east,ROOT_PFTC7_SITE2_(nogp)_plot_e,DETECT,4.26,0.09,1.7,378
14/12/2023,2200,2,east,ROOT_PFTC7_SITE2_(nogp)_plot_e,DETECT,4.55,0.08,2.5,1424
14/12/2023,2200,2,east,ROOT_PFTC7_SITE2_(nogp)_plot_e,DETECT,4.68,0.09,1.6,179
14/12/2023,2200,2,east,ROOT_PFTC7_SITE2_(nogp)_plot_e,DETECT,4.79,0.06,2.0,526
14/12/2023,2200,2,east,ROOT_PFTC7_SITE2_(nogp)_plot_e,DETECT,4.99,0.04,19.1,2140
14/12/2023,2200,2,east,ROOT_PFTC7_SITE2_(nogp)_plot_e,DETECT,5.36,0.08,1.7,424
14/12/2023,2200,2,east,ROOT_PFTC7_SITE2_(nogp)_plot_e,DETECT,5.39,0.03,35.6,1398
14/12/2023,2200,2,east,ROOT_PFTC7_SITE2_(nogp)_plot_e,DETECT,5.55,0.09,2.2,335
14/12/2023,2200,2,east,ROOT_PFTC7_SITE2_(nogp)_plot_e,DETECT,5.62,0.09,2.6,377
14/12/2023,2200,2,east,ROOT_PFTC7_SITE2_(nogp)_plot_e,DETECT,5.75,0.05,3.2,522
14/12/2023,2200,2,east,ROOT_PFTC7_SITE2_(nogp)_plot_e,DETECT,5.95,0.08,2.6,499
14/12/2023,2200,2,east,ROOT_PFTC7_SITE2_(nogp)_plot_e,DETECT,6.44,0.10,7.3,1335
14/12/2023,2200,2,east,ROOT_PFTC7_SITE2_(nogp)_plot_e,DETECT,6.55,0.04,40.0,3908
14/12/2023,2200,2,east,ROOT_PFTC7_SITE2_(nogp)_plot_e,DETECT,6.68,0.11,1.6,204
14/12/2023,2200,2,east,ROOT_PFTC7_SITE2_(nogp)_plot_e,DETECT,6.79,0.07,3.8,679
14/12/2023,2200,2,east,ROOT_PFTC7_SITE2_(nogp)_plot_e,DETECT,7.1,0.14,2.6,604
14/12/2023,2200,2,east,ROOT_PFTC7_SITE2_(nogp)_plot_e,DETECT,7.5,0.09,3.3,837
14/12/2023,2200,2,east,ROOT_PFTC7_SITE2_(nogp)_plot_e,DETECT,7.91,0.06,2.4,312
14/12/2023,2200,2,east,ROOT_PFTC7_SITE2_(nogp)_plot_e,DETECT,8.04,0.08,3.7,726
14/12/2023,2200,2,east,ROOT_PFTC7_SITE2_(nogp)_plot_e,DETECT,8.31,0.06,6.4,3249
14/12/2023,2200,2,east,ROOT_PFTC7_SITE2_(nogp)_plot_e,DETECT,8.48,0.10,3.9,499
14/12/2023,2200,2,east,ROOT_PFTC7_SITE2_(nogp)_plot_e,DETECT,8.55,0.11,3.4,476
14/12/2023,2200,2,east,ROOT_PFTC7_SITE2_(nogp)_plot_e,DETECT,8.7,0.12,1.6,260
14/12/2023,2200,2,east,ROOT_PFTC7_SITE2_(nogp)_plot_e,DETECT,9.21,0.11,3.9,1185
14/12/2023,2200,2,east,ROOT_PFTC7_SITE2_(nogp)_plot_e,DETECT,9.28,0.14,1.4,242
14/12/2023,2200,2,east,ROOT_PFTC7_SITE2_(nogp)_plot_e,DETECT,9.39,0.05,5.5,1811
14/12/2023,2200,2,east,ROOT_PFTC7_SITE2_(nogp)_plot_e,DETECT,9.6,0.06,8.4,1607
14/12/2023,2200,2,east,ROOT_PFTC7_SITE2_(nogp)_plot_e,DETECT,9.8,0.14,1.5,376
14/12/2023,2200,2,east,ROOT_PFTC7_SITE2_(nogp)_plot_e,DETECT,9.8,0.04,3.9,148
14/12/2023,2200,2,east,ROOT_PFTC7_SITE2_(nogp)_plot_e,DETECT,9.9,0.11,1.6,446
14/12/2023,2200,2,east,ROOT_PFTC7_SITE2_(nogp)_plot_e,DETECT,10.21,0.06,10.9,2435
14/12/2023,2200,2,east,ROOT_PFTC7_SITE2_(nogp)_plot_e,DETECT,10.38,0.10,1.5,443
14/12/2023,2200,2,east,ROOT_PFTC7_SITE2_(nogp)_plot_e,DETECT,10.49,0.06,11.6,2514
14/12/2023,2200,2,east,ROOT_PFTC7_SITE2_(nogp)_plot_e,DETECT,10.66,0.10,2.6,798
14/12/2023,2200,2,east,ROOT_PFTC7_SITE2_(nogp)_plot_e,DETECT,10.78,0.06,25.4,1452
14/12/2023,2200,2,east,ROOT_PFTC7_SITE2_(nogp)_plot_e,DETECT,11.08,0.05,8.0,2948
14/12/2023,2200,2,east,ROOT_PFTC7_SITE2_(nogp)_plot_e,DETECT,11.19,0.08,3.3,702
14/12/2023,2200,2,east,ROOT_PFTC7_SITE2_(nogp)_plot_e,DETECT,11.42,0.06,9.4,1441
14/12/2023,2200,2,east,ROOT_PFTC7_SITE2_(nogp)_plot_e,DETECT,11.56,0.11,1.3,164
14/12/2023,2200,2,east,ROOT_PFTC7_SITE2_(nogp)_plot_e,DETECT,11.57,0.06,2.5,423
14/12/2023,2200,2,east,ROOT_PFTC7_SITE2_(nogp)_plot_e,DETECT,11.69,0.06,5.6,667
14/12/2023,2200,2,east,ROOT_PFTC7_SITE2_(nogp)_plot_e,DETECT,12.14,0.05,65.0,5010
14/12/2023,2200,2,east,ROOT_PFTC7_SITE2_(nogp)_plot_e,DETECT,12.46,0.09,6.6,1389
14/12/2023,2200,2,east,ROOT_PFTC7_SITE2_(nogp)_plot_e,DETECT,12.7,0.07,4.8,1278
14/12/2023,2200,2,east,ROOT_PFTC7_SITE2_(nogp)_plot_e,DETECT,12.8,0.04,10.8,474
14/12/2023,2200,2,east,ROOT_PFTC7_SITE2_(nogp)_plot_e,DETECT,12.82,0.08,2.0,247
14/12/2023,2200,2,east,ROOT_PFTC7_SITE2_(nogp)_plot_e,DETECT,13.04,0.09,2.0,732
14/12/2023,2200,2,east,ROOT_PFTC7_SITE2_(nogp)_plot_e,DETECT,13.17,0.06,13.1,1400
14/12/2023,2200,2,east,ROOT_PFTC7_SITE2_(nogp)_plot_e,DETECT,13.21,0.12,2.6,768
14/12/2023,2200,2,east,ROOT_PFTC7_SITE2_(nogp)_plot_e,DETECT,13.33,0.09,2.8,707
14/12/2023,2200,2,east,ROOT_PFTC7_SITE2_(nogp)_plot_e,DETECT,13.49,0.03,8.5,1251
14/12/2023,2200,2,east,ROOT_PFTC7_SITE2_(nogp)_plot_e,DETECT,13.8,0.08,1.7,153
14/12/2023,2200,2,east,ROOT_PFTC7_SITE2_(nogp)_plot_e,DETECT,13.95,0.06,1.6,180
14/12/2023,2200,2,east,ROOT_PFTC7_SITE2_(nogp)_plot_e,DETECT,14.08,0.08,4.3,837
14/12/2023,2200,2,east,ROOT_PFTC7_SITE2_(nogp)_plot_e,DETECT,14.26,0.06,2.4,597
14/12/2023,2200,2,east,ROOT_PFTC7_SITE2_(nogp)_plot_e,DETECT,14.38,0.06,20.8,662
14/12/2023,2200,2,east,ROOT_PFTC7_SITE2_(nogp)_plot_e,DETECT,14.54,0.04,17.5,1300
14/12/2023,2200,2,east,ROOT_PFTC7_SITE2_(nogp)_plot_e,DETECT,14.55,0.11,1.7,169
14/12/2023,2200,2,east,ROOT_PFTC7_SITE2_(nogp)_plot_e,DETECT,14.97,0.07,25.4,820
14/12/2023,2200,2,east,ROOT_PFTC7_SITE2_(nogp)_plot_e,DETECT,15.13,0.05,9.7,828
14/12/2023,2200,2,east,ROOT_PFTC7_SITE2_(nogp)_plot_e,MARKER,0,NA,NA,NA
14/12/2023,2200,2,east,ROOT_PFTC7_SITE2_(nogp)_plot_e,MARKER,1.15,NA,NA,NA
14/12/2023,2200,2,east,ROOT_PFTC7_SITE2_(nogp)_plot_e,MARKER,3.41,NA,NA,NA
14/12/2023,2200,2,east,ROOT_PFTC7_SITE2_(nogp)_plot_e,MARKER,4.7,NA,NA,NA
14/12/2023,2200,2,east,ROOT_PFTC7_SITE2_(nogp)_plot_e,MARKER,7.15,NA,NA,NA
14/12/2023,2200,2,east,ROOT_PFTC7_SITE2_(nogp)_plot_e,MARKER,8.28,NA,NA,NA
14/12/2023,2200,2,east,ROOT_PFTC7_SITE2_(nogp)_plot_e,MARKER,10.77,NA,NA,NA
14/12/2023,2200,2,east,ROOT_PFTC7_SITE2_(nogp)_plot_e,MARKER,11.92,NA,NA,NA
14/12/2023,2200,2,east,ROOT_PFTC7_SITE2_(nogp)_plot_e,MARKER,14.5,NA,NA,NA
14/12/2023,2200,2,east,ROOT_PFTC7_SITE2_(nogp)_plot_e,MARKER,15.53,NA,NA,NA
14/12/2023,2200,2,west,ROOT_PFTC7_SITE2_(nogp)_plot_w,DETECT,0.09,0.03,24.2,905
14/12/2023,2200,2,west,ROOT_PFTC7_SITE2_(nogp)_plot_w,DETECT,0.14,0.12,1.7,438
14/12/2023,2200,2,west,ROOT_PFTC7_SITE2_(nogp)_plot_w,DETECT,0.55,0.09,1.3,212
14/12/2023,2200,2,west,ROOT_PFTC7_SITE2_(nogp)_plot_w,DETECT,0.79,0.11,2.2,345
14/12/2023,2200,2,west,ROOT_PFTC7_SITE2_(nogp)_plot_w,DETECT,1.1,0.12,2.6,1173
14/12/2023,2200,2,west,ROOT_PFTC7_SITE2_(nogp)_plot_w,DETECT,1.18,0.06,12.6,2879
14/12/2023,2200,2,west,ROOT_PFTC7_SITE2_(nogp)_plot_w,DETECT,1.4,0.04,43.9,5354
14/12/2023,2200,2,west,ROOT_PFTC7_SITE2_(nogp)_plot_w,DETECT,1.97,0.09,1.6,221
14/12/2023,2200,2,west,ROOT_PFTC7_SITE2_(nogp)_plot_w,DETECT,2.28,0.10,1.5,148
14/12/2023,2200,2,west,ROOT_PFTC7_SITE2_(nogp)_plot_w,DETECT,2.66,0.11,1.2,138
14/12/2023,2200,2,west,ROOT_PFTC7_SITE2_(nogp)_plot_w,DETECT,2.69,0.06,4.2,1855
14/12/2023,2200,2,west,ROOT_PFTC7_SITE2_(nogp)_plot_w,DETECT,2.81,0.04,3.6,557
14/12/2023,2200,2,west,ROOT_PFTC7_SITE2_(nogp)_plot_w,DETECT,3.02,0.10,1.3,101
14/12/2023,2200,2,west,ROOT_PFTC7_SITE2_(nogp)_plot_w,DETECT,3.05,0.02,22.7,1403
14/12/2023,2200,2,west,ROOT_PFTC7_SITE2_(nogp)_plot_w,DETECT,3.13,0.07,2.1,580
14/12/2023,2200,2,west,ROOT_PFTC7_SITE2_(nogp)_plot_w,DETECT,3.28,0.04,9.5,526
14/12/2023,2200,2,west,ROOT_PFTC7_SITE2_(nogp)_plot_w,DETECT,3.89,0.06,9.4,1294
14/12/2023,2200,2,west,ROOT_PFTC7_SITE2_(nogp)_plot_w,DETECT,4.04,0.06,3.0,445
14/12/2023,2200,2,west,ROOT_PFTC7_SITE2_(nogp)_plot_w,DETECT,4.17,0.10,1.7,190
14/12/2023,2200,2,west,ROOT_PFTC7_SITE2_(nogp)_plot_w,DETECT,4.29,0.08,5.5,1113
14/12/2023,2200,2,west,ROOT_PFTC7_SITE2_(nogp)_plot_w,DETECT,4.53,0.14,1.6,182
14/12/2023,2200,2,west,ROOT_PFTC7_SITE2_(nogp)_plot_w,DETECT,4.68,0.09,4.1,1023
14/12/2023,2200,2,west,ROOT_PFTC7_SITE2_(nogp)_plot_w,DETECT,5.01,0.15,2.2,413
14/12/2023,2200,2,west,ROOT_PFTC7_SITE2_(nogp)_plot_w,DETECT,5.04,0.07,2.7,311
14/12/2023,2200,2,west,ROOT_PFTC7_SITE2_(nogp)_plot_w,DETECT,5.15,0.11,1.9,468
14/12/2023,2200,2,west,ROOT_PFTC7_SITE2_(nogp)_plot_w,DETECT,5.28,0.12,1.1,69
14/12/2023,2200,2,west,ROOT_PFTC7_SITE2_(nogp)_plot_w,DETECT,5.33,0.05,8.1,660
14/12/2023,2200,2,west,ROOT_PFTC7_SITE2_(nogp)_plot_w,DETECT,5.46,0.09,1.7,151
14/12/2023,2200,2,west,ROOT_PFTC7_SITE2_(nogp)_plot_w,DETECT,5.58,0.03,22.9,2656
14/12/2023,2200,2,west,ROOT_PFTC7_SITE2_(nogp)_plot_w,DETECT,5.66,0.10,1.3,92
14/12/2023,2200,2,west,ROOT_PFTC7_SITE2_(nogp)_plot_w,DETECT,5.77,0.07,5.1,1332
14/12/2023,2200,2,west,ROOT_PFTC7_SITE2_(nogp)_plot_w,DETECT,5.89,0.06,3.5,593
14/12/2023,2200,2,west,ROOT_PFTC7_SITE2_(nogp)_plot_w,DETECT,6.28,0.05,3.0,375
14/12/2023,2200,2,west,ROOT_PFTC7_SITE2_(nogp)_plot_w,DETECT,6.58,0.05,8.1,253
14/12/2023,2200,2,west,ROOT_PFTC7_SITE2_(nogp)_plot_w,DETECT,6.65,0.06,2.3,572
14/12/2023,2200,2,west,ROOT_PFTC7_SITE2_(nogp)_plot_w,DETECT,6.92,0.06,2.6,907
14/12/2023,2200,2,west,ROOT_PFTC7_SITE2_(nogp)_plot_w,DETECT,7.22,0.02,53.0,3859
14/12/2023,2200,2,west,ROOT_PFTC7_SITE2_(nogp)_plot_w,DETECT,7.5,0.06,3.7,625
14/12/2023,2200,2,west,ROOT_PFTC7_SITE2_(nogp)_plot_w,DETECT,7.63,0.04,7.6,629
14/12/2023,2200,2,west,ROOT_PFTC7_SITE2_(nogp)_plot_w,DETECT,7.8,0.07,2.2,314
14/12/2023,2200,2,west,ROOT_PFTC7_SITE2_(nogp)_plot_w,DETECT,8.22,0.02,3.9,300
14/12/2023,2200,2,west,ROOT_PFTC7_SITE2_(nogp)_plot_w,DETECT,8.26,0.08,1.1,114
14/12/2023,2200,2,west,ROOT_PFTC7_SITE2_(nogp)_plot_w,DETECT,8.51,0.07,1.8,231
14/12/2023,2200,2,west,ROOT_PFTC7_SITE2_(nogp)_plot_w,DETECT,8.69,0.06,4.4,452
14/12/2023,2200,2,west,ROOT_PFTC7_SITE2_(nogp)_plot_w,DETECT,8.95,0.06,4.4,1163
14/12/2023,2200,2,west,ROOT_PFTC7_SITE2_(nogp)_plot_w,DETECT,9.31,0.06,3.1,450
14/12/2023,2200,2,west,ROOT_PFTC7_SITE2_(nogp)_plot_w,DETECT,9.49,0.05,7.8,404
14/12/2023,2200,2,west,ROOT_PFTC7_SITE2_(nogp)_plot_w,DETECT,9.53,0.03,37.5,1297
14/12/2023,2200,2,west,ROOT_PFTC7_SITE2_(nogp)_plot_w,DETECT,9.69,0.06,37.6,2047
14/12/2023,2200,2,west,ROOT_PFTC7_SITE2_(nogp)_plot_w,DETECT,9.83,0.10,1.5,117
14/12/2023,2200,2,west,ROOT_PFTC7_SITE2_(nogp)_plot_w,DETECT,9.97,0.06,2.3,495
14/12/2023,2200,2,west,ROOT_PFTC7_SITE2_(nogp)_plot_w,DETECT,10.22,0.07,1.9,398
14/12/2023,2200,2,west,ROOT_PFTC7_SITE2_(nogp)_plot_w,DETECT,10.48,0.10,3.3,629
14/12/2023,2200,2,west,ROOT_PFTC7_SITE2_(nogp)_plot_w,DETECT,10.65,0.07,2.3,509
14/12/2023,2200,2,west,ROOT_PFTC7_SITE2_(nogp)_plot_w,DETECT,11.05,0.06,3.7,687
14/12/2023,2200,2,west,ROOT_PFTC7_SITE2_(nogp)_plot_w,DETECT,11.14,0.05,2.3,209
14/12/2023,2200,2,west,ROOT_PFTC7_SITE2_(nogp)_plot_w,DETECT,11.26,0.06,3.4,164
14/12/2023,2200,2,west,ROOT_PFTC7_SITE2_(nogp)_plot_w,DETECT,11.36,0.08,1.4,134
14/12/2023,2200,2,west,ROOT_PFTC7_SITE2_(nogp)_plot_w,DETECT,11.62,0.04,23.1,2024
14/12/2023,2200,2,west,ROOT_PFTC7_SITE2_(nogp)_plot_w,DETECT,12.46,0.11,1.8,314
14/12/2023,2200,2,west,ROOT_PFTC7_SITE2_(nogp)_plot_w,DETECT,12.48,0.01,43.4,4857
14/12/2023,2200,2,west,ROOT_PFTC7_SITE2_(nogp)_plot_w,DETECT,12.5,0.07,3.4,988
14/12/2023,2200,2,west,ROOT_PFTC7_SITE2_(nogp)_plot_w,DETECT,12.68,0.09,2.2,519
14/12/2023,2200,2,west,ROOT_PFTC7_SITE2_(nogp)_plot_w,DETECT,12.87,0.08,3.1,565
14/12/2023,2200,2,west,ROOT_PFTC7_SITE2_(nogp)_plot_w,DETECT,13.23,0.08,4.8,408
14/12/2023,2200,2,west,ROOT_PFTC7_SITE2_(nogp)_plot_w,DETECT,13.49,0.07,1.8,485
14/12/2023,2200,2,west,ROOT_PFTC7_SITE2_(nogp)_plot_w,DETECT,13.66,0.07,1.3,157
14/12/2023,2200,2,west,ROOT_PFTC7_SITE2_(nogp)_plot_w,DETECT,13.79,0.04,15.1,1511
14/12/2023,2200,2,west,ROOT_PFTC7_SITE2_(nogp)_plot_w,DETECT,13.91,0.07,3.1,501
14/12/2023,2200,2,west,ROOT_PFTC7_SITE2_(nogp)_plot_w,DETECT,14.05,0.08,3.1,1190
14/12/2023,2200,2,west,ROOT_PFTC7_SITE2_(nogp)_plot_w,DETECT,14.52,0.10,1.7,226
14/12/2023,2200,2,west,ROOT_PFTC7_SITE2_(nogp)_plot_w,DETECT,14.84,0.02,43.1,4088
14/12/2023,2200,2,west,ROOT_PFTC7_SITE2_(nogp)_plot_w,DETECT,14.93,0.07,3.1,778
14/12/2023,2200,2,west,ROOT_PFTC7_SITE2_(nogp)_plot_w,DETECT,15.12,0.07,1.6,259
14/12/2023,2200,2,west,ROOT_PFTC7_SITE2_(nogp)_plot_w,DETECT,15.24,0.06,5.9,678
14/12/2023,2200,2,west,ROOT_PFTC7_SITE2_(nogp)_plot_w,DETECT,15.34,0.05,2.5,172
14/12/2023,2200,2,west,ROOT_PFTC7_SITE2_(nogp)_plot_w,DETECT,15.41,0.04,5.2,245
14/12/2023,2200,2,west,ROOT_PFTC7_SITE2_(nogp)_plot_w,DETECT,15.52,0.06,2.8,429
14/12/2023,2200,2,west,ROOT_PFTC7_SITE2_(nogp)_plot_w,DETECT,15.62,0.07,4.1,636
14/12/2023,2200,2,west,ROOT_PFTC7_SITE2_(nogp)_plot_w,DETECT,15.98,0.08,2.9,741
14/12/2023,2200,2,west,ROOT_PFTC7_SITE2_(nogp)_plot_w,DETECT,16.07,0.13,1.2,146
14/12/2023,2200,2,west,ROOT_PFTC7_SITE2_(nogp)_plot_w,MARKER,0,NA,NA,NA
14/12/2023,2200,2,west,ROOT_PFTC7_SITE2_(nogp)_plot_w,MARKER,1.18,NA,NA,NA
14/12/2023,2200,2,west,ROOT_PFTC7_SITE2_(nogp)_plot_w,MARKER,3.72,NA,NA,NA
14/12/2023,2200,2,west,ROOT_PFTC7_SITE2_(nogp)_plot_w,MARKER,4.89,NA,NA,NA
14/12/2023,2200,2,west,ROOT_PFTC7_SITE2_(nogp)_plot_w,MARKER,7.26,NA,NA,NA
14/12/2023,2200,2,west,ROOT_PFTC7_SITE2_(nogp)_plot_w,MARKER,8.65,NA,NA,NA
14/12/2023,2200,2,west,ROOT_PFTC7_SITE2_(nogp)_plot_w,MARKER,11.15,NA,NA,NA
14/12/2023,2200,2,west,ROOT_PFTC7_SITE2_(nogp)_plot_w,MARKER,12.33,NA,NA,NA
14/12/2023,2200,2,west,ROOT_PFTC7_SITE2_(nogp)_plot_w,MARKER,15.08,NA,NA,NA
9/12/2023,2400,3,east,ROOT_PFTC7_SITE3_(nogp)_plot_e,DETECT,0,0.08,13.8,1049
9/12/2023,2400,3,east,ROOT_PFTC7_SITE3_(nogp)_plot_e,DETECT,0.23,0.06,23.1,2496
9/12/2023,2400,3,east,ROOT_PFTC7_SITE3_(nogp)_plot_e,DETECT,0.35,0.15,2.0,460
9/12/2023,2400,3,east,ROOT_PFTC7_SITE3_(nogp)_plot_e,DETECT,0.41,0.06,14.1,1279
9/12/2023,2400,3,east,ROOT_PFTC7_SITE3_(nogp)_plot_e,DETECT,0.46,0.17,1.7,328
9/12/2023,2400,3,east,ROOT_PFTC7_SITE3_(nogp)_plot_e,DETECT,0.81,0.11,3.6,1102
9/12/2023,2400,3,east,ROOT_PFTC7_SITE3_(nogp)_plot_e,DETECT,1,0.05,16.5,559
9/12/2023,2400,3,east,ROOT_PFTC7_SITE3_(nogp)_plot_e,DETECT,1.06,0.13,3.0,283
9/12/2023,2400,3,east,ROOT_PFTC7_SITE3_(nogp)_plot_e,DETECT,1.19,0.12,2.9,928
9/12/2023,2400,3,east,ROOT_PFTC7_SITE3_(nogp)_plot_e,DETECT,1.27,0.08,9.2,4410
9/12/2023,2400,3,east,ROOT_PFTC7_SITE3_(nogp)_plot_e,DETECT,1.31,0.14,1.6,107
9/12/2023,2400,3,east,ROOT_PFTC7_SITE3_(nogp)_plot_e,DETECT,1.4,0.13,1.6,275
9/12/2023,2400,3,east,ROOT_PFTC7_SITE3_(nogp)_plot_e,DETECT,1.61,0.14,4.5,1897
9/12/2023,2400,3,east,ROOT_PFTC7_SITE3_(nogp)_plot_e,DETECT,1.87,0.08,34.7,9902
9/12/2023,2400,3,east,ROOT_PFTC7_SITE3_(nogp)_plot_e,DETECT,1.97,0.08,3.2,150
9/12/2023,2400,3,east,ROOT_PFTC7_SITE3_(nogp)_plot_e,DETECT,1.97,0.15,2.9,448
9/12/2023,2400,3,east,ROOT_PFTC7_SITE3_(nogp)_plot_e,DETECT,2.13,0.12,6.2,626
9/12/2023,2400,3,east,ROOT_PFTC7_SITE3_(nogp)_plot_e,DETECT,2.22,0.21,1.4,152
9/12/2023,2400,3,east,ROOT_PFTC7_SITE3_(nogp)_plot_e,DETECT,2.25,0.04,16.6,1399
9/12/2023,2400,3,east,ROOT_PFTC7_SITE3_(nogp)_plot_e,DETECT,2.25,0.12,1.9,318
9/12/2023,2400,3,east,ROOT_PFTC7_SITE3_(nogp)_plot_e,DETECT,2.57,0.14,3.1,1193
9/12/2023,2400,3,east,ROOT_PFTC7_SITE3_(nogp)_plot_e,DETECT,2.66,0.09,8.9,1406
9/12/2023,2400,3,east,ROOT_PFTC7_SITE3_(nogp)_plot_e,DETECT,2.69,0.17,3.2,669
9/12/2023,2400,3,east,ROOT_PFTC7_SITE3_(nogp)_plot_e,DETECT,2.87,0.09,4.4,1390
9/12/2023,2400,3,east,ROOT_PFTC7_SITE3_(nogp)_plot_e,DETECT,3.18,0.17,2.1,589
9/12/2023,2400,3,east,ROOT_PFTC7_SITE3_(nogp)_plot_e,DETECT,3.31,0.14,3.3,971
9/12/2023,2400,3,east,ROOT_PFTC7_SITE3_(nogp)_plot_e,DETECT,3.4,0.15,1.9,158
9/12/2023,2400,3,east,ROOT_PFTC7_SITE3_(nogp)_plot_e,DETECT,3.52,0.15,3.0,507
9/12/2023,2400,3,east,ROOT_PFTC7_SITE3_(nogp)_plot_e,DETECT,3.54,0.02,31.4,1990
9/12/2023,2400,3,east,ROOT_PFTC7_SITE3_(nogp)_plot_e,DETECT,3.72,0.14,2.5,492
9/12/2023,2400,3,east,ROOT_PFTC7_SITE3_(nogp)_plot_e,DETECT,3.79,0.07,5.9,700
9/12/2023,2400,3,east,ROOT_PFTC7_SITE3_(nogp)_plot_e,DETECT,3.86,0.11,2.6,243
9/12/2023,2400,3,east,ROOT_PFTC7_SITE3_(nogp)_plot_e,DETECT,3.97,0.09,7.7,996
9/12/2023,2400,3,east,ROOT_PFTC7_SITE3_(nogp)_plot_e,DETECT,4.11,0.04,30.0,2906
9/12/2023,2400,3,east,ROOT_PFTC7_SITE3_(nogp)_plot_e,DETECT,4.2,0.06,6.1,375
9/12/2023,2400,3,east,ROOT_PFTC7_SITE3_(nogp)_plot_e,DETECT,4.21,0.12,4.2,1424
9/12/2023,2400,3,east,ROOT_PFTC7_SITE3_(nogp)_plot_e,DETECT,4.28,0.15,2.7,456
9/12/2023,2400,3,east,ROOT_PFTC7_SITE3_(nogp)_plot_e,DETECT,4.35,0.09,4.7,672
9/12/2023,2400,3,east,ROOT_PFTC7_SITE3_(nogp)_plot_e,DETECT,4.58,0.10,2.5,439
9/12/2023,2400,3,east,ROOT_PFTC7_SITE3_(nogp)_plot_e,DETECT,4.65,0.07,5.6,262
9/12/2023,2400,3,east,ROOT_PFTC7_SITE3_(nogp)_plot_e,DETECT,4.79,0.07,11.7,1506
9/12/2023,2400,3,east,ROOT_PFTC7_SITE3_(nogp)_plot_e,DETECT,4.93,0.11,2.1,208
9/12/2023,2400,3,east,ROOT_PFTC7_SITE3_(nogp)_plot_e,DETECT,4.99,0.17,1.5,124
9/12/2023,2400,3,east,ROOT_PFTC7_SITE3_(nogp)_plot_e,DETECT,5.05,0.11,2.2,147
9/12/2023,2400,3,east,ROOT_PFTC7_SITE3_(nogp)_plot_e,DETECT,5.15,0.09,2.5,182
9/12/2023,2400,3,east,ROOT_PFTC7_SITE3_(nogp)_plot_e,DETECT,5.4,0.09,3.1,523
9/12/2023,2400,3,east,ROOT_PFTC7_SITE3_(nogp)_plot_e,DETECT,5.52,0.09,2.9,345
9/12/2023,2400,3,east,ROOT_PFTC7_SITE3_(nogp)_plot_e,DETECT,5.59,0.10,1.9,312
9/12/2023,2400,3,east,ROOT_PFTC7_SITE3_(nogp)_plot_e,DETECT,5.77,0.07,7.2,1285
9/12/2023,2400,3,east,ROOT_PFTC7_SITE3_(nogp)_plot_e,DETECT,5.88,0.01,16.9,1474
9/12/2023,2400,3,east,ROOT_PFTC7_SITE3_(nogp)_plot_e,DETECT,6.12,0.16,2.4,494
9/12/2023,2400,3,east,ROOT_PFTC7_SITE3_(nogp)_plot_e,DETECT,6.22,0.17,3.4,1193
9/12/2023,2400,3,east,ROOT_PFTC7_SITE3_(nogp)_plot_e,DETECT,6.34,0.07,55.8,9486
9/12/2023,2400,3,east,ROOT_PFTC7_SITE3_(nogp)_plot_e,DETECT,6.4,0.14,2.3,330
9/12/2023,2400,3,east,ROOT_PFTC7_SITE3_(nogp)_plot_e,DETECT,6.75,0.09,2.6,272
9/12/2023,2400,3,east,ROOT_PFTC7_SITE3_(nogp)_plot_e,DETECT,6.89,0.09,3.5,954
9/12/2023,2400,3,east,ROOT_PFTC7_SITE3_(nogp)_plot_e,DETECT,7.17,0.10,2.0,283
9/12/2023,2400,3,east,ROOT_PFTC7_SITE3_(nogp)_plot_e,DETECT,7.24,0.16,1.7,246
9/12/2023,2400,3,east,ROOT_PFTC7_SITE3_(nogp)_plot_e,DETECT,7.29,0.01,9.5,320
9/12/2023,2400,3,east,ROOT_PFTC7_SITE3_(nogp)_plot_e,DETECT,7.31,0.10,2.0,536
9/12/2023,2400,3,east,ROOT_PFTC7_SITE3_(nogp)_plot_e,DETECT,7.39,0.07,12.1,2101
9/12/2023,2400,3,east,ROOT_PFTC7_SITE3_(nogp)_plot_e,DETECT,7.44,0.16,1.7,168
9/12/2023,2400,3,east,ROOT_PFTC7_SITE3_(nogp)_plot_e,DETECT,7.52,0.10,2.5,474
9/12/2023,2400,3,east,ROOT_PFTC7_SITE3_(nogp)_plot_e,DETECT,7.75,0.10,2.8,364
9/12/2023,2400,3,east,ROOT_PFTC7_SITE3_(nogp)_plot_e,DETECT,7.91,0.18,3.0,448
9/12/2023,2400,3,east,ROOT_PFTC7_SITE3_(nogp)_plot_e,DETECT,8.1,0.17,1.9,269
9/12/2023,2400,3,east,ROOT_PFTC7_SITE3_(nogp)_plot_e,DETECT,8.21,0.11,4.2,1108
9/12/2023,2400,3,east,ROOT_PFTC7_SITE3_(nogp)_plot_e,DETECT,8.28,0.20,1.3,104
9/12/2023,2400,3,east,ROOT_PFTC7_SITE3_(nogp)_plot_e,DETECT,8.34,0.14,6.6,1171
9/12/2023,2400,3,east,ROOT_PFTC7_SITE3_(nogp)_plot_e,DETECT,8.42,0.20,1.5,220
9/12/2023,2400,3,east,ROOT_PFTC7_SITE3_(nogp)_plot_e,DETECT,8.55,0.10,5.8,1352
9/12/2023,2400,3,east,ROOT_PFTC7_SITE3_(nogp)_plot_e,DETECT,8.75,0.11,9.0,1868
9/12/2023,2400,3,east,ROOT_PFTC7_SITE3_(nogp)_plot_e,DETECT,8.93,0.14,1.8,170
9/12/2023,2400,3,east,ROOT_PFTC7_SITE3_(nogp)_plot_e,DETECT,8.95,0.07,4.5,845
9/12/2023,2400,3,east,ROOT_PFTC7_SITE3_(nogp)_plot_e,DETECT,9.15,0.13,2.3,386
9/12/2023,2400,3,east,ROOT_PFTC7_SITE3_(nogp)_plot_e,DETECT,9.3,0.09,4.5,634
9/12/2023,2400,3,east,ROOT_PFTC7_SITE3_(nogp)_plot_e,DETECT,9.4,0.09,3.9,656
9/12/2023,2400,3,east,ROOT_PFTC7_SITE3_(nogp)_plot_e,DETECT,9.53,0.09,4.1,469
9/12/2023,2400,3,east,ROOT_PFTC7_SITE3_(nogp)_plot_e,DETECT,9.69,0.08,3.2,423
9/12/2023,2400,3,east,ROOT_PFTC7_SITE3_(nogp)_plot_e,DETECT,9.92,0.09,3.3,497
9/12/2023,2400,3,east,ROOT_PFTC7_SITE3_(nogp)_plot_e,DETECT,10.14,0.10,2.5,178
9/12/2023,2400,3,east,ROOT_PFTC7_SITE3_(nogp)_plot_e,DETECT,10.23,0.16,2.4,306
9/12/2023,2400,3,east,ROOT_PFTC7_SITE3_(nogp)_plot_e,DETECT,10.31,0.09,2.4,187
9/12/2023,2400,3,east,ROOT_PFTC7_SITE3_(nogp)_plot_e,DETECT,10.35,0.14,2.2,438
9/12/2023,2400,3,east,ROOT_PFTC7_SITE3_(nogp)_plot_e,DETECT,10.54,0.10,4.4,1075
9/12/2023,2400,3,east,ROOT_PFTC7_SITE3_(nogp)_plot_e,DETECT,10.64,0.09,6.3,1278
9/12/2023,2400,3,east,ROOT_PFTC7_SITE3_(nogp)_plot_e,DETECT,10.76,0.08,4.7,678
9/12/2023,2400,3,east,ROOT_PFTC7_SITE3_(nogp)_plot_e,DETECT,10.84,0.05,11.4,2852
9/12/2023,2400,3,east,ROOT_PFTC7_SITE3_(nogp)_plot_e,DETECT,11.09,0.07,4.2,370
9/12/2023,2400,3,east,ROOT_PFTC7_SITE3_(nogp)_plot_e,DETECT,11.28,0.09,2.6,351
9/12/2023,2400,3,east,ROOT_PFTC7_SITE3_(nogp)_plot_e,DETECT,11.38,0.06,2.6,404
9/12/2023,2400,3,east,ROOT_PFTC7_SITE3_(nogp)_plot_e,DETECT,11.48,0.07,4.3,542
9/12/2023,2400,3,east,ROOT_PFTC7_SITE3_(nogp)_plot_e,DETECT,11.57,0.11,2.5,331
9/12/2023,2400,3,east,ROOT_PFTC7_SITE3_(nogp)_plot_e,DETECT,11.78,0.09,1.9,199
9/12/2023,2400,3,east,ROOT_PFTC7_SITE3_(nogp)_plot_e,MARKER,0.04,NA,NA,NA
9/12/2023,2400,3,east,ROOT_PFTC7_SITE3_(nogp)_plot_e,MARKER,1.25,NA,NA,NA
9/12/2023,2400,3,east,ROOT_PFTC7_SITE3_(nogp)_plot_e,MARKER,3.89,NA,NA,NA
9/12/2023,2400,3,east,ROOT_PFTC7_SITE3_(nogp)_plot_e,MARKER,5.28,NA,NA,NA
9/12/2023,2400,3,east,ROOT_PFTC7_SITE3_(nogp)_plot_e,MARKER,7.93,NA,NA,NA
9/12/2023,2400,3,east,ROOT_PFTC7_SITE3_(nogp)_plot_e,MARKER,9.09,NA,NA,NA
9/12/2023,2400,3,east,ROOT_PFTC7_SITE3_(nogp)_plot_e,MARKER,11.63,NA,NA,NA
9/12/2023,2400,3,west,ROOT_PFTC7_SITE3_(nogp)_plot_w,DETECT,0,0.04,18.0,723
9/12/2023,2400,3,west,ROOT_PFTC7_SITE3_(nogp)_plot_w,DETECT,0.08,0.14,3.9,295
9/12/2023,2400,3,west,ROOT_PFTC7_SITE3_(nogp)_plot_w,DETECT,0.1,0.03,10.0,582
9/12/2023,2400,3,west,ROOT_PFTC7_SITE3_(nogp)_plot_w,DETECT,0.18,0.13,2.9,182
9/12/2023,2400,3,west,ROOT_PFTC7_SITE3_(nogp)_plot_w,DETECT,0.26,0.08,3.7,187
9/12/2023,2400,3,west,ROOT_PFTC7_SITE3_(nogp)_plot_w,DETECT,0.48,0.08,4.6,906
9/12/2023,2400,3,west,ROOT_PFTC7_SITE3_(nogp)_plot_w,DETECT,0.64,0.12,6.3,506
9/12/2023,2400,3,west,ROOT_PFTC7_SITE3_(nogp)_plot_w,DETECT,0.73,0.09,8.4,790
9/12/2023,2400,3,west,ROOT_PFTC7_SITE3_(nogp)_plot_w,DETECT,0.82,0.11,6.4,220
9/12/2023,2400,3,west,ROOT_PFTC7_SITE3_(nogp)_plot_w,DETECT,0.9,0.08,3.3,242
9/12/2023,2400,3,west,ROOT_PFTC7_SITE3_(nogp)_plot_w,DETECT,1.2,0.05,7.3,504
9/12/2023,2400,3,west,ROOT_PFTC7_SITE3_(nogp)_plot_w,DETECT,1.38,0.04,37.0,3521
9/12/2023,2400,3,west,ROOT_PFTC7_SITE3_(nogp)_plot_w,DETECT,1.6,0.07,20.7,1155
9/12/2023,2400,3,west,ROOT_PFTC7_SITE3_(nogp)_plot_w,DETECT,1.79,0.09,4.0,383
9/12/2023,2400,3,west,ROOT_PFTC7_SITE3_(nogp)_plot_w,DETECT,1.89,0.08,5.5,456
9/12/2023,2400,3,west,ROOT_PFTC7_SITE3_(nogp)_plot_w,DETECT,1.97,0.06,4.9,385
9/12/2023,2400,3,west,ROOT_PFTC7_SITE3_(nogp)_plot_w,DETECT,2.08,0.03,18.2,1021
9/12/2023,2400,3,west,ROOT_PFTC7_SITE3_(nogp)_plot_w,DETECT,2.15,0.08,4.6,658
9/12/2023,2400,3,west,ROOT_PFTC7_SITE3_(nogp)_plot_w,DETECT,2.28,0.11,5.0,926
9/12/2023,2400,3,west,ROOT_PFTC7_SITE3_(nogp)_plot_w,DETECT,2.39,0.02,42.6,971
9/12/2023,2400,3,west,ROOT_PFTC7_SITE3_(nogp)_plot_w,DETECT,2.49,0.12,6.6,698
9/12/2023,2400,3,west,ROOT_PFTC7_SITE3_(nogp)_plot_w,DETECT,2.54,0.06,6.1,475
9/12/2023,2400,3,west,ROOT_PFTC7_SITE3_(nogp)_plot_w,DETECT,2.66,0.04,3.9,122
9/12/2023,2400,3,west,ROOT_PFTC7_SITE3_(nogp)_plot_w,DETECT,2.76,0.02,20.1,1072
9/12/2023,2400,3,west,ROOT_PFTC7_SITE3_(nogp)_plot_w,DETECT,2.93,0.06,9.4,401
9/12/2023,2400,3,west,ROOT_PFTC7_SITE3_(nogp)_plot_w,DETECT,3.04,0.06,3.6,288
9/12/2023,2400,3,west,ROOT_PFTC7_SITE3_(nogp)_plot_w,DETECT,3.26,0.06,3.0,213
9/12/2023,2400,3,west,ROOT_PFTC7_SITE3_(nogp)_plot_w,DETECT,3.46,0.08,5.0,357
9/12/2023,2400,3,west,ROOT_PFTC7_SITE3_(nogp)_plot_w,DETECT,3.62,0.04,15.3,451
9/12/2023,2400,3,west,ROOT_PFTC7_SITE3_(nogp)_plot_w,DETECT,3.7,0.06,4.4,415
9/12/2023,2400,3,west,ROOT_PFTC7_SITE3_(nogp)_plot_w,DETECT,3.92,0.04,45.1,2371
9/12/2023,2400,3,west,ROOT_PFTC7_SITE3_(nogp)_plot_w,DETECT,4.16,0.08,13.8,1453
9/12/2023,2400,3,west,ROOT_PFTC7_SITE3_(nogp)_plot_w,DETECT,4.22,0.13,3.4,279
9/12/2023,2400,3,west,ROOT_PFTC7_SITE3_(nogp)_plot_w,DETECT,4.26,0.17,3.0,130
9/12/2023,2400,3,west,ROOT_PFTC7_SITE3_(nogp)_plot_w,DETECT,4.27,0.04,20.5,892
9/12/2023,2400,3,west,ROOT_PFTC7_SITE3_(nogp)_plot_w,DETECT,4.34,0.09,4.5,341
9/12/2023,2400,3,west,ROOT_PFTC7_SITE3_(nogp)_plot_w,DETECT,4.4,0.01,17.1,365
9/12/2023,2400,3,west,ROOT_PFTC7_SITE3_(nogp)_plot_w,DETECT,4.51,0.10,2.5,92
9/12/2023,2400,3,west,ROOT_PFTC7_SITE3_(nogp)_plot_w,DETECT,4.53,0.02,7.4,374
9/12/2023,2400,3,west,ROOT_PFTC7_SITE3_(nogp)_plot_w,DETECT,4.63,0.02,8.2,178
9/12/2023,2400,3,west,ROOT_PFTC7_SITE3_(nogp)_plot_w,DETECT,4.7,0.08,3.7,224
9/12/2023,2400,3,west,ROOT_PFTC7_SITE3_(nogp)_plot_w,DETECT,4.95,0.03,42.1,2186
9/12/2023,2400,3,west,ROOT_PFTC7_SITE3_(nogp)_plot_w,DETECT,5.08,0.06,19.4,1643
9/12/2023,2400,3,west,ROOT_PFTC7_SITE3_(nogp)_plot_w,DETECT,5.21,0.09,4.8,445
9/12/2023,2400,3,west,ROOT_PFTC7_SITE3_(nogp)_plot_w,DETECT,5.33,0.09,5.9,578
9/12/2023,2400,3,west,ROOT_PFTC7_SITE3_(nogp)_plot_w,DETECT,5.56,0.06,22.4,1857
9/12/2023,2400,3,west,ROOT_PFTC7_SITE3_(nogp)_plot_w,DETECT,5.62,0.04,8.6,156
9/12/2023,2400,3,west,ROOT_PFTC7_SITE3_(nogp)_plot_w,DETECT,5.96,0.08,3.8,218
9/12/2023,2400,3,west,ROOT_PFTC7_SITE3_(nogp)_plot_w,DETECT,6.03,0.08,3.5,256
9/12/2023,2400,3,west,ROOT_PFTC7_SITE3_(nogp)_plot_w,DETECT,6.12,0.11,4.0,285
9/12/2023,2400,3,west,ROOT_PFTC7_SITE3_(nogp)_plot_w,DETECT,6.39,0.04,6.6,640
9/12/2023,2400,3,west,ROOT_PFTC7_SITE3_(nogp)_plot_w,DETECT,6.61,0.07,9.4,717
9/12/2023,2400,3,west,ROOT_PFTC7_SITE3_(nogp)_plot_w,DETECT,6.82,0.05,8.9,1362
9/12/2023,2400,3,west,ROOT_PFTC7_SITE3_(nogp)_plot_w,DETECT,6.87,0.12,4.7,383
9/12/2023,2400,3,west,ROOT_PFTC7_SITE3_(nogp)_plot_w,DETECT,6.94,0.09,4.8,283
9/12/2023,2400,3,west,ROOT_PFTC7_SITE3_(nogp)_plot_w,DETECT,7.14,0.06,5.6,403
9/12/2023,2400,3,west,ROOT_PFTC7_SITE3_(nogp)_plot_w,DETECT,7.34,0.11,4.9,465
9/12/2023,2400,3,west,ROOT_PFTC7_SITE3_(nogp)_plot_w,DETECT,7.44,0.05,4.6,329
9/12/2023,2400,3,west,ROOT_PFTC7_SITE3_(nogp)_plot_w,DETECT,7.71,0.05,9.5,1029
9/12/2023,2400,3,west,ROOT_PFTC7_SITE3_(nogp)_plot_w,DETECT,7.81,0.04,9.5,232
9/12/2023,2400,3,west,ROOT_PFTC7_SITE3_(nogp)_plot_w,DETECT,7.87,0.08,4.2,194
9/12/2023,2400,3,west,ROOT_PFTC7_SITE3_(nogp)_plot_w,DETECT,7.93,0.03,25.2,849
9/12/2023,2400,3,west,ROOT_PFTC7_SITE3_(nogp)_plot_w,DETECT,8.05,0.04,26.2,898
9/12/2023,2400,3,west,ROOT_PFTC7_SITE3_(nogp)_plot_w,DETECT,8.21,0.04,57.7,1560
9/12/2023,2400,3,west,ROOT_PFTC7_SITE3_(nogp)_plot_w,DETECT,8.72,0.05,3.9,186
9/12/2023,2400,3,west,ROOT_PFTC7_SITE3_(nogp)_plot_w,DETECT,8.81,0.09,15.0,1937
9/12/2023,2400,3,west,ROOT_PFTC7_SITE3_(nogp)_plot_w,DETECT,8.97,0.07,4.3,585
9/12/2023,2400,3,west,ROOT_PFTC7_SITE3_(nogp)_plot_w,DETECT,9.02,0.03,42.3,2818
9/12/2023,2400,3,west,ROOT_PFTC7_SITE3_(nogp)_plot_w,DETECT,9.32,0.07,5.0,570
9/12/2023,2400,3,west,ROOT_PFTC7_SITE3_(nogp)_plot_w,DETECT,9.47,0.03,11.7,521
9/12/2023,2400,3,west,ROOT_PFTC7_SITE3_(nogp)_plot_w,DETECT,9.54,0.06,21.3,1499
9/12/2023,2400,3,west,ROOT_PFTC7_SITE3_(nogp)_plot_w,DETECT,9.57,0.12,3.1,163
9/12/2023,2400,3,west,ROOT_PFTC7_SITE3_(nogp)_plot_w,DETECT,9.62,0.04,9.4,486
9/12/2023,2400,3,west,ROOT_PFTC7_SITE3_(nogp)_plot_w,DETECT,9.9,0.11,3.1,179
9/12/2023,2400,3,west,ROOT_PFTC7_SITE3_(nogp)_plot_w,DETECT,10.02,0.20,3.5,172
9/12/2023,2400,3,west,ROOT_PFTC7_SITE3_(nogp)_plot_w,DETECT,10.11,0.08,16.7,1286
9/12/2023,2400,3,west,ROOT_PFTC7_SITE3_(nogp)_plot_w,DETECT,10.21,0.02,55.9,2414
9/12/2023,2400,3,west,ROOT_PFTC7_SITE3_(nogp)_plot_w,DETECT,10.37,0.06,6.2,607
9/12/2023,2400,3,west,ROOT_PFTC7_SITE3_(nogp)_plot_w,DETECT,10.54,0.03,9.5,238
9/12/2023,2400,3,west,ROOT_PFTC7_SITE3_(nogp)_plot_w,DETECT,10.65,0.04,4.3,394
9/12/2023,2400,3,west,ROOT_PFTC7_SITE3_(nogp)_plot_w,DETECT,10.71,0.09,3.7,202
9/12/2023,2400,3,west,ROOT_PFTC7_SITE3_(nogp)_plot_w,DETECT,10.73,0.02,14.7,531
9/12/2023,2400,3,west,ROOT_PFTC7_SITE3_(nogp)_plot_w,DETECT,10.84,0.06,5.2,485
9/12/2023,2400,3,west,ROOT_PFTC7_SITE3_(nogp)_plot_w,DETECT,11.09,0.06,4.2,473
9/12/2023,2400,3,west,ROOT_PFTC7_SITE3_(nogp)_plot_w,DETECT,11.29,0.13,5.0,246
9/12/2023,2400,3,west,ROOT_PFTC7_SITE3_(nogp)_plot_w,DETECT,11.42,0.04,35.4,1720
9/12/2023,2400,3,west,ROOT_PFTC7_SITE3_(nogp)_plot_w,DETECT,11.55,0.13,2.4,61
9/12/2023,2400,3,west,ROOT_PFTC7_SITE3_(nogp)_plot_w,DETECT,11.6,0.05,4.9,166
9/12/2023,2400,3,west,ROOT_PFTC7_SITE3_(nogp)_plot_w,DETECT,12.09,0.13,3.4,263
9/12/2023,2400,3,west,ROOT_PFTC7_SITE3_(nogp)_plot_w,DETECT,12.34,0.13,5.7,850
9/12/2023,2400,3,west,ROOT_PFTC7_SITE3_(nogp)_plot_w,DETECT,12.84,0.07,5.9,607
9/12/2023,2400,3,west,ROOT_PFTC7_SITE3_(nogp)_plot_w,DETECT,13.08,0.09,4.1,196
9/12/2023,2400,3,west,ROOT_PFTC7_SITE3_(nogp)_plot_w,DETECT,13.12,0.05,3.9,193
9/12/2023,2400,3,west,ROOT_PFTC7_SITE3_(nogp)_plot_w,DETECT,13.23,0.03,14.6,620
9/12/2023,2400,3,west,ROOT_PFTC7_SITE3_(nogp)_plot_w,DETECT,13.36,0.04,43.9,1536
9/12/2023,2400,3,west,ROOT_PFTC7_SITE3_(nogp)_plot_w,DETECT,13.53,0.05,25.3,1796
9/12/2023,2400,3,west,ROOT_PFTC7_SITE3_(nogp)_plot_w,DETECT,13.75,0.06,12.6,554
9/12/2023,2400,3,west,ROOT_PFTC7_SITE3_(nogp)_plot_w,DETECT,13.87,0.03,25.4,415
9/12/2023,2400,3,west,ROOT_PFTC7_SITE3_(nogp)_plot_w,DETECT,13.98,0.15,4.5,631
9/12/2023,2400,3,west,ROOT_PFTC7_SITE3_(nogp)_plot_w,DETECT,14.01,0.06,7.3,495
9/12/2023,2400,3,west,ROOT_PFTC7_SITE3_(nogp)_plot_w,DETECT,14.14,0.17,2.5,122
9/12/2023,2400,3,west,ROOT_PFTC7_SITE3_(nogp)_plot_w,DETECT,14.31,0.07,3.3,179
9/12/2023,2400,3,west,ROOT_PFTC7_SITE3_(nogp)_plot_w,DETECT,14.42,0.05,4.1,472
9/12/2023,2400,3,west,ROOT_PFTC7_SITE3_(nogp)_plot_w,DETECT,14.64,0.02,9.7,846
9/12/2023,2400,3,west,ROOT_PFTC7_SITE3_(nogp)_plot_w,DETECT,14.7,0.08,4.9,687
9/12/2023,2400,3,west,ROOT_PFTC7_SITE3_(nogp)_plot_w,DETECT,14.83,0.06,5.6,1009
9/12/2023,2400,3,west,ROOT_PFTC7_SITE3_(nogp)_plot_w,DETECT,15,0.07,7.8,591
9/12/2023,2400,3,west,ROOT_PFTC7_SITE3_(nogp)_plot_w,DETECT,15.31,0.11,7.9,1743
9/12/2023,2400,3,west,ROOT_PFTC7_SITE3_(nogp)_plot_w,DETECT,15.39,0.03,25.2,1429
9/12/2023,2400,3,west,ROOT_PFTC7_SITE3_(nogp)_plot_w,DETECT,15.58,0.06,4.5,253
9/12/2023,2400,3,west,ROOT_PFTC7_SITE3_(nogp)_plot_w,DETECT,15.66,0.03,24.2,414
9/12/2023,2400,3,west,ROOT_PFTC7_SITE3_(nogp)_plot_w,DETECT,15.83,0.06,5.1,379
9/12/2023,2400,3,west,ROOT_PFTC7_SITE3_(nogp)_plot_w,DETECT,15.91,0.03,34.5,1573
9/12/2023,2400,3,west,ROOT_PFTC7_SITE3_(nogp)_plot_w,MARKER,0,NA,NA,NA
9/12/2023,2400,3,west,ROOT_PFTC7_SITE3_(nogp)_plot_w,MARKER,1.24,NA,NA,NA
9/12/2023,2400,3,west,ROOT_PFTC7_SITE3_(nogp)_plot_w,MARKER,3.59,NA,NA,NA
9/12/2023,2400,3,west,ROOT_PFTC7_SITE3_(nogp)_plot_w,MARKER,4.83,NA,NA,NA
9/12/2023,2400,3,west,ROOT_PFTC7_SITE3_(nogp)_plot_w,MARKER,7.31,NA,NA,NA
9/12/2023,2400,3,west,ROOT_PFTC7_SITE3_(nogp)_plot_w,MARKER,8.55,NA,NA,NA
9/12/2023,2400,3,west,ROOT_PFTC7_SITE3_(nogp)_plot_w,MARKER,11.1,NA,NA,NA
9/12/2023,2400,3,west,ROOT_PFTC7_SITE3_(nogp)_plot_w,MARKER,12.48,NA,NA,NA
9/12/2023,2400,3,west,ROOT_PFTC7_SITE3_(nogp)_plot_w,MARKER,14.92,NA,NA,NA
9/12/2023,2400,3,west,ROOT_PFTC7_SITE3_(nogp)_plot_w,MARKER,16.22,NA,NA,NA
14/12/2023,2600,4,east,ROOT_PFTC7_SITE4_(nogp)_plot_e,DETECT,0.03,0.04,52.0,1467
14/12/2023,2600,4,east,ROOT_PFTC7_SITE4_(nogp)_plot_e,DETECT,0.12,0.10,1.0,348
14/12/2023,2600,4,east,ROOT_PFTC7_SITE4_(nogp)_plot_e,DETECT,0.2,0.05,3.5,488
14/12/2023,2600,4,east,ROOT_PFTC7_SITE4_(nogp)_plot_e,DETECT,0.3,0.06,6.4,717
14/12/2023,2600,4,east,ROOT_PFTC7_SITE4_(nogp)_plot_e,DETECT,0.48,0.08,6.8,1237
14/12/2023,2600,4,east,ROOT_PFTC7_SITE4_(nogp)_plot_e,DETECT,0.68,0.06,5.5,496
14/12/2023,2600,4,east,ROOT_PFTC7_SITE4_(nogp)_plot_e,DETECT,0.74,0.10,1.6,367
14/12/2023,2600,4,east,ROOT_PFTC7_SITE4_(nogp)_plot_e,DETECT,1.06,0.09,4.0,3202
14/12/2023,2600,4,east,ROOT_PFTC7_SITE4_(nogp)_plot_e,DETECT,1.19,0.06,2.9,521
14/12/2023,2600,4,east,ROOT_PFTC7_SITE4_(nogp)_plot_e,DETECT,1.29,0.06,2.9,1281
14/12/2023,2600,4,east,ROOT_PFTC7_SITE4_(nogp)_plot_e,DETECT,1.56,0.08,2.7,640
14/12/2023,2600,4,east,ROOT_PFTC7_SITE4_(nogp)_plot_e,DETECT,2.29,0.12,2.1,1231
14/12/2023,2600,4,east,ROOT_PFTC7_SITE4_(nogp)_plot_e,DETECT,2.3,0.02,16.8,2676
14/12/2023,2600,4,east,ROOT_PFTC7_SITE4_(nogp)_plot_e,DETECT,2.37,0.14,1.0,232
14/12/2023,2600,4,east,ROOT_PFTC7_SITE4_(nogp)_plot_e,DETECT,2.39,0.05,6.7,1051
14/12/2023,2600,4,east,ROOT_PFTC7_SITE4_(nogp)_plot_e,DETECT,2.75,0.14,1.4,1038
14/12/2023,2600,4,east,ROOT_PFTC7_SITE4_(nogp)_plot_e,DETECT,2.79,0.03,2.8,215
14/12/2023,2600,4,east,ROOT_PFTC7_SITE4_(nogp)_plot_e,DETECT,2.9,0.02,12.3,2782
14/12/2023,2600,4,east,ROOT_PFTC7_SITE4_(nogp)_plot_e,DETECT,2.92,0.14,2.1,354
14/12/2023,2600,4,east,ROOT_PFTC7_SITE4_(nogp)_plot_e,DETECT,2.98,0.11,1.9,318
14/12/2023,2600,4,east,ROOT_PFTC7_SITE4_(nogp)_plot_e,DETECT,3.45,0.11,1.6,984
14/12/2023,2600,4,east,ROOT_PFTC7_SITE4_(nogp)_plot_e,DETECT,3.54,0.10,1.7,493
14/12/2023,2600,4,east,ROOT_PFTC7_SITE4_(nogp)_plot_e,DETECT,3.7,0.02,9.2,260
14/12/2023,2600,4,east,ROOT_PFTC7_SITE4_(nogp)_plot_e,DETECT,3.73,0.08,1.7,165
14/12/2023,2600,4,east,ROOT_PFTC7_SITE4_(nogp)_plot_e,DETECT,3.81,0.11,1.2,322
14/12/2023,2600,4,east,ROOT_PFTC7_SITE4_(nogp)_plot_e,DETECT,3.93,0.09,2.7,1211
14/12/2023,2600,4,east,ROOT_PFTC7_SITE4_(nogp)_plot_e,DETECT,4,0.05,3.7,427
14/12/2023,2600,4,east,ROOT_PFTC7_SITE4_(nogp)_plot_e,DETECT,4.15,0.10,1.5,438
14/12/2023,2600,4,east,ROOT_PFTC7_SITE4_(nogp)_plot_e,DETECT,4.2,0.02,44.4,973
14/12/2023,2600,4,east,ROOT_PFTC7_SITE4_(nogp)_plot_e,DETECT,4.37,0.08,4.7,745
14/12/2023,2600,4,east,ROOT_PFTC7_SITE4_(nogp)_plot_e,DETECT,4.52,0.06,7.9,2124
14/12/2023,2600,4,east,ROOT_PFTC7_SITE4_(nogp)_plot_e,DETECT,4.62,0.03,6.0,840
14/12/2023,2600,4,east,ROOT_PFTC7_SITE4_(nogp)_plot_e,DETECT,4.69,0.07,3.0,1160
14/12/2023,2600,4,east,ROOT_PFTC7_SITE4_(nogp)_plot_e,DETECT,5,0.06,15.9,3260
14/12/2023,2600,4,east,ROOT_PFTC7_SITE4_(nogp)_plot_e,DETECT,5.15,0.09,1.4,229
14/12/2023,2600,4,east,ROOT_PFTC7_SITE4_(nogp)_plot_e,DETECT,5.41,0.09,4.1,1418
14/12/2023,2600,4,east,ROOT_PFTC7_SITE4_(nogp)_plot_e,DETECT,5.48,0.06,4.6,390
14/12/2023,2600,4,east,ROOT_PFTC7_SITE4_(nogp)_plot_e,DETECT,5.5,0.13,1.9,413
14/12/2023,2600,4,east,ROOT_PFTC7_SITE4_(nogp)_plot_e,DETECT,5.63,0.03,15.8,1867
14/12/2023,2600,4,east,ROOT_PFTC7_SITE4_(nogp)_plot_e,DETECT,5.68,0.06,2.0,168
14/12/2023,2600,4,east,ROOT_PFTC7_SITE4_(nogp)_plot_e,DETECT,6.18,0.09,15.3,7556
14/12/2023,2600,4,east,ROOT_PFTC7_SITE4_(nogp)_plot_e,DETECT,6.38,0.11,1.3,568
14/12/2023,2600,4,east,ROOT_PFTC7_SITE4_(nogp)_plot_e,DETECT,6.74,0.08,2.3,455
14/12/2023,2600,4,east,ROOT_PFTC7_SITE4_(nogp)_plot_e,DETECT,6.86,0.08,2.6,296
14/12/2023,2600,4,east,ROOT_PFTC7_SITE4_(nogp)_plot_e,DETECT,7.12,0.13,1.4,332
14/12/2023,2600,4,east,ROOT_PFTC7_SITE4_(nogp)_plot_e,DETECT,7.19,0.08,3.6,1730
14/12/2023,2600,4,east,ROOT_PFTC7_SITE4_(nogp)_plot_e,DETECT,7.37,0.10,2.1,450
14/12/2023,2600,4,east,ROOT_PFTC7_SITE4_(nogp)_plot_e,DETECT,7.54,0.13,2.4,559
14/12/2023,2600,4,east,ROOT_PFTC7_SITE4_(nogp)_plot_e,DETECT,7.74,0.12,1.8,670
14/12/2023,2600,4,east,ROOT_PFTC7_SITE4_(nogp)_plot_e,DETECT,7.92,0.06,1.6,202
14/12/2023,2600,4,east,ROOT_PFTC7_SITE4_(nogp)_plot_e,DETECT,8.09,0.10,2.1,908
14/12/2023,2600,4,east,ROOT_PFTC7_SITE4_(nogp)_plot_e,DETECT,8.23,0.06,2.2,250
14/12/2023,2600,4,east,ROOT_PFTC7_SITE4_(nogp)_plot_e,DETECT,8.54,0.07,3.8,1758
14/12/2023,2600,4,east,ROOT_PFTC7_SITE4_(nogp)_plot_e,DETECT,8.7,0.05,3.2,622
14/12/2023,2600,4,east,ROOT_PFTC7_SITE4_(nogp)_plot_e,DETECT,8.79,0.07,23.9,2746
14/12/2023,2600,4,east,ROOT_PFTC7_SITE4_(nogp)_plot_e,DETECT,9.02,0.07,4.2,1357
14/12/2023,2600,4,east,ROOT_PFTC7_SITE4_(nogp)_plot_e,DETECT,9.23,0.05,1.9,544
14/12/2023,2600,4,east,ROOT_PFTC7_SITE4_(nogp)_plot_e,DETECT,9.36,0.05,2.4,545
14/12/2023,2600,4,east,ROOT_PFTC7_SITE4_(nogp)_plot_e,DETECT,9.44,0.03,2.7,474
14/12/2023,2600,4,east,ROOT_PFTC7_SITE4_(nogp)_plot_e,DETECT,9.68,0.06,4.4,3115
14/12/2023,2600,4,east,ROOT_PFTC7_SITE4_(nogp)_plot_e,DETECT,9.84,0.16,1.0,247
14/12/2023,2600,4,east,ROOT_PFTC7_SITE4_(nogp)_plot_e,DETECT,10.02,0.10,2.1,738
14/12/2023,2600,4,east,ROOT_PFTC7_SITE4_(nogp)_plot_e,DETECT,10.2,0.04,13.0,2505
14/12/2023,2600,4,east,ROOT_PFTC7_SITE4_(nogp)_plot_e,DETECT,10.4,0.04,6.4,1301
14/12/2023,2600,4,east,ROOT_PFTC7_SITE4_(nogp)_plot_e,DETECT,10.45,0.09,1.2,141
14/12/2023,2600,4,east,ROOT_PFTC7_SITE4_(nogp)_plot_e,DETECT,10.57,0.06,3.8,906
14/12/2023,2600,4,east,ROOT_PFTC7_SITE4_(nogp)_plot_e,DETECT,10.64,0.11,2.5,667
14/12/2023,2600,4,east,ROOT_PFTC7_SITE4_(nogp)_plot_e,DETECT,10.7,0.06,4.9,819
14/12/2023,2600,4,east,ROOT_PFTC7_SITE4_(nogp)_plot_e,DETECT,10.82,0.08,2.2,475
14/12/2023,2600,4,east,ROOT_PFTC7_SITE4_(nogp)_plot_e,DETECT,10.87,0.02,21.8,1965
14/12/2023,2600,4,east,ROOT_PFTC7_SITE4_(nogp)_plot_e,DETECT,11.01,0.07,1.4,289
14/12/2023,2600,4,east,ROOT_PFTC7_SITE4_(nogp)_plot_e,DETECT,11.13,0.02,33.9,427
14/12/2023,2600,4,east,ROOT_PFTC7_SITE4_(nogp)_plot_e,DETECT,11.2,0.10,1.8,305
14/12/2023,2600,4,east,ROOT_PFTC7_SITE4_(nogp)_plot_e,DETECT,11.22,0.05,3.4,669
14/12/2023,2600,4,east,ROOT_PFTC7_SITE4_(nogp)_plot_e,DETECT,11.36,0.09,2.3,644
14/12/2023,2600,4,east,ROOT_PFTC7_SITE4_(nogp)_plot_e,DETECT,11.53,0.02,47.8,3653
14/12/2023,2600,4,east,ROOT_PFTC7_SITE4_(nogp)_plot_e,DETECT,11.61,0.11,8.3,4330
14/12/2023,2600,4,east,ROOT_PFTC7_SITE4_(nogp)_plot_e,DETECT,11.76,0.11,4.2,978
14/12/2023,2600,4,east,ROOT_PFTC7_SITE4_(nogp)_plot_e,DETECT,11.94,0.06,3.3,570
14/12/2023,2600,4,east,ROOT_PFTC7_SITE4_(nogp)_plot_e,DETECT,12.04,0.06,2.3,293
14/12/2023,2600,4,east,ROOT_PFTC7_SITE4_(nogp)_plot_e,DETECT,12.14,0.04,20.4,601
14/12/2023,2600,4,east,ROOT_PFTC7_SITE4_(nogp)_plot_e,DETECT,12.23,0.09,3.6,1393
14/12/2023,2600,4,east,ROOT_PFTC7_SITE4_(nogp)_plot_e,DETECT,12.34,0.05,3.6,705
14/12/2023,2600,4,east,ROOT_PFTC7_SITE4_(nogp)_plot_e,DETECT,12.68,0.06,2.6,404
14/12/2023,2600,4,east,ROOT_PFTC7_SITE4_(nogp)_plot_e,DETECT,12.79,0.04,36.2,2299
14/12/2023,2600,4,east,ROOT_PFTC7_SITE4_(nogp)_plot_e,DETECT,12.99,0.06,2.7,1194
14/12/2023,2600,4,east,ROOT_PFTC7_SITE4_(nogp)_plot_e,DETECT,13.21,0.06,2.1,227
14/12/2023,2600,4,east,ROOT_PFTC7_SITE4_(nogp)_plot_e,DETECT,13.31,0.03,54.0,8540
14/12/2023,2600,4,east,ROOT_PFTC7_SITE4_(nogp)_plot_e,DETECT,13.41,0.12,1.0,166
14/12/2023,2600,4,east,ROOT_PFTC7_SITE4_(nogp)_plot_e,DETECT,13.64,0.08,3.5,727
14/12/2023,2600,4,east,ROOT_PFTC7_SITE4_(nogp)_plot_e,DETECT,13.76,0.06,7.2,1850
14/12/2023,2600,4,east,ROOT_PFTC7_SITE4_(nogp)_plot_e,DETECT,13.84,0.11,1.4,231
14/12/2023,2600,4,east,ROOT_PFTC7_SITE4_(nogp)_plot_e,DETECT,14.02,0.04,4.0,269
14/12/2023,2600,4,east,ROOT_PFTC7_SITE4_(nogp)_plot_e,DETECT,14.1,0.02,17.3,2269
14/12/2023,2600,4,east,ROOT_PFTC7_SITE4_(nogp)_plot_e,DETECT,14.31,0.05,5.1,1429
14/12/2023,2600,4,east,ROOT_PFTC7_SITE4_(nogp)_plot_e,DETECT,14.79,0.08,1.2,208
14/12/2023,2600,4,east,ROOT_PFTC7_SITE4_(nogp)_plot_e,DETECT,14.89,0.13,1.3,410
14/12/2023,2600,4,east,ROOT_PFTC7_SITE4_(nogp)_plot_e,DETECT,14.89,0.06,5.4,582
14/12/2023,2600,4,east,ROOT_PFTC7_SITE4_(nogp)_plot_e,DETECT,14.99,0.08,3.7,473
14/12/2023,2600,4,east,ROOT_PFTC7_SITE4_(nogp)_plot_e,DETECT,15.2,0.08,3.8,903
14/12/2023,2600,4,east,ROOT_PFTC7_SITE4_(nogp)_plot_e,DETECT,15.37,0.05,10.5,5408
14/12/2023,2600,4,east,ROOT_PFTC7_SITE4_(nogp)_plot_e,DETECT,16.04,0.07,4.1,877
14/12/2023,2600,4,east,ROOT_PFTC7_SITE4_(nogp)_plot_e,MARKER,0,NA,NA,NA
14/12/2023,2600,4,east,ROOT_PFTC7_SITE4_(nogp)_plot_e,MARKER,1.22,NA,NA,NA
14/12/2023,2600,4,east,ROOT_PFTC7_SITE4_(nogp)_plot_e,MARKER,3.89,NA,NA,NA
14/12/2023,2600,4,east,ROOT_PFTC7_SITE4_(nogp)_plot_e,MARKER,5.05,NA,NA,NA
14/12/2023,2600,4,east,ROOT_PFTC7_SITE4_(nogp)_plot_e,MARKER,7.89,NA,NA,NA
14/12/2023,2600,4,east,ROOT_PFTC7_SITE4_(nogp)_plot_e,MARKER,8.88,NA,NA,NA
14/12/2023,2600,4,east,ROOT_PFTC7_SITE4_(nogp)_plot_e,MARKER,11.49,NA,NA,NA
14/12/2023,2600,4,east,ROOT_PFTC7_SITE4_(nogp)_plot_e,MARKER,12.75,NA,NA,NA
14/12/2023,2600,4,east,ROOT_PFTC7_SITE4_(nogp)_plot_e,MARKER,15.19,NA,NA,NA
14/12/2023,2600,4,east,ROOT_PFTC7_SITE4_(nogp)_plot_e,MARKER,16.49,NA,NA,NA
14/12/2023,2600,4,west,ROOT_PFTC7_SITE4_(nogp)_plot_w,DETECT,0,0.04,2.6,99
14/12/2023,2600,4,west,ROOT_PFTC7_SITE4_(nogp)_plot_w,DETECT,0.09,0.06,24.8,3706
14/12/2023,2600,4,west,ROOT_PFTC7_SITE4_(nogp)_plot_w,DETECT,0.36,0.09,1.3,175
14/12/2023,2600,4,west,ROOT_PFTC7_SITE4_(nogp)_plot_w,DETECT,0.68,0.08,9.1,2469
14/12/2023,2600,4,west,ROOT_PFTC7_SITE4_(nogp)_plot_w,DETECT,1.01,0.05,7.1,4480
14/12/2023,2600,4,west,ROOT_PFTC7_SITE4_(nogp)_plot_w,DETECT,1.26,0.10,1.6,675
14/12/2023,2600,4,west,ROOT_PFTC7_SITE4_(nogp)_plot_w,DETECT,1.46,0.10,1.4,253
14/12/2023,2600,4,west,ROOT_PFTC7_SITE4_(nogp)_plot_w,DETECT,1.57,0.02,55.1,5331
14/12/2023,2600,4,west,ROOT_PFTC7_SITE4_(nogp)_plot_w,DETECT,1.83,0.08,8.1,3333
14/12/2023,2600,4,west,ROOT_PFTC7_SITE4_(nogp)_plot_w,DETECT,2.03,0.07,6.0,1919
14/12/2023,2600,4,west,ROOT_PFTC7_SITE4_(nogp)_plot_w,DETECT,2.11,0.03,21.3,1870
14/12/2023,2600,4,west,ROOT_PFTC7_SITE4_(nogp)_plot_w,DETECT,2.38,0.07,5.6,1970
14/12/2023,2600,4,west,ROOT_PFTC7_SITE4_(nogp)_plot_w,DETECT,2.53,0.06,33.5,5653
14/12/2023,2600,4,west,ROOT_PFTC7_SITE4_(nogp)_plot_w,DETECT,2.68,0.11,2.0,721
14/12/2023,2600,4,west,ROOT_PFTC7_SITE4_(nogp)_plot_w,DETECT,2.82,0.08,3.2,759
14/12/2023,2600,4,west,ROOT_PFTC7_SITE4_(nogp)_plot_w,DETECT,2.91,0.07,1.3,275
14/12/2023,2600,4,west,ROOT_PFTC7_SITE4_(nogp)_plot_w,DETECT,3.09,0.05,2.8,432
14/12/2023,2600,4,west,ROOT_PFTC7_SITE4_(nogp)_plot_w,DETECT,3.19,0.06,5.5,738
14/12/2023,2600,4,west,ROOT_PFTC7_SITE4_(nogp)_plot_w,DETECT,3.25,0.09,1.6,212
14/12/2023,2600,4,west,ROOT_PFTC7_SITE4_(nogp)_plot_w,DETECT,3.38,0.02,12.9,1549
14/12/2023,2600,4,west,ROOT_PFTC7_SITE4_(nogp)_plot_w,DETECT,3.55,0.07,4.6,2870
14/12/2023,2600,4,west,ROOT_PFTC7_SITE4_(nogp)_plot_w,DETECT,3.78,0.06,4.9,959
14/12/2023,2600,4,west,ROOT_PFTC7_SITE4_(nogp)_plot_w,DETECT,3.94,0.06,2.8,420
14/12/2023,2600,4,west,ROOT_PFTC7_SITE4_(nogp)_plot_w,DETECT,4.07,0.07,2.4,300
14/12/2023,2600,4,west,ROOT_PFTC7_SITE4_(nogp)_plot_w,DETECT,4.18,0.05,1.9,284
14/12/2023,2600,4,west,ROOT_PFTC7_SITE4_(nogp)_plot_w,DETECT,4.51,0.02,44.5,4228
14/12/2023,2600,4,west,ROOT_PFTC7_SITE4_(nogp)_plot_w,DETECT,4.54,0.08,2.0,608
14/12/2023,2600,4,west,ROOT_PFTC7_SITE4_(nogp)_plot_w,DETECT,4.72,0.03,32.6,2289
14/12/2023,2600,4,west,ROOT_PFTC7_SITE4_(nogp)_plot_w,DETECT,4.9,0.11,1.5,594
14/12/2023,2600,4,west,ROOT_PFTC7_SITE4_(nogp)_plot_w,DETECT,4.96,0.04,8.2,2434
14/12/2023,2600,4,west,ROOT_PFTC7_SITE4_(nogp)_plot_w,DETECT,5.11,0.10,3.3,1713
14/12/2023,2600,4,west,ROOT_PFTC7_SITE4_(nogp)_plot_w,DETECT,5.32,0.07,13.7,4339
14/12/2023,2600,4,west,ROOT_PFTC7_SITE4_(nogp)_plot_w,DETECT,5.44,0.08,4.8,1778
14/12/2023,2600,4,west,ROOT_PFTC7_SITE4_(nogp)_plot_w,DETECT,5.72,0.10,1.1,225
14/12/2023,2600,4,west,ROOT_PFTC7_SITE4_(nogp)_plot_w,DETECT,5.8,0.06,3.0,698
14/12/2023,2600,4,west,ROOT_PFTC7_SITE4_(nogp)_plot_w,DETECT,5.93,0.12,1.5,2215
14/12/2023,2600,4,west,ROOT_PFTC7_SITE4_(nogp)_plot_w,DETECT,6.12,0.08,2.2,599
14/12/2023,2600,4,west,ROOT_PFTC7_SITE4_(nogp)_plot_w,DETECT,6.36,0.12,2.0,655
14/12/2023,2600,4,west,ROOT_PFTC7_SITE4_(nogp)_plot_w,DETECT,6.52,0.06,10.1,5097
14/12/2023,2600,4,west,ROOT_PFTC7_SITE4_(nogp)_plot_w,DETECT,6.74,0.06,2.7,860
14/12/2023,2600,4,west,ROOT_PFTC7_SITE4_(nogp)_plot_w,DETECT,6.79,0.09,1.5,318
14/12/2023,2600,4,west,ROOT_PFTC7_SITE4_(nogp)_plot_w,DETECT,6.84,0.01,18.8,1881
14/12/2023,2600,4,west,ROOT_PFTC7_SITE4_(nogp)_plot_w,DETECT,6.93,0.03,8.0,789
14/12/2023,2600,4,west,ROOT_PFTC7_SITE4_(nogp)_plot_w,DETECT,6.98,0.06,1.8,440
14/12/2023,2600,4,west,ROOT_PFTC7_SITE4_(nogp)_plot_w,DETECT,7.06,0.09,1.5,419
14/12/2023,2600,4,west,ROOT_PFTC7_SITE4_(nogp)_plot_w,DETECT,7.12,0.03,7.6,801
14/12/2023,2600,4,west,ROOT_PFTC7_SITE4_(nogp)_plot_w,DETECT,7.24,0.08,1.9,1148
14/12/2023,2600,4,west,ROOT_PFTC7_SITE4_(nogp)_plot_w,DETECT,7.41,0.08,3.3,1697
14/12/2023,2600,4,west,ROOT_PFTC7_SITE4_(nogp)_plot_w,DETECT,7.51,0.06,3.5,1491
14/12/2023,2600,4,west,ROOT_PFTC7_SITE4_(nogp)_plot_w,DETECT,7.66,0.06,4.9,1373
14/12/2023,2600,4,west,ROOT_PFTC7_SITE4_(nogp)_plot_w,DETECT,7.9,0.05,8.5,774
14/12/2023,2600,4,west,ROOT_PFTC7_SITE4_(nogp)_plot_w,DETECT,8.01,0.04,4.5,1246
14/12/2023,2600,4,west,ROOT_PFTC7_SITE4_(nogp)_plot_w,DETECT,8.11,0.08,2.1,514
14/12/2023,2600,4,west,ROOT_PFTC7_SITE4_(nogp)_plot_w,DETECT,8.26,0.03,6.5,972
14/12/2023,2600,4,west,ROOT_PFTC7_SITE4_(nogp)_plot_w,DETECT,8.31,0.08,3.7,1326
14/12/2023,2600,4,west,ROOT_PFTC7_SITE4_(nogp)_plot_w,DETECT,8.48,0.03,2.7,150
14/12/2023,2600,4,west,ROOT_PFTC7_SITE4_(nogp)_plot_w,DETECT,8.71,0.06,3.5,515
14/12/2023,2600,4,west,ROOT_PFTC7_SITE4_(nogp)_plot_w,DETECT,9.01,0.07,1.4,243
14/12/2023,2600,4,west,ROOT_PFTC7_SITE4_(nogp)_plot_w,DETECT,9.1,0.04,5.6,745
14/12/2023,2600,4,west,ROOT_PFTC7_SITE4_(nogp)_plot_w,DETECT,9.22,0.02,17.9,1038
14/12/2023,2600,4,west,ROOT_PFTC7_SITE4_(nogp)_plot_w,DETECT,9.47,0.05,11.6,4433
14/12/2023,2600,4,west,ROOT_PFTC7_SITE4_(nogp)_plot_w,DETECT,9.56,0.07,2.0,281
14/12/2023,2600,4,west,ROOT_PFTC7_SITE4_(nogp)_plot_w,DETECT,9.65,0.04,21.0,1932
14/12/2023,2600,4,west,ROOT_PFTC7_SITE4_(nogp)_plot_w,DETECT,9.73,0.05,3.9,517
14/12/2023,2600,4,west,ROOT_PFTC7_SITE4_(nogp)_plot_w,DETECT,9.81,0.08,2.9,606
14/12/2023,2600,4,west,ROOT_PFTC7_SITE4_(nogp)_plot_w,DETECT,10.17,0.11,2.3,1279
14/12/2023,2600,4,west,ROOT_PFTC7_SITE4_(nogp)_plot_w,DETECT,10.43,0.08,5.0,1176
14/12/2023,2600,4,west,ROOT_PFTC7_SITE4_(nogp)_plot_w,DETECT,10.55,0.09,5.2,3184
14/12/2023,2600,4,west,ROOT_PFTC7_SITE4_(nogp)_plot_w,DETECT,10.81,0.04,4.2,783
14/12/2023,2600,4,west,ROOT_PFTC7_SITE4_(nogp)_plot_w,DETECT,10.96,0.05,3.1,279
14/12/2023,2600,4,west,ROOT_PFTC7_SITE4_(nogp)_plot_w,DETECT,11.05,0.08,2.3,724
14/12/2023,2600,4,west,ROOT_PFTC7_SITE4_(nogp)_plot_w,DETECT,11.24,0.07,3.5,273
14/12/2023,2600,4,west,ROOT_PFTC7_SITE4_(nogp)_plot_w,DETECT,11.3,0.09,1.3,415
14/12/2023,2600,4,west,ROOT_PFTC7_SITE4_(nogp)_plot_w,DETECT,11.56,0.07,7.9,2345
14/12/2023,2600,4,west,ROOT_PFTC7_SITE4_(nogp)_plot_w,DETECT,11.71,0.09,1.5,421
14/12/2023,2600,4,west,ROOT_PFTC7_SITE4_(nogp)_plot_w,DETECT,11.89,0.08,2.2,442
14/12/2023,2600,4,west,ROOT_PFTC7_SITE4_(nogp)_plot_w,DETECT,12.28,0.09,2.8,800
14/12/2023,2600,4,west,ROOT_PFTC7_SITE4_(nogp)_plot_w,DETECT,12.38,0.07,3.1,611
14/12/2023,2600,4,west,ROOT_PFTC7_SITE4_(nogp)_plot_w,DETECT,12.43,0.06,1.7,233
14/12/2023,2600,4,west,ROOT_PFTC7_SITE4_(nogp)_plot_w,DETECT,12.51,0.04,12.6,1300
14/12/2023,2600,4,west,ROOT_PFTC7_SITE4_(nogp)_plot_w,DETECT,12.57,0.07,2.2,436
14/12/2023,2600,4,west,ROOT_PFTC7_SITE4_(nogp)_plot_w,DETECT,12.64,0.10,1.3,336
14/12/2023,2600,4,west,ROOT_PFTC7_SITE4_(nogp)_plot_w,DETECT,12.76,0.06,3.7,679
14/12/2023,2600,4,west,ROOT_PFTC7_SITE4_(nogp)_plot_w,DETECT,13.07,0.06,3.8,1201
14/12/2023,2600,4,west,ROOT_PFTC7_SITE4_(nogp)_plot_w,DETECT,13.26,0.09,3.7,1852
14/12/2023,2600,4,west,ROOT_PFTC7_SITE4_(nogp)_plot_w,DETECT,13.44,0.07,1.9,281
14/12/2023,2600,4,west,ROOT_PFTC7_SITE4_(nogp)_plot_w,DETECT,13.56,0.08,1.7,660
14/12/2023,2600,4,west,ROOT_PFTC7_SITE4_(nogp)_plot_w,DETECT,13.73,0.08,1.2,147
14/12/2023,2600,4,west,ROOT_PFTC7_SITE4_(nogp)_plot_w,DETECT,13.8,0.10,1.5,458
14/12/2023,2600,4,west,ROOT_PFTC7_SITE4_(nogp)_plot_w,DETECT,13.97,0.09,0.9,95
14/12/2023,2600,4,west,ROOT_PFTC7_SITE4_(nogp)_plot_w,DETECT,14.41,0.05,3.4,749
14/12/2023,2600,4,west,ROOT_PFTC7_SITE4_(nogp)_plot_w,DETECT,14.48,0.02,25.7,2531
14/12/2023,2600,4,west,ROOT_PFTC7_SITE4_(nogp)_plot_w,DETECT,14.58,0.06,2.1,871
14/12/2023,2600,4,west,ROOT_PFTC7_SITE4_(nogp)_plot_w,DETECT,14.65,0.10,1.4,290
14/12/2023,2600,4,west,ROOT_PFTC7_SITE4_(nogp)_plot_w,DETECT,14.67,0.04,2.9,359
14/12/2023,2600,4,west,ROOT_PFTC7_SITE4_(nogp)_plot_w,DETECT,14.7,0.14,1.5,693
14/12/2023,2600,4,west,ROOT_PFTC7_SITE4_(nogp)_plot_w,DETECT,14.73,0.06,2.4,618
14/12/2023,2600,4,west,ROOT_PFTC7_SITE4_(nogp)_plot_w,DETECT,14.85,0.06,1.4,215
14/12/2023,2600,4,west,ROOT_PFTC7_SITE4_(nogp)_plot_w,DETECT,14.91,0.10,3.0,2159
14/12/2023,2600,4,west,ROOT_PFTC7_SITE4_(nogp)_plot_w,DETECT,15.02,0.05,1.9,195
14/12/2023,2600,4,west,ROOT_PFTC7_SITE4_(nogp)_plot_w,DETECT,15.19,0.09,6.4,1625
14/12/2023,2600,4,west,ROOT_PFTC7_SITE4_(nogp)_plot_w,DETECT,15.51,0.09,3.1,777
14/12/2023,2600,4,west,ROOT_PFTC7_SITE4_(nogp)_plot_w,DETECT,15.79,0.11,5.5,2678
14/12/2023,2600,4,west,ROOT_PFTC7_SITE4_(nogp)_plot_w,DETECT,16.35,0.02,15.1,5241
14/12/2023,2600,4,west,ROOT_PFTC7_SITE4_(nogp)_plot_w,MARKER,0,NA,NA,NA
14/12/2023,2600,4,west,ROOT_PFTC7_SITE4_(nogp)_plot_w,MARKER,1.3,NA,NA,NA
14/12/2023,2600,4,west,ROOT_PFTC7_SITE4_(nogp)_plot_w,MARKER,3.9,NA,NA,NA
14/12/2023,2600,4,west,ROOT_PFTC7_SITE4_(nogp)_plot_w,MARKER,5.09,NA,NA,NA
14/12/2023,2600,4,west,ROOT_PFTC7_SITE4_(nogp)_plot_w,MARKER,7.53,NA,NA,NA
14/12/2023,2600,4,west,ROOT_PFTC7_SITE4_(nogp)_plot_w,MARKER,8.75,NA,NA,NA
14/12/2023,2600,4,west,ROOT_PFTC7_SITE4_(nogp)_plot_w,MARKER,11.32,NA,NA,NA
14/12/2023,2600,4,west,ROOT_PFTC7_SITE4_(nogp)_plot_w,MARKER,11.5,NA,NA,NA
14/12/2023,2600,4,west,ROOT_PFTC7_SITE4_(nogp)_plot_w,MARKER,12.53,NA,NA,NA
14/12/2023,2600,4,west,ROOT_PFTC7_SITE4_(nogp)_plot_w,MARKER,15.22,NA,NA,NA
