SCAN FILE,SITE,SLOPE, TYPE, POSITION (m), DEPTH (m), AMPLITUDE, PIXEL COUNT
ROOT_PFTC7_SITE1_(nogp)_0003,1,west, DETECT,0.03,0.11,1.1,245
ROOT_PFTC7_SITE1_(nogp)_0003,1,west, DETECT,0.24,0.16,1.8,460
ROOT_PFTC7_SITE1_(nogp)_0003,1,west, DETECT,0.3,0.05,8.7,2570
ROOT_PFTC7_SITE1_(nogp)_0003,1,west, DETECT,0.46,0.11,2.5,844
ROOT_PFTC7_SITE1_(nogp)_0003,1,west, DETECT,0.61,0.09,1.5,215
ROOT_PFTC7_SITE1_(nogp)_0003,1,west, DETECT,0.69,0.11,1.5,616
ROOT_PFTC7_SITE1_(nogp)_0003,1,west, DETECT,0.74,0.07,1.3,271
ROOT_PFTC7_SITE1_(nogp)_0003,1,west, DETECT,0.87,0.06,1.4,265
ROOT_PFTC7_SITE1_(nogp)_0003,1,west, DETECT,1.25,0.15,1.5,415
ROOT_PFTC7_SITE1_(nogp)_0003,1,west, DETECT,1.46,0.13,1.5,710
ROOT_PFTC7_SITE1_(nogp)_0003,1,west, DETECT,1.49,0.04,3.7,299
ROOT_PFTC7_SITE1_(nogp)_0003,1,west, DETECT,1.51,0.21,1.1,220
ROOT_PFTC7_SITE1_(nogp)_0003,1,west, DETECT,1.86,0.1,2.4,362
ROOT_PFTC7_SITE1_(nogp)_0003,1,west, DETECT,1.97,0.1,2.1,602
ROOT_PFTC7_SITE1_(nogp)_0003,1,west, DETECT,2.29,0.06,5.9,1351
ROOT_PFTC7_SITE1_(nogp)_0003,1,west, DETECT,2.4,0.1,2,998
ROOT_PFTC7_SITE1_(nogp)_0003,1,west, DETECT,2.68,0.08,2.7,756
ROOT_PFTC7_SITE1_(nogp)_0003,1,west, DETECT,2.95,0.13,2.1,558
ROOT_PFTC7_SITE1_(nogp)_0003,1,west, DETECT,3.09,0.12,1.3,174
ROOT_PFTC7_SITE1_(nogp)_0003,1,west, DETECT,3.23,0.07,1.9,216
ROOT_PFTC7_SITE1_(nogp)_0003,1,west, DETECT,3.28,0.03,10.7,651
ROOT_PFTC7_SITE1_(nogp)_0003,1,west, DETECT,3.46,0.05,2.4,484
ROOT_PFTC7_SITE1_(nogp)_0003,1,west, DETECT,3.55,0.1,1.3,221
ROOT_PFTC7_SITE1_(nogp)_0003,1,west, DETECT,3.73,0.1,1.1,230
ROOT_PFTC7_SITE1_(nogp)_0003,1,west, DETECT,3.81,0.02,46.8,3050
ROOT_PFTC7_SITE1_(nogp)_0003,1,west, DETECT,3.89,0.1,1.3,432
ROOT_PFTC7_SITE1_(nogp)_0003,1,west, DETECT,4.17,0.07,2.1,871
ROOT_PFTC7_SITE1_(nogp)_0003,1,west, DETECT,4.84,0.07,1.4,239
ROOT_PFTC7_SITE1_(nogp)_0003,1,west, DETECT,4.93,0.07,3,457
ROOT_PFTC7_SITE1_(nogp)_0003,1,west, DETECT,5.18,0.06,8.1,1796
ROOT_PFTC7_SITE1_(nogp)_0003,1,west, DETECT,5.38,0.06,2.5,378
ROOT_PFTC7_SITE1_(nogp)_0003,1,west, DETECT,5.53,0.05,5,1303
ROOT_PFTC7_SITE1_(nogp)_0003,1,west, DETECT,5.7,0.14,1.3,345
ROOT_PFTC7_SITE1_(nogp)_0003,1,west, DETECT,5.79,0.06,2,517
ROOT_PFTC7_SITE1_(nogp)_0003,1,west, DETECT,5.89,0.13,1.3,626
ROOT_PFTC7_SITE1_(nogp)_0003,1,west, DETECT,6.06,0.11,1.1,280
ROOT_PFTC7_SITE1_(nogp)_0003,1,west, DETECT,6.1,0.06,2.4,765
ROOT_PFTC7_SITE1_(nogp)_0003,1,west, DETECT,6.3,0.06,3.7,1718
ROOT_PFTC7_SITE1_(nogp)_0003,1,west, DETECT,6.54,0.12,1,159
ROOT_PFTC7_SITE1_(nogp)_0003,1,west, DETECT,7.02,0.12,0.9,100
ROOT_PFTC7_SITE1_(nogp)_0003,1,west, DETECT,7.1,0.02,18.3,1397
ROOT_PFTC7_SITE1_(nogp)_0003,1,west, DETECT,7.19,0.06,2.1,610
ROOT_PFTC7_SITE1_(nogp)_0003,1,west, DETECT,7.59,0.06,2.7,484
ROOT_PFTC7_SITE1_(nogp)_0003,1,west, DETECT,7.76,0.05,12.6,1167
ROOT_PFTC7_SITE1_(nogp)_0003,1,west, DETECT,7.76,0.15,1.2,248
ROOT_PFTC7_SITE1_(nogp)_0003,1,west, DETECT,7.97,0.03,3,154
ROOT_PFTC7_SITE1_(nogp)_0003,1,west, DETECT,8.1,0.14,0.8,116
ROOT_PFTC7_SITE1_(nogp)_0003,1,west, DETECT,8.44,0.14,1,174
ROOT_PFTC7_SITE1_(nogp)_0003,1,west, DETECT,8.6,0.05,3.9,1022
ROOT_PFTC7_SITE1_(nogp)_0003,1,west, DETECT,8.96,0.07,1.4,317
ROOT_PFTC7_SITE1_(nogp)_0003,1,west, DETECT,9.08,0.03,9.5,2195
ROOT_PFTC7_SITE1_(nogp)_0003,1,west, DETECT,9.15,0.01,17.3,1415
ROOT_PFTC7_SITE1_(nogp)_0003,1,west, DETECT,9.46,0.04,3.4,829
ROOT_PFTC7_SITE1_(nogp)_0003,1,west, DETECT,9.64,0.08,1.5,308
ROOT_PFTC7_SITE1_(nogp)_0003,1,west, DETECT,9.73,0.09,2.3,722
ROOT_PFTC7_SITE1_(nogp)_0003,1,west, DETECT,9.83,0.05,3.4,832
ROOT_PFTC7_SITE1_(nogp)_0003,1,west, DETECT,9.92,0.03,3,189
ROOT_PFTC7_SITE1_(nogp)_0003,1,west, DETECT,10.09,0.04,14,1467
ROOT_PFTC7_SITE1_(nogp)_0003,1,west, DETECT,10.09,0.12,1,204
ROOT_PFTC7_SITE1_(nogp)_0003,1,west, DETECT,10.2,0.08,2.3,362
ROOT_PFTC7_SITE1_(nogp)_0003,1,west, DETECT,10.78,0.07,2.4,499
ROOT_PFTC7_SITE1_(nogp)_0003,1,west, DETECT,10.92,0.05,2.2,385
ROOT_PFTC7_SITE1_(nogp)_0003,1,west, DETECT,10.95,0.05,4.9,1480
ROOT_PFTC7_SITE1_(nogp)_0003,1,west, DETECT,11.16,0.02,17.1,2322
ROOT_PFTC7_SITE1_(nogp)_0003,1,west, DETECT,11.53,0.11,0.9,132
ROOT_PFTC7_SITE1_(nogp)_0003,1,west, DETECT,11.73,0.07,2.1,266
ROOT_PFTC7_SITE1_(nogp)_0003,1,west, DETECT,11.86,0.08,2.2,396
ROOT_PFTC7_SITE1_(nogp)_0003,1,west, DETECT,12.04,0.08,1.8,439
ROOT_PFTC7_SITE1_(nogp)_0003,1,west, DETECT,12.17,0.07,3.6,1368
ROOT_PFTC7_SITE1_(nogp)_0003,1,west, DETECT,12.44,0.16,1.1,216
ROOT_PFTC7_SITE1_(nogp)_0003,1,west, DETECT,12.57,0.08,2.3,367
ROOT_PFTC7_SITE1_(nogp)_0003,1,west, DETECT,12.74,0.09,2.4,1036
ROOT_PFTC7_SITE1_(nogp)_0003,1,west, DETECT,13.07,0.09,2.2,513
ROOT_PFTC7_SITE1_(nogp)_0003,1,west, DETECT,13.18,0.04,2.8,422
ROOT_PFTC7_SITE1_(nogp)_0003,1,west, DETECT,13.28,0.07,2.3,1079
ROOT_PFTC7_SITE1_(nogp)_0003,1,west, DETECT,13.53,0.12,1.3,123
ROOT_PFTC7_SITE1_(nogp)_0003,1,west, DETECT,14.05,0.06,2.9,772
ROOT_PFTC7_SITE1_(nogp)_0003,1,west, DETECT,14.06,0.12,0.9,156
ROOT_PFTC7_SITE1_(nogp)_0003,1,west, DETECT,14.55,0.06,2.7,425
ROOT_PFTC7_SITE1_(nogp)_0003,1,west, DETECT,14.68,0.06,1.7,144
ROOT_PFTC7_SITE1_(nogp)_0003,1,west, DETECT,14.83,0.01,23.7,2667
ROOT_PFTC7_SITE1_(nogp)_0003,1,west, MARKER,0, -, -, -
ROOT_PFTC7_SITE1_(nogp)_0003,1,west, MARKER,1.23, -, -, -
ROOT_PFTC7_SITE1_(nogp)_0003,1,west, MARKER,3.52, -, -, -
ROOT_PFTC7_SITE1_(nogp)_0003,1,west, MARKER,4.66, -, -, -
ROOT_PFTC7_SITE1_(nogp)_0003,1,west, MARKER,6.95, -, -, -
ROOT_PFTC7_SITE1_(nogp)_0003,1,west, MARKER,8.18, -, -, -
ROOT_PFTC7_SITE1_(nogp)_0003,1,west, MARKER,10.44, -, -, -
ROOT_PFTC7_SITE1_(nogp)_0003,1,west, MARKER,11.62, -, -, -
ROOT_PFTC7_SITE1_(nogp)_0003,1,west, MARKER,13.88, -, -, -
ROOT_PFTC7_SITE1_(nogp)_0003,1,west, MARKER,15.08, -, -, -
ROOT_PFTC7_SITE1_(nogp)_0004,1,east, DETECT,0.01,0.02,21.3,186
ROOT_PFTC7_SITE1_(nogp)_0004,1,east, DETECT,0.07,0.08,1.8,318
ROOT_PFTC7_SITE1_(nogp)_0004,1,east, DETECT,0.13,0.11,1.3,273
ROOT_PFTC7_SITE1_(nogp)_0004,1,east, DETECT,0.16,0.05,2.6,572
ROOT_PFTC7_SITE1_(nogp)_0004,1,east, DETECT,0.37,0.05,2.3,506
ROOT_PFTC7_SITE1_(nogp)_0004,1,east, DETECT,0.5,0.04,17.9,2257
ROOT_PFTC7_SITE1_(nogp)_0004,1,east, DETECT,0.59,0.11,1.6,653
ROOT_PFTC7_SITE1_(nogp)_0004,1,east, DETECT,0.68,0.05,2.2,348
ROOT_PFTC7_SITE1_(nogp)_0004,1,east, DETECT,0.77,0.09,1.8,427
ROOT_PFTC7_SITE1_(nogp)_0004,1,east, DETECT,0.79,0.03,1.7,157
ROOT_PFTC7_SITE1_(nogp)_0004,1,east, DETECT,0.91,0.06,3,1321
ROOT_PFTC7_SITE1_(nogp)_0004,1,east, DETECT,1.44,0.11,2.4,1172
ROOT_PFTC7_SITE1_(nogp)_0004,1,east, DETECT,1.61,0.13,1.1,220
ROOT_PFTC7_SITE1_(nogp)_0004,1,east, DETECT,1.86,0.07,4.7,1744
ROOT_PFTC7_SITE1_(nogp)_0004,1,east, DETECT,2.12,0.05,5.4,1065
ROOT_PFTC7_SITE1_(nogp)_0004,1,east, DETECT,2.35,0.07,4.4,733
ROOT_PFTC7_SITE1_(nogp)_0004,1,east, DETECT,2.51,0.11,1.3,184
ROOT_PFTC7_SITE1_(nogp)_0004,1,east, DETECT,2.7,0.03,10.4,1662
ROOT_PFTC7_SITE1_(nogp)_0004,1,east, DETECT,2.88,0.06,5.1,1639
ROOT_PFTC7_SITE1_(nogp)_0004,1,east, DETECT,3.21,0.07,2.7,1106
ROOT_PFTC7_SITE1_(nogp)_0004,1,east, DETECT,3.38,0.08,1.8,589
ROOT_PFTC7_SITE1_(nogp)_0004,1,east, DETECT,3.61,0.08,6.3,1268
ROOT_PFTC7_SITE1_(nogp)_0004,1,east, DETECT,4.12,0.08,1.7,900
ROOT_PFTC7_SITE1_(nogp)_0004,1,east, DETECT,4.88,0.06,2.6,661
ROOT_PFTC7_SITE1_(nogp)_0004,1,east, DETECT,5.15,0.12,1,187
ROOT_PFTC7_SITE1_(nogp)_0004,1,east, DETECT,5.19,0.07,1.3,170
ROOT_PFTC7_SITE1_(nogp)_0004,1,east, DETECT,5.36,0.1,0.9,129
ROOT_PFTC7_SITE1_(nogp)_0004,1,east, DETECT,5.53,0.02,12,1366
ROOT_PFTC7_SITE1_(nogp)_0004,1,east, DETECT,5.64,0.07,2.3,716
ROOT_PFTC7_SITE1_(nogp)_0004,1,east, DETECT,5.76,0.06,4,1096
ROOT_PFTC7_SITE1_(nogp)_0004,1,east, DETECT,5.99,0.08,2.5,652
ROOT_PFTC7_SITE1_(nogp)_0004,1,east, DETECT,6.21,0.04,5.2,842
ROOT_PFTC7_SITE1_(nogp)_0004,1,east, DETECT,6.39,0.07,2.8,566
ROOT_PFTC7_SITE1_(nogp)_0004,1,east, DETECT,6.56,0.05,22.3,4566
ROOT_PFTC7_SITE1_(nogp)_0004,1,east, DETECT,7.32,0.12,1.1,327
ROOT_PFTC7_SITE1_(nogp)_0004,1,east, DETECT,7.43,0.04,8,2800
ROOT_PFTC7_SITE1_(nogp)_0004,1,east, DETECT,7.45,0.1,1.6,324
ROOT_PFTC7_SITE1_(nogp)_0004,1,east, DETECT,7.53,0.13,3.3,1399
ROOT_PFTC7_SITE1_(nogp)_0004,1,east, DETECT,7.66,0.06,15.2,1552
ROOT_PFTC7_SITE1_(nogp)_0004,1,east, DETECT,7.77,0.15,1.6,549
ROOT_PFTC7_SITE1_(nogp)_0004,1,east, DETECT,7.86,0.05,18,1898
ROOT_PFTC7_SITE1_(nogp)_0004,1,east, DETECT,8.18,0.07,1.7,452
ROOT_PFTC7_SITE1_(nogp)_0004,1,east, DETECT,8.37,0.17,0.9,197
ROOT_PFTC7_SITE1_(nogp)_0004,1,east, DETECT,8.6,0.07,1.2,274
ROOT_PFTC7_SITE1_(nogp)_0004,1,east, DETECT,8.84,0.05,5.3,280
ROOT_PFTC7_SITE1_(nogp)_0004,1,east, DETECT,8.89,0.13,1.1,168
ROOT_PFTC7_SITE1_(nogp)_0004,1,east, DETECT,9.01,0.08,2.5,944
ROOT_PFTC7_SITE1_(nogp)_0004,1,east, DETECT,9.32,0.11,1.1,339
ROOT_PFTC7_SITE1_(nogp)_0004,1,east, DETECT,9.39,0.06,2.4,1066
ROOT_PFTC7_SITE1_(nogp)_0004,1,east, DETECT,9.54,0.16,1,197
ROOT_PFTC7_SITE1_(nogp)_0004,1,east, DETECT,9.61,0.08,2.8,880
ROOT_PFTC7_SITE1_(nogp)_0004,1,east, DETECT,9.81,0.09,1.1,318
ROOT_PFTC7_SITE1_(nogp)_0004,1,east, DETECT,9.9,0.13,0.8,150
ROOT_PFTC7_SITE1_(nogp)_0004,1,east, DETECT,9.96,0.15,0.8,184
ROOT_PFTC7_SITE1_(nogp)_0004,1,east, DETECT,10.09,0.1,2.9,622
ROOT_PFTC7_SITE1_(nogp)_0004,1,east, DETECT,10.3,0.1,0.9,196
ROOT_PFTC7_SITE1_(nogp)_0004,1,east, DETECT,10.39,0.05,4.9,1050
ROOT_PFTC7_SITE1_(nogp)_0004,1,east, DETECT,10.62,0.04,4.2,489
ROOT_PFTC7_SITE1_(nogp)_0004,1,east, DETECT,10.81,0.07,2.2,466
ROOT_PFTC7_SITE1_(nogp)_0004,1,east, DETECT,11.1,0.06,1.2,229
ROOT_PFTC7_SITE1_(nogp)_0004,1,east, DETECT,11.4,0.03,17.5,2837
ROOT_PFTC7_SITE1_(nogp)_0004,1,east, DETECT,11.45,0.17,0.9,231
ROOT_PFTC7_SITE1_(nogp)_0004,1,east, DETECT,11.48,0.07,1.4,198
ROOT_PFTC7_SITE1_(nogp)_0004,1,east, DETECT,11.49,0.04,5.1,385
ROOT_PFTC7_SITE1_(nogp)_0004,1,east, DETECT,11.65,0.16,0.7,185
ROOT_PFTC7_SITE1_(nogp)_0004,1,east, DETECT,11.75,0.07,3.5,1149
ROOT_PFTC7_SITE1_(nogp)_0004,1,east, DETECT,12.01,0.04,14.9,881
ROOT_PFTC7_SITE1_(nogp)_0004,1,east, DETECT,12.24,0.06,4,642
ROOT_PFTC7_SITE1_(nogp)_0004,1,east, DETECT,12.27,0.16,1,239
ROOT_PFTC7_SITE1_(nogp)_0004,1,east, DETECT,12.51,0.07,2.4,1113
ROOT_PFTC7_SITE1_(nogp)_0004,1,east, DETECT,12.83,0.06,2.2,339
ROOT_PFTC7_SITE1_(nogp)_0004,1,east, DETECT,13.01,0.06,1.5,317
ROOT_PFTC7_SITE1_(nogp)_0004,1,east, DETECT,13.53,0.06,2.4,668
ROOT_PFTC7_SITE1_(nogp)_0004,1,east, DETECT,13.76,0.05,3.5,612
ROOT_PFTC7_SITE1_(nogp)_0004,1,east, DETECT,13.88,0.06,2.2,402
ROOT_PFTC7_SITE1_(nogp)_0004,1,east, DETECT,14.15,0.07,1.8,377
ROOT_PFTC7_SITE1_(nogp)_0004,1,east, DETECT,14.19,0.14,0.9,206
ROOT_PFTC7_SITE1_(nogp)_0004,1,east, DETECT,14.21,0.04,16.7,2389
ROOT_PFTC7_SITE1_(nogp)_0004,1,east, DETECT,14.57,0.04,1.8,159
ROOT_PFTC7_SITE1_(nogp)_0004,1,east, DETECT,14.7,0.17,0.8,193
ROOT_PFTC7_SITE1_(nogp)_0004,1,east, DETECT,14.87,0.04,2.6,828
ROOT_PFTC7_SITE1_(nogp)_0004,1,east, DETECT,14.94,0.04,12.4,1806
ROOT_PFTC7_SITE1_(nogp)_0004,1,east, DETECT,15.01,0.09,1.1,214
ROOT_PFTC7_SITE1_(nogp)_0004,1,east, DETECT,15.17,0.03,14,720
ROOT_PFTC7_SITE1_(nogp)_0004,1,east, MARKER,0, -, -, -
ROOT_PFTC7_SITE1_(nogp)_0004,1,east, MARKER,1.17, -, -, -
ROOT_PFTC7_SITE1_(nogp)_0004,1,east, MARKER,3.51, -, -, -
ROOT_PFTC7_SITE1_(nogp)_0004,1,east, MARKER,4.66, -, -, -
ROOT_PFTC7_SITE1_(nogp)_0004,1,east, MARKER,7, -, -, -
ROOT_PFTC7_SITE1_(nogp)_0004,1,east, MARKER,8.24, -, -, -
ROOT_PFTC7_SITE1_(nogp)_0004,1,east, MARKER,10.61, -, -, -
ROOT_PFTC7_SITE1_(nogp)_0004,1,east, MARKER,11.76, -, -, -
ROOT_PFTC7_SITE1_(nogp)_0004,1,east, MARKER,14.31, -, -, -
ROOT_PFTC7_SITE2_(nogp)_0001,2,west, DETECT,0.09,0.03,24.2,905
ROOT_PFTC7_SITE2_(nogp)_0001,2,west, DETECT,0.14,0.12,1.7,438
ROOT_PFTC7_SITE2_(nogp)_0001,2,west, DETECT,0.55,0.09,1.3,212
ROOT_PFTC7_SITE2_(nogp)_0001,2,west, DETECT,0.79,0.11,2.2,345
ROOT_PFTC7_SITE2_(nogp)_0001,2,west, DETECT,1.1,0.12,2.6,1173
ROOT_PFTC7_SITE2_(nogp)_0001,2,west, DETECT,1.18,0.06,12.6,2879
ROOT_PFTC7_SITE2_(nogp)_0001,2,west, DETECT,1.4,0.04,43.9,5354
ROOT_PFTC7_SITE2_(nogp)_0001,2,west, DETECT,1.97,0.09,1.6,221
ROOT_PFTC7_SITE2_(nogp)_0001,2,west, DETECT,2.28,0.1,1.5,148
ROOT_PFTC7_SITE2_(nogp)_0001,2,west, DETECT,2.66,0.11,1.2,138
ROOT_PFTC7_SITE2_(nogp)_0001,2,west, DETECT,2.69,0.06,4.2,1855
ROOT_PFTC7_SITE2_(nogp)_0001,2,west, DETECT,2.81,0.04,3.6,557
ROOT_PFTC7_SITE2_(nogp)_0001,2,west, DETECT,3.02,0.1,1.3,101
ROOT_PFTC7_SITE2_(nogp)_0001,2,west, DETECT,3.05,0.02,22.7,1403
ROOT_PFTC7_SITE2_(nogp)_0001,2,west, DETECT,3.13,0.07,2.1,580
ROOT_PFTC7_SITE2_(nogp)_0001,2,west, DETECT,3.28,0.04,9.5,526
ROOT_PFTC7_SITE2_(nogp)_0001,2,west, DETECT,3.89,0.06,9.4,1294
ROOT_PFTC7_SITE2_(nogp)_0001,2,west, DETECT,4.04,0.06,3,445
ROOT_PFTC7_SITE2_(nogp)_0001,2,west, DETECT,4.17,0.1,1.7,190
ROOT_PFTC7_SITE2_(nogp)_0001,2,west, DETECT,4.29,0.08,5.5,1113
ROOT_PFTC7_SITE2_(nogp)_0001,2,west, DETECT,4.53,0.14,1.6,182
ROOT_PFTC7_SITE2_(nogp)_0001,2,west, DETECT,4.68,0.09,4.1,1023
ROOT_PFTC7_SITE2_(nogp)_0001,2,west, DETECT,5.01,0.15,2.2,413
ROOT_PFTC7_SITE2_(nogp)_0001,2,west, DETECT,5.04,0.07,2.7,311
ROOT_PFTC7_SITE2_(nogp)_0001,2,west, DETECT,5.15,0.11,1.9,468
ROOT_PFTC7_SITE2_(nogp)_0001,2,west, DETECT,5.28,0.12,1.1,69
ROOT_PFTC7_SITE2_(nogp)_0001,2,west, DETECT,5.33,0.05,8.1,660
ROOT_PFTC7_SITE2_(nogp)_0001,2,west, DETECT,5.46,0.09,1.7,151
ROOT_PFTC7_SITE2_(nogp)_0001,2,west, DETECT,5.58,0.03,22.9,2656
ROOT_PFTC7_SITE2_(nogp)_0001,2,west, DETECT,5.66,0.1,1.3,92
ROOT_PFTC7_SITE2_(nogp)_0001,2,west, DETECT,5.77,0.07,5.1,1332
ROOT_PFTC7_SITE2_(nogp)_0001,2,west, DETECT,5.89,0.06,3.5,593
ROOT_PFTC7_SITE2_(nogp)_0001,2,west, DETECT,6.28,0.05,3,375
ROOT_PFTC7_SITE2_(nogp)_0001,2,west, DETECT,6.58,0.05,8.1,253
ROOT_PFTC7_SITE2_(nogp)_0001,2,west, DETECT,6.65,0.06,2.3,572
ROOT_PFTC7_SITE2_(nogp)_0001,2,west, DETECT,6.92,0.06,2.6,907
ROOT_PFTC7_SITE2_(nogp)_0001,2,west, DETECT,7.22,0.02,53,3859
ROOT_PFTC7_SITE2_(nogp)_0001,2,west, DETECT,7.5,0.06,3.7,625
ROOT_PFTC7_SITE2_(nogp)_0001,2,west, DETECT,7.63,0.04,7.6,629
ROOT_PFTC7_SITE2_(nogp)_0001,2,west, DETECT,7.8,0.07,2.2,314
ROOT_PFTC7_SITE2_(nogp)_0001,2,west, DETECT,8.22,0.02,3.9,300
ROOT_PFTC7_SITE2_(nogp)_0001,2,west, DETECT,8.26,0.08,1.1,114
ROOT_PFTC7_SITE2_(nogp)_0001,2,west, DETECT,8.51,0.07,1.8,231
ROOT_PFTC7_SITE2_(nogp)_0001,2,west, DETECT,8.69,0.06,4.4,452
ROOT_PFTC7_SITE2_(nogp)_0001,2,west, DETECT,8.95,0.06,4.4,1163
ROOT_PFTC7_SITE2_(nogp)_0001,2,west, DETECT,9.31,0.06,3.1,450
ROOT_PFTC7_SITE2_(nogp)_0001,2,west, DETECT,9.49,0.05,7.8,404
ROOT_PFTC7_SITE2_(nogp)_0001,2,west, DETECT,9.53,0.03,37.5,1297
ROOT_PFTC7_SITE2_(nogp)_0001,2,west, DETECT,9.69,0.06,37.6,2047
ROOT_PFTC7_SITE2_(nogp)_0001,2,west, DETECT,9.83,0.1,1.5,117
ROOT_PFTC7_SITE2_(nogp)_0001,2,west, DETECT,9.97,0.06,2.3,495
ROOT_PFTC7_SITE2_(nogp)_0001,2,west, DETECT,10.22,0.07,1.9,398
ROOT_PFTC7_SITE2_(nogp)_0001,2,west, DETECT,10.48,0.1,3.3,629
ROOT_PFTC7_SITE2_(nogp)_0001,2,west, DETECT,10.65,0.07,2.3,509
ROOT_PFTC7_SITE2_(nogp)_0001,2,west, DETECT,11.05,0.06,3.7,687
ROOT_PFTC7_SITE2_(nogp)_0001,2,west, DETECT,11.14,0.05,2.3,209
ROOT_PFTC7_SITE2_(nogp)_0001,2,west, DETECT,11.26,0.06,3.4,164
ROOT_PFTC7_SITE2_(nogp)_0001,2,west, DETECT,11.36,0.08,1.4,134
ROOT_PFTC7_SITE2_(nogp)_0001,2,west, DETECT,11.62,0.04,23.1,2024
ROOT_PFTC7_SITE2_(nogp)_0001,2,west, DETECT,12.46,0.11,1.8,314
ROOT_PFTC7_SITE2_(nogp)_0001,2,west, DETECT,12.48,0.01,43.4,4857
ROOT_PFTC7_SITE2_(nogp)_0001,2,west, DETECT,12.5,0.07,3.4,988
ROOT_PFTC7_SITE2_(nogp)_0001,2,west, DETECT,12.68,0.09,2.2,519
ROOT_PFTC7_SITE2_(nogp)_0001,2,west, DETECT,12.87,0.08,3.1,565
ROOT_PFTC7_SITE2_(nogp)_0001,2,west, DETECT,13.23,0.08,4.8,408
ROOT_PFTC7_SITE2_(nogp)_0001,2,west, DETECT,13.49,0.07,1.8,485
ROOT_PFTC7_SITE2_(nogp)_0001,2,west, DETECT,13.66,0.07,1.3,157
ROOT_PFTC7_SITE2_(nogp)_0001,2,west, DETECT,13.79,0.04,15.1,1511
ROOT_PFTC7_SITE2_(nogp)_0001,2,west, DETECT,13.91,0.07,3.1,501
ROOT_PFTC7_SITE2_(nogp)_0001,2,west, DETECT,14.05,0.08,3.1,1190
ROOT_PFTC7_SITE2_(nogp)_0001,2,west, DETECT,14.52,0.1,1.7,226
ROOT_PFTC7_SITE2_(nogp)_0001,2,west, DETECT,14.84,0.02,43.1,4088
ROOT_PFTC7_SITE2_(nogp)_0001,2,west, DETECT,14.93,0.07,3.1,778
ROOT_PFTC7_SITE2_(nogp)_0001,2,west, DETECT,15.12,0.07,1.6,259
ROOT_PFTC7_SITE2_(nogp)_0001,2,west, DETECT,15.24,0.06,5.9,678
ROOT_PFTC7_SITE2_(nogp)_0001,2,west, DETECT,15.34,0.05,2.5,172
ROOT_PFTC7_SITE2_(nogp)_0001,2,west, DETECT,15.41,0.04,5.2,245
ROOT_PFTC7_SITE2_(nogp)_0001,2,west, DETECT,15.52,0.06,2.8,429
ROOT_PFTC7_SITE2_(nogp)_0001,2,west, DETECT,15.62,0.07,4.1,636
ROOT_PFTC7_SITE2_(nogp)_0001,2,west, DETECT,15.98,0.08,2.9,741
ROOT_PFTC7_SITE2_(nogp)_0001,2,west, DETECT,16.07,0.13,1.2,146
ROOT_PFTC7_SITE2_(nogp)_0001,2,west, MARKER,0, -, -, -
ROOT_PFTC7_SITE2_(nogp)_0001,2,west, MARKER,1.18, -, -, -
ROOT_PFTC7_SITE2_(nogp)_0001,2,west, MARKER,3.72, -, -, -
ROOT_PFTC7_SITE2_(nogp)_0001,2,west, MARKER,4.89, -, -, -
ROOT_PFTC7_SITE2_(nogp)_0001,2,west, MARKER,7.26, -, -, -
ROOT_PFTC7_SITE2_(nogp)_0001,2,west, MARKER,8.65, -, -, -
ROOT_PFTC7_SITE2_(nogp)_0001,2,west, MARKER,11.15, -, -, -
ROOT_PFTC7_SITE2_(nogp)_0001,2,west, MARKER,12.33, -, -, -
ROOT_PFTC7_SITE2_(nogp)_0001,2,west, MARKER,15.08, -, -, -
ROOT_PFTC7_SITE2_(nogp)_0004,2,east, DETECT,0,0.02,15.8,179
ROOT_PFTC7_SITE2_(nogp)_0004,2,east, DETECT,0.01,0.12,3.3,543
ROOT_PFTC7_SITE2_(nogp)_0004,2,east, DETECT,0.18,0.1,1.7,173
ROOT_PFTC7_SITE2_(nogp)_0004,2,east, DETECT,0.29,0.08,2.5,221
ROOT_PFTC7_SITE2_(nogp)_0004,2,east, DETECT,0.4,0.04,12.2,851
ROOT_PFTC7_SITE2_(nogp)_0004,2,east, DETECT,0.48,0.08,2.9,1094
ROOT_PFTC7_SITE2_(nogp)_0004,2,east, DETECT,0.97,0.04,42,1573
ROOT_PFTC7_SITE2_(nogp)_0004,2,east, DETECT,1.09,0.06,16,1508
ROOT_PFTC7_SITE2_(nogp)_0004,2,east, DETECT,1.21,0.05,2.9,210
ROOT_PFTC7_SITE2_(nogp)_0004,2,east, DETECT,1.28,0.08,5.5,1142
ROOT_PFTC7_SITE2_(nogp)_0004,2,east, DETECT,1.36,0.05,2.9,547
ROOT_PFTC7_SITE2_(nogp)_0004,2,east, DETECT,1.43,0.1,2,486
ROOT_PFTC7_SITE2_(nogp)_0004,2,east, DETECT,1.62,0.09,2.4,583
ROOT_PFTC7_SITE2_(nogp)_0004,2,east, DETECT,1.71,0.13,1.4,311
ROOT_PFTC7_SITE2_(nogp)_0004,2,east, DETECT,1.95,0.07,3.7,1148
ROOT_PFTC7_SITE2_(nogp)_0004,2,east, DETECT,1.99,0.13,2.4,445
ROOT_PFTC7_SITE2_(nogp)_0004,2,east, DETECT,2.19,0.12,2.8,1472
ROOT_PFTC7_SITE2_(nogp)_0004,2,east, DETECT,2.29,0.13,4.5,585
ROOT_PFTC7_SITE2_(nogp)_0004,2,east, DETECT,2.67,0.07,6.1,1225
ROOT_PFTC7_SITE2_(nogp)_0004,2,east, DETECT,2.8,0.06,3,497
ROOT_PFTC7_SITE2_(nogp)_0004,2,east, DETECT,3,0.13,1.3,196
ROOT_PFTC7_SITE2_(nogp)_0004,2,east, DETECT,3.16,0.09,1.5,139
ROOT_PFTC7_SITE2_(nogp)_0004,2,east, DETECT,3.56,0.09,1.8,311
ROOT_PFTC7_SITE2_(nogp)_0004,2,east, DETECT,3.67,0.08,5.1,1042
ROOT_PFTC7_SITE2_(nogp)_0004,2,east, DETECT,3.95,0.06,6.1,1163
ROOT_PFTC7_SITE2_(nogp)_0004,2,east, DETECT,4.18,0.08,5.7,1872
ROOT_PFTC7_SITE2_(nogp)_0004,2,east, DETECT,4.26,0.09,1.7,378
ROOT_PFTC7_SITE2_(nogp)_0004,2,east, DETECT,4.55,0.08,2.5,1424
ROOT_PFTC7_SITE2_(nogp)_0004,2,east, DETECT,4.68,0.09,1.6,179
ROOT_PFTC7_SITE2_(nogp)_0004,2,east, DETECT,4.79,0.06,2,526
ROOT_PFTC7_SITE2_(nogp)_0004,2,east, DETECT,4.99,0.04,19.1,2140
ROOT_PFTC7_SITE2_(nogp)_0004,2,east, DETECT,5.36,0.08,1.7,424
ROOT_PFTC7_SITE2_(nogp)_0004,2,east, DETECT,5.39,0.03,35.6,1398
ROOT_PFTC7_SITE2_(nogp)_0004,2,east, DETECT,5.55,0.09,2.2,335
ROOT_PFTC7_SITE2_(nogp)_0004,2,east, DETECT,5.62,0.09,2.6,377
ROOT_PFTC7_SITE2_(nogp)_0004,2,east, DETECT,5.75,0.05,3.2,522
ROOT_PFTC7_SITE2_(nogp)_0004,2,east, DETECT,5.95,0.08,2.6,499
ROOT_PFTC7_SITE2_(nogp)_0004,2,east, DETECT,6.44,0.1,7.3,1335
ROOT_PFTC7_SITE2_(nogp)_0004,2,east, DETECT,6.55,0.04,40,3908
ROOT_PFTC7_SITE2_(nogp)_0004,2,east, DETECT,6.68,0.11,1.6,204
ROOT_PFTC7_SITE2_(nogp)_0004,2,east, DETECT,6.79,0.07,3.8,679
ROOT_PFTC7_SITE2_(nogp)_0004,2,east, DETECT,7.1,0.14,2.6,604
ROOT_PFTC7_SITE2_(nogp)_0004,2,east, DETECT,7.5,0.09,3.3,837
ROOT_PFTC7_SITE2_(nogp)_0004,2,east, DETECT,7.91,0.06,2.4,312
ROOT_PFTC7_SITE2_(nogp)_0004,2,east, DETECT,8.04,0.08,3.7,726
ROOT_PFTC7_SITE2_(nogp)_0004,2,east, DETECT,8.31,0.06,6.4,3249
ROOT_PFTC7_SITE2_(nogp)_0004,2,east, DETECT,8.48,0.1,3.9,499
ROOT_PFTC7_SITE2_(nogp)_0004,2,east, DETECT,8.55,0.11,3.4,476
ROOT_PFTC7_SITE2_(nogp)_0004,2,east, DETECT,8.7,0.12,1.6,260
ROOT_PFTC7_SITE2_(nogp)_0004,2,east, DETECT,9.21,0.11,3.9,1185
ROOT_PFTC7_SITE2_(nogp)_0004,2,east, DETECT,9.28,0.14,1.4,242
ROOT_PFTC7_SITE2_(nogp)_0004,2,east, DETECT,9.39,0.05,5.5,1811
ROOT_PFTC7_SITE2_(nogp)_0004,2,east, DETECT,9.6,0.06,8.4,1607
ROOT_PFTC7_SITE2_(nogp)_0004,2,east, DETECT,9.8,0.14,1.5,376
ROOT_PFTC7_SITE2_(nogp)_0004,2,east, DETECT,9.8,0.04,3.9,148
ROOT_PFTC7_SITE2_(nogp)_0004,2,east, DETECT,9.9,0.11,1.6,446
ROOT_PFTC7_SITE2_(nogp)_0004,2,east, DETECT,10.21,0.06,10.9,2435
ROOT_PFTC7_SITE2_(nogp)_0004,2,east, DETECT,10.38,0.1,1.5,443
ROOT_PFTC7_SITE2_(nogp)_0004,2,east, DETECT,10.49,0.06,11.6,2514
ROOT_PFTC7_SITE2_(nogp)_0004,2,east, DETECT,10.66,0.1,2.6,798
ROOT_PFTC7_SITE2_(nogp)_0004,2,east, DETECT,10.78,0.06,25.4,1452
ROOT_PFTC7_SITE2_(nogp)_0004,2,east, DETECT,11.08,0.05,8,2948
ROOT_PFTC7_SITE2_(nogp)_0004,2,east, DETECT,11.19,0.08,3.3,702
ROOT_PFTC7_SITE2_(nogp)_0004,2,east, DETECT,11.42,0.06,9.4,1441
ROOT_PFTC7_SITE2_(nogp)_0004,2,east, DETECT,11.56,0.11,1.3,164
ROOT_PFTC7_SITE2_(nogp)_0004,2,east, DETECT,11.57,0.06,2.5,423
ROOT_PFTC7_SITE2_(nogp)_0004,2,east, DETECT,11.69,0.06,5.6,667
ROOT_PFTC7_SITE2_(nogp)_0004,2,east, DETECT,12.14,0.05,65,5010
ROOT_PFTC7_SITE2_(nogp)_0004,2,east, DETECT,12.46,0.09,6.6,1389
ROOT_PFTC7_SITE2_(nogp)_0004,2,east, DETECT,12.7,0.07,4.8,1278
ROOT_PFTC7_SITE2_(nogp)_0004,2,east, DETECT,12.8,0.04,10.8,474
ROOT_PFTC7_SITE2_(nogp)_0004,2,east, DETECT,12.82,0.08,2,247
ROOT_PFTC7_SITE2_(nogp)_0004,2,east, DETECT,13.04,0.09,2,732
ROOT_PFTC7_SITE2_(nogp)_0004,2,east, DETECT,13.17,0.06,13.1,1400
ROOT_PFTC7_SITE2_(nogp)_0004,2,east, DETECT,13.21,0.12,2.6,768
ROOT_PFTC7_SITE2_(nogp)_0004,2,east, DETECT,13.33,0.09,2.8,707
ROOT_PFTC7_SITE2_(nogp)_0004,2,east, DETECT,13.49,0.03,8.5,1251
ROOT_PFTC7_SITE2_(nogp)_0004,2,east, DETECT,13.8,0.08,1.7,153
ROOT_PFTC7_SITE2_(nogp)_0004,2,east, DETECT,13.95,0.06,1.6,180
ROOT_PFTC7_SITE2_(nogp)_0004,2,east, DETECT,14.08,0.08,4.3,837
ROOT_PFTC7_SITE2_(nogp)_0004,2,east, DETECT,14.26,0.06,2.4,597
ROOT_PFTC7_SITE2_(nogp)_0004,2,east, DETECT,14.38,0.06,20.8,662
ROOT_PFTC7_SITE2_(nogp)_0004,2,east, DETECT,14.54,0.04,17.5,1300
ROOT_PFTC7_SITE2_(nogp)_0004,2,east, DETECT,14.55,0.11,1.7,169
ROOT_PFTC7_SITE2_(nogp)_0004,2,east, DETECT,14.97,0.07,25.4,820
ROOT_PFTC7_SITE2_(nogp)_0004,2,east, DETECT,15.13,0.05,9.7,828
ROOT_PFTC7_SITE2_(nogp)_0004,2,east, MARKER,0, -, -, -
ROOT_PFTC7_SITE2_(nogp)_0004,2,east, MARKER,1.15, -, -, -
ROOT_PFTC7_SITE2_(nogp)_0004,2,east, MARKER,3.41, -, -, -
ROOT_PFTC7_SITE2_(nogp)_0004,2,east, MARKER,4.7, -, -, -
ROOT_PFTC7_SITE2_(nogp)_0004,2,east, MARKER,7.15, -, -, -
ROOT_PFTC7_SITE2_(nogp)_0004,2,east, MARKER,8.28, -, -, -
ROOT_PFTC7_SITE2_(nogp)_0004,2,east, MARKER,10.77, -, -, -
ROOT_PFTC7_SITE2_(nogp)_0004,2,east, MARKER,11.92, -, -, -
ROOT_PFTC7_SITE2_(nogp)_0004,2,east, MARKER,14.5, -, -, -
ROOT_PFTC7_SITE2_(nogp)_0004,2,east, MARKER,15.53, -, -, -
ROOT_SITE3_WEST_PLOT_0001,3,west, DETECT,0,0.04,18,723
ROOT_SITE3_WEST_PLOT_0001,3,west, DETECT,0.08,0.14,3.9,295
ROOT_SITE3_WEST_PLOT_0001,3,west, DETECT,0.1,0.03,10,582
ROOT_SITE3_WEST_PLOT_0001,3,west, DETECT,0.18,0.13,2.9,182
ROOT_SITE3_WEST_PLOT_0001,3,west, DETECT,0.26,0.08,3.7,187
ROOT_SITE3_WEST_PLOT_0001,3,west, DETECT,0.48,0.08,4.6,906
ROOT_SITE3_WEST_PLOT_0001,3,west, DETECT,0.64,0.12,6.3,506
ROOT_SITE3_WEST_PLOT_0001,3,west, DETECT,0.73,0.09,8.4,790
ROOT_SITE3_WEST_PLOT_0001,3,west, DETECT,0.82,0.11,6.4,220
ROOT_SITE3_WEST_PLOT_0001,3,west, DETECT,0.9,0.08,3.3,242
ROOT_SITE3_WEST_PLOT_0001,3,west, DETECT,1.2,0.05,7.3,504
ROOT_SITE3_WEST_PLOT_0001,3,west, DETECT,1.38,0.04,37,3521
ROOT_SITE3_WEST_PLOT_0001,3,west, DETECT,1.6,0.07,20.7,1155
ROOT_SITE3_WEST_PLOT_0001,3,west, DETECT,1.79,0.09,4,383
ROOT_SITE3_WEST_PLOT_0001,3,west, DETECT,1.89,0.08,5.5,456
ROOT_SITE3_WEST_PLOT_0001,3,west, DETECT,1.97,0.06,4.9,385
ROOT_SITE3_WEST_PLOT_0001,3,west, DETECT,2.08,0.03,18.2,1021
ROOT_SITE3_WEST_PLOT_0001,3,west, DETECT,2.15,0.08,4.6,658
ROOT_SITE3_WEST_PLOT_0001,3,west, DETECT,2.28,0.11,5,926
ROOT_SITE3_WEST_PLOT_0001,3,west, DETECT,2.39,0.02,42.6,971
ROOT_SITE3_WEST_PLOT_0001,3,west, DETECT,2.49,0.12,6.6,698
ROOT_SITE3_WEST_PLOT_0001,3,west, DETECT,2.54,0.06,6.1,475
ROOT_SITE3_WEST_PLOT_0001,3,west, DETECT,2.66,0.04,3.9,122
ROOT_SITE3_WEST_PLOT_0001,3,west, DETECT,2.76,0.02,20.1,1072
ROOT_SITE3_WEST_PLOT_0001,3,west, DETECT,2.93,0.06,9.4,401
ROOT_SITE3_WEST_PLOT_0001,3,west, DETECT,3.04,0.06,3.6,288
ROOT_SITE3_WEST_PLOT_0001,3,west, DETECT,3.26,0.06,3,213
ROOT_SITE3_WEST_PLOT_0001,3,west, DETECT,3.46,0.08,5,357
ROOT_SITE3_WEST_PLOT_0001,3,west, DETECT,3.62,0.04,15.3,451
ROOT_SITE3_WEST_PLOT_0001,3,west, DETECT,3.7,0.06,4.4,415
ROOT_SITE3_WEST_PLOT_0001,3,west, DETECT,3.92,0.04,45.1,2371
ROOT_SITE3_WEST_PLOT_0001,3,west, DETECT,4.16,0.08,13.8,1453
ROOT_SITE3_WEST_PLOT_0001,3,west, DETECT,4.22,0.13,3.4,279
ROOT_SITE3_WEST_PLOT_0001,3,west, DETECT,4.26,0.17,3,130
ROOT_SITE3_WEST_PLOT_0001,3,west, DETECT,4.27,0.04,20.5,892
ROOT_SITE3_WEST_PLOT_0001,3,west, DETECT,4.34,0.09,4.5,341
ROOT_SITE3_WEST_PLOT_0001,3,west, DETECT,4.4,0.01,17.1,365
ROOT_SITE3_WEST_PLOT_0001,3,west, DETECT,4.51,0.1,2.5,92
ROOT_SITE3_WEST_PLOT_0001,3,west, DETECT,4.53,0.02,7.4,374
ROOT_SITE3_WEST_PLOT_0001,3,west, DETECT,4.63,0.02,8.2,178
ROOT_SITE3_WEST_PLOT_0001,3,west, DETECT,4.7,0.08,3.7,224
ROOT_SITE3_WEST_PLOT_0001,3,west, DETECT,4.95,0.03,42.1,2186
ROOT_SITE3_WEST_PLOT_0001,3,west, DETECT,5.08,0.06,19.4,1643
ROOT_SITE3_WEST_PLOT_0001,3,west, DETECT,5.21,0.09,4.8,445
ROOT_SITE3_WEST_PLOT_0001,3,west, DETECT,5.33,0.09,5.9,578
ROOT_SITE3_WEST_PLOT_0001,3,west, DETECT,5.56,0.06,22.4,1857
ROOT_SITE3_WEST_PLOT_0001,3,west, DETECT,5.62,0.04,8.6,156
ROOT_SITE3_WEST_PLOT_0001,3,west, DETECT,5.96,0.08,3.8,218
ROOT_SITE3_WEST_PLOT_0001,3,west, DETECT,6.03,0.08,3.5,256
ROOT_SITE3_WEST_PLOT_0001,3,west, DETECT,6.12,0.11,4,285
ROOT_SITE3_WEST_PLOT_0001,3,west, DETECT,6.39,0.04,6.6,640
ROOT_SITE3_WEST_PLOT_0001,3,west, DETECT,6.61,0.07,9.4,717
ROOT_SITE3_WEST_PLOT_0001,3,west, DETECT,6.82,0.05,8.9,1362
ROOT_SITE3_WEST_PLOT_0001,3,west, DETECT,6.87,0.12,4.7,383
ROOT_SITE3_WEST_PLOT_0001,3,west, DETECT,6.94,0.09,4.8,283
ROOT_SITE3_WEST_PLOT_0001,3,west, DETECT,7.14,0.06,5.6,403
ROOT_SITE3_WEST_PLOT_0001,3,west, DETECT,7.34,0.11,4.9,465
ROOT_SITE3_WEST_PLOT_0001,3,west, DETECT,7.44,0.05,4.6,329
ROOT_SITE3_WEST_PLOT_0001,3,west, DETECT,7.71,0.05,9.5,1029
ROOT_SITE3_WEST_PLOT_0001,3,west, DETECT,7.81,0.04,9.5,232
ROOT_SITE3_WEST_PLOT_0001,3,west, DETECT,7.87,0.08,4.2,194
ROOT_SITE3_WEST_PLOT_0001,3,west, DETECT,7.93,0.03,25.2,849
ROOT_SITE3_WEST_PLOT_0001,3,west, DETECT,8.05,0.04,26.2,898
ROOT_SITE3_WEST_PLOT_0001,3,west, DETECT,8.21,0.04,57.7,1560
ROOT_SITE3_WEST_PLOT_0001,3,west, DETECT,8.72,0.05,3.9,186
ROOT_SITE3_WEST_PLOT_0001,3,west, DETECT,8.81,0.09,15,1937
ROOT_SITE3_WEST_PLOT_0001,3,west, DETECT,8.97,0.07,4.3,585
ROOT_SITE3_WEST_PLOT_0001,3,west, DETECT,9.02,0.03,42.3,2818
ROOT_SITE3_WEST_PLOT_0001,3,west, DETECT,9.32,0.07,5,570
ROOT_SITE3_WEST_PLOT_0001,3,west, DETECT,9.47,0.03,11.7,521
ROOT_SITE3_WEST_PLOT_0001,3,west, DETECT,9.54,0.06,21.3,1499
ROOT_SITE3_WEST_PLOT_0001,3,west, DETECT,9.57,0.12,3.1,163
ROOT_SITE3_WEST_PLOT_0001,3,west, DETECT,9.62,0.04,9.4,486
ROOT_SITE3_WEST_PLOT_0001,3,west, DETECT,9.9,0.11,3.1,179
ROOT_SITE3_WEST_PLOT_0001,3,west, DETECT,10.02,0.2,3.5,172
ROOT_SITE3_WEST_PLOT_0001,3,west, DETECT,10.11,0.08,16.7,1286
ROOT_SITE3_WEST_PLOT_0001,3,west, DETECT,10.21,0.02,55.9,2414
ROOT_SITE3_WEST_PLOT_0001,3,west, DETECT,10.37,0.06,6.2,607
ROOT_SITE3_WEST_PLOT_0001,3,west, DETECT,10.54,0.03,9.5,238
ROOT_SITE3_WEST_PLOT_0001,3,west, DETECT,10.65,0.04,4.3,394
ROOT_SITE3_WEST_PLOT_0001,3,west, DETECT,10.71,0.09,3.7,202
ROOT_SITE3_WEST_PLOT_0001,3,west, DETECT,10.73,0.02,14.7,531
ROOT_SITE3_WEST_PLOT_0001,3,west, DETECT,10.84,0.06,5.2,485
ROOT_SITE3_WEST_PLOT_0001,3,west, DETECT,11.09,0.06,4.2,473
ROOT_SITE3_WEST_PLOT_0001,3,west, DETECT,11.29,0.13,5,246
ROOT_SITE3_WEST_PLOT_0001,3,west, DETECT,11.42,0.04,35.4,1720
ROOT_SITE3_WEST_PLOT_0001,3,west, DETECT,11.55,0.13,2.4,61
ROOT_SITE3_WEST_PLOT_0001,3,west, DETECT,11.6,0.05,4.9,166
ROOT_SITE3_WEST_PLOT_0001,3,west, DETECT,12.09,0.13,3.4,263
ROOT_SITE3_WEST_PLOT_0001,3,west, DETECT,12.34,0.13,5.7,850
ROOT_SITE3_WEST_PLOT_0001,3,west, DETECT,12.84,0.07,5.9,607
ROOT_SITE3_WEST_PLOT_0001,3,west, DETECT,13.08,0.09,4.1,196
ROOT_SITE3_WEST_PLOT_0001,3,west, DETECT,13.12,0.05,3.9,193
ROOT_SITE3_WEST_PLOT_0001,3,west, DETECT,13.23,0.03,14.6,620
ROOT_SITE3_WEST_PLOT_0001,3,west, DETECT,13.36,0.04,43.9,1536
ROOT_SITE3_WEST_PLOT_0001,3,west, DETECT,13.53,0.05,25.3,1796
ROOT_SITE3_WEST_PLOT_0001,3,west, DETECT,13.75,0.06,12.6,554
ROOT_SITE3_WEST_PLOT_0001,3,west, DETECT,13.87,0.03,25.4,415
ROOT_SITE3_WEST_PLOT_0001,3,west, DETECT,13.98,0.15,4.5,631
ROOT_SITE3_WEST_PLOT_0001,3,west, DETECT,14.01,0.06,7.3,495
ROOT_SITE3_WEST_PLOT_0001,3,west, DETECT,14.14,0.17,2.5,122
ROOT_SITE3_WEST_PLOT_0001,3,west, DETECT,14.31,0.07,3.3,179
ROOT_SITE3_WEST_PLOT_0001,3,west, DETECT,14.42,0.05,4.1,472
ROOT_SITE3_WEST_PLOT_0001,3,west, DETECT,14.64,0.02,9.7,846
ROOT_SITE3_WEST_PLOT_0001,3,west, DETECT,14.7,0.08,4.9,687
ROOT_SITE3_WEST_PLOT_0001,3,west, DETECT,14.83,0.06,5.6,1009
ROOT_SITE3_WEST_PLOT_0001,3,west, DETECT,15,0.07,7.8,591
ROOT_SITE3_WEST_PLOT_0001,3,west, DETECT,15.31,0.11,7.9,1743
ROOT_SITE3_WEST_PLOT_0001,3,west, DETECT,15.39,0.03,25.2,1429
ROOT_SITE3_WEST_PLOT_0001,3,west, DETECT,15.58,0.06,4.5,253
ROOT_SITE3_WEST_PLOT_0001,3,west, DETECT,15.66,0.03,24.2,414
ROOT_SITE3_WEST_PLOT_0001,3,west, DETECT,15.83,0.06,5.1,379
ROOT_SITE3_WEST_PLOT_0001,3,west, DETECT,15.91,0.03,34.5,1573
ROOT_SITE3_WEST_PLOT_0001,3,west, MARKER,0, -, -, -
ROOT_SITE3_WEST_PLOT_0001,3,west, MARKER,1.24, -, -, -
ROOT_SITE3_WEST_PLOT_0001,3,west, MARKER,3.59, -, -, -
ROOT_SITE3_WEST_PLOT_0001,3,west, MARKER,4.83, -, -, -
ROOT_SITE3_WEST_PLOT_0001,3,west, MARKER,7.31, -, -, -
ROOT_SITE3_WEST_PLOT_0001,3,west, MARKER,8.55, -, -, -
ROOT_SITE3_WEST_PLOT_0001,3,west, MARKER,11.1, -, -, -
ROOT_SITE3_WEST_PLOT_0001,3,west, MARKER,12.48, -, -, -
ROOT_SITE3_WEST_PLOT_0001,3,west, MARKER,14.92, -, -, -
ROOT_SITE3_WEST_PLOT_0001,3,west, MARKER,16.22, -, -, -
ROOT_SITE3_WEST_PLOT_0002,3,east, DETECT,0,0.08,13.8,1049
ROOT_SITE3_WEST_PLOT_0002,3,east, DETECT,0.23,0.06,23.1,2496
ROOT_SITE3_WEST_PLOT_0002,3,east, DETECT,0.35,0.15,2,460
ROOT_SITE3_WEST_PLOT_0002,3,east, DETECT,0.41,0.06,14.1,1279
ROOT_SITE3_WEST_PLOT_0002,3,east, DETECT,0.46,0.17,1.7,328
ROOT_SITE3_WEST_PLOT_0002,3,east, DETECT,0.81,0.11,3.6,1102
ROOT_SITE3_WEST_PLOT_0002,3,east, DETECT,1,0.05,16.5,559
ROOT_SITE3_WEST_PLOT_0002,3,east, DETECT,1.06,0.13,3,283
ROOT_SITE3_WEST_PLOT_0002,3,east, DETECT,1.19,0.12,2.9,928
ROOT_SITE3_WEST_PLOT_0002,3,east, DETECT,1.27,0.08,9.2,4410
ROOT_SITE3_WEST_PLOT_0002,3,east, DETECT,1.31,0.14,1.6,107
ROOT_SITE3_WEST_PLOT_0002,3,east, DETECT,1.4,0.13,1.6,275
ROOT_SITE3_WEST_PLOT_0002,3,east, DETECT,1.61,0.14,4.5,1897
ROOT_SITE3_WEST_PLOT_0002,3,east, DETECT,1.87,0.08,34.7,9902
ROOT_SITE3_WEST_PLOT_0002,3,east, DETECT,1.97,0.08,3.2,150
ROOT_SITE3_WEST_PLOT_0002,3,east, DETECT,1.97,0.15,2.9,448
ROOT_SITE3_WEST_PLOT_0002,3,east, DETECT,2.13,0.12,6.2,626
ROOT_SITE3_WEST_PLOT_0002,3,east, DETECT,2.22,0.21,1.4,152
ROOT_SITE3_WEST_PLOT_0002,3,east, DETECT,2.25,0.04,16.6,1399
ROOT_SITE3_WEST_PLOT_0002,3,east, DETECT,2.25,0.12,1.9,318
ROOT_SITE3_WEST_PLOT_0002,3,east, DETECT,2.57,0.14,3.1,1193
ROOT_SITE3_WEST_PLOT_0002,3,east, DETECT,2.66,0.09,8.9,1406
ROOT_SITE3_WEST_PLOT_0002,3,east, DETECT,2.69,0.17,3.2,669
ROOT_SITE3_WEST_PLOT_0002,3,east, DETECT,2.87,0.09,4.4,1390
ROOT_SITE3_WEST_PLOT_0002,3,east, DETECT,3.18,0.17,2.1,589
ROOT_SITE3_WEST_PLOT_0002,3,east, DETECT,3.31,0.14,3.3,971
ROOT_SITE3_WEST_PLOT_0002,3,east, DETECT,3.4,0.15,1.9,158
ROOT_SITE3_WEST_PLOT_0002,3,east, DETECT,3.52,0.15,3,507
ROOT_SITE3_WEST_PLOT_0002,3,east, DETECT,3.54,0.02,31.4,1990
ROOT_SITE3_WEST_PLOT_0002,3,east, DETECT,3.72,0.14,2.5,492
ROOT_SITE3_WEST_PLOT_0002,3,east, DETECT,3.79,0.07,5.9,700
ROOT_SITE3_WEST_PLOT_0002,3,east, DETECT,3.86,0.11,2.6,243
ROOT_SITE3_WEST_PLOT_0002,3,east, DETECT,3.97,0.09,7.7,996
ROOT_SITE3_WEST_PLOT_0002,3,east, DETECT,4.11,0.04,30,2906
ROOT_SITE3_WEST_PLOT_0002,3,east, DETECT,4.2,0.06,6.1,375
ROOT_SITE3_WEST_PLOT_0002,3,east, DETECT,4.21,0.12,4.2,1424
ROOT_SITE3_WEST_PLOT_0002,3,east, DETECT,4.28,0.15,2.7,456
ROOT_SITE3_WEST_PLOT_0002,3,east, DETECT,4.35,0.09,4.7,672
ROOT_SITE3_WEST_PLOT_0002,3,east, DETECT,4.58,0.1,2.5,439
ROOT_SITE3_WEST_PLOT_0002,3,east, DETECT,4.65,0.07,5.6,262
ROOT_SITE3_WEST_PLOT_0002,3,east, DETECT,4.79,0.07,11.7,1506
ROOT_SITE3_WEST_PLOT_0002,3,east, DETECT,4.93,0.11,2.1,208
ROOT_SITE3_WEST_PLOT_0002,3,east, DETECT,4.99,0.17,1.5,124
ROOT_SITE3_WEST_PLOT_0002,3,east, DETECT,5.05,0.11,2.2,147
ROOT_SITE3_WEST_PLOT_0002,3,east, DETECT,5.15,0.09,2.5,182
ROOT_SITE3_WEST_PLOT_0002,3,east, DETECT,5.4,0.09,3.1,523
ROOT_SITE3_WEST_PLOT_0002,3,east, DETECT,5.52,0.09,2.9,345
ROOT_SITE3_WEST_PLOT_0002,3,east, DETECT,5.59,0.1,1.9,312
ROOT_SITE3_WEST_PLOT_0002,3,east, DETECT,5.77,0.07,7.2,1285
ROOT_SITE3_WEST_PLOT_0002,3,east, DETECT,5.88,0.01,16.9,1474
ROOT_SITE3_WEST_PLOT_0002,3,east, DETECT,6.12,0.16,2.4,494
ROOT_SITE3_WEST_PLOT_0002,3,east, DETECT,6.22,0.17,3.4,1193
ROOT_SITE3_WEST_PLOT_0002,3,east, DETECT,6.34,0.07,55.8,9486
ROOT_SITE3_WEST_PLOT_0002,3,east, DETECT,6.4,0.14,2.3,330
ROOT_SITE3_WEST_PLOT_0002,3,east, DETECT,6.75,0.09,2.6,272
ROOT_SITE3_WEST_PLOT_0002,3,east, DETECT,6.89,0.09,3.5,954
ROOT_SITE3_WEST_PLOT_0002,3,east, DETECT,7.17,0.1,2,283
ROOT_SITE3_WEST_PLOT_0002,3,east, DETECT,7.24,0.16,1.7,246
ROOT_SITE3_WEST_PLOT_0002,3,east, DETECT,7.29,0.01,9.5,320
ROOT_SITE3_WEST_PLOT_0002,3,east, DETECT,7.31,0.1,2,536
ROOT_SITE3_WEST_PLOT_0002,3,east, DETECT,7.39,0.07,12.1,2101
ROOT_SITE3_WEST_PLOT_0002,3,east, DETECT,7.44,0.16,1.7,168
ROOT_SITE3_WEST_PLOT_0002,3,east, DETECT,7.52,0.1,2.5,474
ROOT_SITE3_WEST_PLOT_0002,3,east, DETECT,7.75,0.1,2.8,364
ROOT_SITE3_WEST_PLOT_0002,3,east, DETECT,7.91,0.18,3,448
ROOT_SITE3_WEST_PLOT_0002,3,east, DETECT,8.1,0.17,1.9,269
ROOT_SITE3_WEST_PLOT_0002,3,east, DETECT,8.21,0.11,4.2,1108
ROOT_SITE3_WEST_PLOT_0002,3,east, DETECT,8.28,0.2,1.3,104
ROOT_SITE3_WEST_PLOT_0002,3,east, DETECT,8.34,0.14,6.6,1171
ROOT_SITE3_WEST_PLOT_0002,3,east, DETECT,8.42,0.2,1.5,220
ROOT_SITE3_WEST_PLOT_0002,3,east, DETECT,8.55,0.1,5.8,1352
ROOT_SITE3_WEST_PLOT_0002,3,east, DETECT,8.75,0.11,9,1868
ROOT_SITE3_WEST_PLOT_0002,3,east, DETECT,8.93,0.14,1.8,170
ROOT_SITE3_WEST_PLOT_0002,3,east, DETECT,8.95,0.07,4.5,845
ROOT_SITE3_WEST_PLOT_0002,3,east, DETECT,9.15,0.13,2.3,386
ROOT_SITE3_WEST_PLOT_0002,3,east, DETECT,9.3,0.09,4.5,634
ROOT_SITE3_WEST_PLOT_0002,3,east, DETECT,9.4,0.09,3.9,656
ROOT_SITE3_WEST_PLOT_0002,3,east, DETECT,9.53,0.09,4.1,469
ROOT_SITE3_WEST_PLOT_0002,3,east, DETECT,9.69,0.08,3.2,423
ROOT_SITE3_WEST_PLOT_0002,3,east, DETECT,9.92,0.09,3.3,497
ROOT_SITE3_WEST_PLOT_0002,3,east, DETECT,10.14,0.1,2.5,178
ROOT_SITE3_WEST_PLOT_0002,3,east, DETECT,10.23,0.16,2.4,306
ROOT_SITE3_WEST_PLOT_0002,3,east, DETECT,10.31,0.09,2.4,187
ROOT_SITE3_WEST_PLOT_0002,3,east, DETECT,10.35,0.14,2.2,438
ROOT_SITE3_WEST_PLOT_0002,3,east, DETECT,10.54,0.1,4.4,1075
ROOT_SITE3_WEST_PLOT_0002,3,east, DETECT,10.64,0.09,6.3,1278
ROOT_SITE3_WEST_PLOT_0002,3,east, DETECT,10.76,0.08,4.7,678
ROOT_SITE3_WEST_PLOT_0002,3,east, DETECT,10.84,0.05,11.4,2852
ROOT_SITE3_WEST_PLOT_0002,3,east, DETECT,11.09,0.07,4.2,370
ROOT_SITE3_WEST_PLOT_0002,3,east, DETECT,11.28,0.09,2.6,351
ROOT_SITE3_WEST_PLOT_0002,3,east, DETECT,11.38,0.06,2.6,404
ROOT_SITE3_WEST_PLOT_0002,3,east, DETECT,11.48,0.07,4.3,542
ROOT_SITE3_WEST_PLOT_0002,3,east, DETECT,11.57,0.11,2.5,331
ROOT_SITE3_WEST_PLOT_0002,3,east, DETECT,11.78,0.09,1.9,199
ROOT_SITE3_WEST_PLOT_0002,3,east, MARKER,0.04, -, -, -
ROOT_SITE3_WEST_PLOT_0002,3,east, MARKER,1.25, -, -, -
ROOT_SITE3_WEST_PLOT_0002,3,east, MARKER,3.89, -, -, -
ROOT_SITE3_WEST_PLOT_0002,3,east, MARKER,5.28, -, -, -
ROOT_SITE3_WEST_PLOT_0002,3,east, MARKER,7.93, -, -, -
ROOT_SITE3_WEST_PLOT_0002,3,east, MARKER,9.09, -, -, -
ROOT_SITE3_WEST_PLOT_0002,3,east, MARKER,11.63, -, -, -
ROOT_PFTC_SITE4_(nogp)_0005,4,west, DETECT,0,0.04,2.6,99
ROOT_PFTC_SITE4_(nogp)_0005,4,west, DETECT,0.09,0.06,24.8,3706
ROOT_PFTC_SITE4_(nogp)_0005,4,west, DETECT,0.36,0.09,1.3,175
ROOT_PFTC_SITE4_(nogp)_0005,4,west, DETECT,0.68,0.08,9.1,2469
ROOT_PFTC_SITE4_(nogp)_0005,4,west, DETECT,1.01,0.05,7.1,4480
ROOT_PFTC_SITE4_(nogp)_0005,4,west, DETECT,1.26,0.1,1.6,675
ROOT_PFTC_SITE4_(nogp)_0005,4,west, DETECT,1.46,0.1,1.4,253
ROOT_PFTC_SITE4_(nogp)_0005,4,west, DETECT,1.57,0.02,55.1,5331
ROOT_PFTC_SITE4_(nogp)_0005,4,west, DETECT,1.83,0.08,8.1,3333
ROOT_PFTC_SITE4_(nogp)_0005,4,west, DETECT,2.03,0.07,6,1919
ROOT_PFTC_SITE4_(nogp)_0005,4,west, DETECT,2.11,0.03,21.3,1870
ROOT_PFTC_SITE4_(nogp)_0005,4,west, DETECT,2.38,0.07,5.6,1970
ROOT_PFTC_SITE4_(nogp)_0005,4,west, DETECT,2.53,0.06,33.5,5653
ROOT_PFTC_SITE4_(nogp)_0005,4,west, DETECT,2.68,0.11,2,721
ROOT_PFTC_SITE4_(nogp)_0005,4,west, DETECT,2.82,0.08,3.2,759
ROOT_PFTC_SITE4_(nogp)_0005,4,west, DETECT,2.91,0.07,1.3,275
ROOT_PFTC_SITE4_(nogp)_0005,4,west, DETECT,3.09,0.05,2.8,432
ROOT_PFTC_SITE4_(nogp)_0005,4,west, DETECT,3.19,0.06,5.5,738
ROOT_PFTC_SITE4_(nogp)_0005,4,west, DETECT,3.25,0.09,1.6,212
ROOT_PFTC_SITE4_(nogp)_0005,4,west, DETECT,3.38,0.02,12.9,1549
ROOT_PFTC_SITE4_(nogp)_0005,4,west, DETECT,3.55,0.07,4.6,2870
ROOT_PFTC_SITE4_(nogp)_0005,4,west, DETECT,3.78,0.06,4.9,959
ROOT_PFTC_SITE4_(nogp)_0005,4,west, DETECT,3.94,0.06,2.8,420
ROOT_PFTC_SITE4_(nogp)_0005,4,west, DETECT,4.07,0.07,2.4,300
ROOT_PFTC_SITE4_(nogp)_0005,4,west, DETECT,4.18,0.05,1.9,284
ROOT_PFTC_SITE4_(nogp)_0005,4,west, DETECT,4.51,0.02,44.5,4228
ROOT_PFTC_SITE4_(nogp)_0005,4,west, DETECT,4.54,0.08,2,608
ROOT_PFTC_SITE4_(nogp)_0005,4,west, DETECT,4.72,0.03,32.6,2289
ROOT_PFTC_SITE4_(nogp)_0005,4,west, DETECT,4.9,0.11,1.5,594
ROOT_PFTC_SITE4_(nogp)_0005,4,west, DETECT,4.96,0.04,8.2,2434
ROOT_PFTC_SITE4_(nogp)_0005,4,west, DETECT,5.11,0.1,3.3,1713
ROOT_PFTC_SITE4_(nogp)_0005,4,west, DETECT,5.32,0.07,13.7,4339
ROOT_PFTC_SITE4_(nogp)_0005,4,west, DETECT,5.44,0.08,4.8,1778
ROOT_PFTC_SITE4_(nogp)_0005,4,west, DETECT,5.72,0.1,1.1,225
ROOT_PFTC_SITE4_(nogp)_0005,4,west, DETECT,5.8,0.06,3,698
ROOT_PFTC_SITE4_(nogp)_0005,4,west, DETECT,5.93,0.12,1.5,2215
ROOT_PFTC_SITE4_(nogp)_0005,4,west, DETECT,6.12,0.08,2.2,599
ROOT_PFTC_SITE4_(nogp)_0005,4,west, DETECT,6.36,0.12,2,655
ROOT_PFTC_SITE4_(nogp)_0005,4,west, DETECT,6.52,0.06,10.1,5097
ROOT_PFTC_SITE4_(nogp)_0005,4,west, DETECT,6.74,0.06,2.7,860
ROOT_PFTC_SITE4_(nogp)_0005,4,west, DETECT,6.79,0.09,1.5,318
ROOT_PFTC_SITE4_(nogp)_0005,4,west, DETECT,6.84,0.01,18.8,1881
ROOT_PFTC_SITE4_(nogp)_0005,4,west, DETECT,6.93,0.03,8,789
ROOT_PFTC_SITE4_(nogp)_0005,4,west, DETECT,6.98,0.06,1.8,440
ROOT_PFTC_SITE4_(nogp)_0005,4,west, DETECT,7.06,0.09,1.5,419
ROOT_PFTC_SITE4_(nogp)_0005,4,west, DETECT,7.12,0.03,7.6,801
ROOT_PFTC_SITE4_(nogp)_0005,4,west, DETECT,7.24,0.08,1.9,1148
ROOT_PFTC_SITE4_(nogp)_0005,4,west, DETECT,7.41,0.08,3.3,1697
ROOT_PFTC_SITE4_(nogp)_0005,4,west, DETECT,7.51,0.06,3.5,1491
ROOT_PFTC_SITE4_(nogp)_0005,4,west, DETECT,7.66,0.06,4.9,1373
ROOT_PFTC_SITE4_(nogp)_0005,4,west, DETECT,7.9,0.05,8.5,774
ROOT_PFTC_SITE4_(nogp)_0005,4,west, DETECT,8.01,0.04,4.5,1246
ROOT_PFTC_SITE4_(nogp)_0005,4,west, DETECT,8.11,0.08,2.1,514
ROOT_PFTC_SITE4_(nogp)_0005,4,west, DETECT,8.26,0.03,6.5,972
ROOT_PFTC_SITE4_(nogp)_0005,4,west, DETECT,8.31,0.08,3.7,1326
ROOT_PFTC_SITE4_(nogp)_0005,4,west, DETECT,8.48,0.03,2.7,150
ROOT_PFTC_SITE4_(nogp)_0005,4,west, DETECT,8.71,0.06,3.5,515
ROOT_PFTC_SITE4_(nogp)_0005,4,west, DETECT,9.01,0.07,1.4,243
ROOT_PFTC_SITE4_(nogp)_0005,4,west, DETECT,9.1,0.04,5.6,745
ROOT_PFTC_SITE4_(nogp)_0005,4,west, DETECT,9.22,0.02,17.9,1038
ROOT_PFTC_SITE4_(nogp)_0005,4,west, DETECT,9.47,0.05,11.6,4433
ROOT_PFTC_SITE4_(nogp)_0005,4,west, DETECT,9.56,0.07,2,281
ROOT_PFTC_SITE4_(nogp)_0005,4,west, DETECT,9.65,0.04,21,1932
ROOT_PFTC_SITE4_(nogp)_0005,4,west, DETECT,9.73,0.05,3.9,517
ROOT_PFTC_SITE4_(nogp)_0005,4,west, DETECT,9.81,0.08,2.9,606
ROOT_PFTC_SITE4_(nogp)_0005,4,west, DETECT,10.17,0.11,2.3,1279
ROOT_PFTC_SITE4_(nogp)_0005,4,west, DETECT,10.43,0.08,5,1176
ROOT_PFTC_SITE4_(nogp)_0005,4,west, DETECT,10.55,0.09,5.2,3184
ROOT_PFTC_SITE4_(nogp)_0005,4,west, DETECT,10.81,0.04,4.2,783
ROOT_PFTC_SITE4_(nogp)_0005,4,west, DETECT,10.96,0.05,3.1,279
ROOT_PFTC_SITE4_(nogp)_0005,4,west, DETECT,11.05,0.08,2.3,724
ROOT_PFTC_SITE4_(nogp)_0005,4,west, DETECT,11.24,0.07,3.5,273
ROOT_PFTC_SITE4_(nogp)_0005,4,west, DETECT,11.3,0.09,1.3,415
ROOT_PFTC_SITE4_(nogp)_0005,4,west, DETECT,11.56,0.07,7.9,2345
ROOT_PFTC_SITE4_(nogp)_0005,4,west, DETECT,11.71,0.09,1.5,421
ROOT_PFTC_SITE4_(nogp)_0005,4,west, DETECT,11.89,0.08,2.2,442
ROOT_PFTC_SITE4_(nogp)_0005,4,west, DETECT,12.28,0.09,2.8,800
ROOT_PFTC_SITE4_(nogp)_0005,4,west, DETECT,12.38,0.07,3.1,611
ROOT_PFTC_SITE4_(nogp)_0005,4,west, DETECT,12.43,0.06,1.7,233
ROOT_PFTC_SITE4_(nogp)_0005,4,west, DETECT,12.51,0.04,12.6,1300
ROOT_PFTC_SITE4_(nogp)_0005,4,west, DETECT,12.57,0.07,2.2,436
ROOT_PFTC_SITE4_(nogp)_0005,4,west, DETECT,12.64,0.1,1.3,336
ROOT_PFTC_SITE4_(nogp)_0005,4,west, DETECT,12.76,0.06,3.7,679
ROOT_PFTC_SITE4_(nogp)_0005,4,west, DETECT,13.07,0.06,3.8,1201
ROOT_PFTC_SITE4_(nogp)_0005,4,west, DETECT,13.26,0.09,3.7,1852
ROOT_PFTC_SITE4_(nogp)_0005,4,west, DETECT,13.44,0.07,1.9,281
ROOT_PFTC_SITE4_(nogp)_0005,4,west, DETECT,13.56,0.08,1.7,660
ROOT_PFTC_SITE4_(nogp)_0005,4,west, DETECT,13.73,0.08,1.2,147
ROOT_PFTC_SITE4_(nogp)_0005,4,west, DETECT,13.8,0.1,1.5,458
ROOT_PFTC_SITE4_(nogp)_0005,4,west, DETECT,13.97,0.09,0.9,95
ROOT_PFTC_SITE4_(nogp)_0005,4,west, DETECT,14.41,0.05,3.4,749
ROOT_PFTC_SITE4_(nogp)_0005,4,west, DETECT,14.48,0.02,25.7,2531
ROOT_PFTC_SITE4_(nogp)_0005,4,west, DETECT,14.58,0.06,2.1,871
ROOT_PFTC_SITE4_(nogp)_0005,4,west, DETECT,14.65,0.1,1.4,290
ROOT_PFTC_SITE4_(nogp)_0005,4,west, DETECT,14.67,0.04,2.9,359
ROOT_PFTC_SITE4_(nogp)_0005,4,west, DETECT,14.7,0.14,1.5,693
ROOT_PFTC_SITE4_(nogp)_0005,4,west, DETECT,14.73,0.06,2.4,618
ROOT_PFTC_SITE4_(nogp)_0005,4,west, DETECT,14.85,0.06,1.4,215
ROOT_PFTC_SITE4_(nogp)_0005,4,west, DETECT,14.91,0.1,3,2159
ROOT_PFTC_SITE4_(nogp)_0005,4,west, DETECT,15.02,0.05,1.9,195
ROOT_PFTC_SITE4_(nogp)_0005,4,west, DETECT,15.19,0.09,6.4,1625
ROOT_PFTC_SITE4_(nogp)_0005,4,west, DETECT,15.51,0.09,3.1,777
ROOT_PFTC_SITE4_(nogp)_0005,4,west, DETECT,15.79,0.11,5.5,2678
ROOT_PFTC_SITE4_(nogp)_0005,4,west, DETECT,16.35,0.02,15.1,5241
ROOT_PFTC_SITE4_(nogp)_0005,4,west, MARKER,0, -, -, -
ROOT_PFTC_SITE4_(nogp)_0005,4,west, MARKER,1.3, -, -, -
ROOT_PFTC_SITE4_(nogp)_0005,4,west, MARKER,3.9, -, -, -
ROOT_PFTC_SITE4_(nogp)_0005,4,west, MARKER,5.09, -, -, -
ROOT_PFTC_SITE4_(nogp)_0005,4,west, MARKER,7.53, -, -, -
ROOT_PFTC_SITE4_(nogp)_0005,4,west, MARKER,8.75, -, -, -
ROOT_PFTC_SITE4_(nogp)_0005,4,west, MARKER,11.32, -, -, -
ROOT_PFTC_SITE4_(nogp)_0005,4,west, MARKER,11.5, -, -, -
ROOT_PFTC_SITE4_(nogp)_0005,4,west, MARKER,12.53, -, -, -
ROOT_PFTC_SITE4_(nogp)_0005,4,west, MARKER,15.22, -, -, -
ROOT_PFTC_SITE4_(nogp)_0006,4,east, DETECT,0.03,0.04,52,1467
ROOT_PFTC_SITE4_(nogp)_0006,4,east, DETECT,0.12,0.1,1,348
ROOT_PFTC_SITE4_(nogp)_0006,4,east, DETECT,0.2,0.05,3.5,488
ROOT_PFTC_SITE4_(nogp)_0006,4,east, DETECT,0.3,0.06,6.4,717
ROOT_PFTC_SITE4_(nogp)_0006,4,east, DETECT,0.48,0.08,6.8,1237
ROOT_PFTC_SITE4_(nogp)_0006,4,east, DETECT,0.68,0.06,5.5,496
ROOT_PFTC_SITE4_(nogp)_0006,4,east, DETECT,0.74,0.1,1.6,367
ROOT_PFTC_SITE4_(nogp)_0006,4,east, DETECT,1.06,0.09,4,3202
ROOT_PFTC_SITE4_(nogp)_0006,4,east, DETECT,1.19,0.06,2.9,521
ROOT_PFTC_SITE4_(nogp)_0006,4,east, DETECT,1.29,0.06,2.9,1281
ROOT_PFTC_SITE4_(nogp)_0006,4,east, DETECT,1.56,0.08,2.7,640
ROOT_PFTC_SITE4_(nogp)_0006,4,east, DETECT,2.29,0.12,2.1,1231
ROOT_PFTC_SITE4_(nogp)_0006,4,east, DETECT,2.3,0.02,16.8,2676
ROOT_PFTC_SITE4_(nogp)_0006,4,east, DETECT,2.37,0.14,1,232
ROOT_PFTC_SITE4_(nogp)_0006,4,east, DETECT,2.39,0.05,6.7,1051
ROOT_PFTC_SITE4_(nogp)_0006,4,east, DETECT,2.75,0.14,1.4,1038
ROOT_PFTC_SITE4_(nogp)_0006,4,east, DETECT,2.79,0.03,2.8,215
ROOT_PFTC_SITE4_(nogp)_0006,4,east, DETECT,2.9,0.02,12.3,2782
ROOT_PFTC_SITE4_(nogp)_0006,4,east, DETECT,2.92,0.14,2.1,354
ROOT_PFTC_SITE4_(nogp)_0006,4,east, DETECT,2.98,0.11,1.9,318
ROOT_PFTC_SITE4_(nogp)_0006,4,east, DETECT,3.45,0.11,1.6,984
ROOT_PFTC_SITE4_(nogp)_0006,4,east, DETECT,3.54,0.1,1.7,493
ROOT_PFTC_SITE4_(nogp)_0006,4,east, DETECT,3.7,0.02,9.2,260
ROOT_PFTC_SITE4_(nogp)_0006,4,east, DETECT,3.73,0.08,1.7,165
ROOT_PFTC_SITE4_(nogp)_0006,4,east, DETECT,3.81,0.11,1.2,322
ROOT_PFTC_SITE4_(nogp)_0006,4,east, DETECT,3.93,0.09,2.7,1211
ROOT_PFTC_SITE4_(nogp)_0006,4,east, DETECT,4,0.05,3.7,427
ROOT_PFTC_SITE4_(nogp)_0006,4,east, DETECT,4.15,0.1,1.5,438
ROOT_PFTC_SITE4_(nogp)_0006,4,east, DETECT,4.2,0.02,44.4,973
ROOT_PFTC_SITE4_(nogp)_0006,4,east, DETECT,4.37,0.08,4.7,745
ROOT_PFTC_SITE4_(nogp)_0006,4,east, DETECT,4.52,0.06,7.9,2124
ROOT_PFTC_SITE4_(nogp)_0006,4,east, DETECT,4.62,0.03,6,840
ROOT_PFTC_SITE4_(nogp)_0006,4,east, DETECT,4.69,0.07,3,1160
ROOT_PFTC_SITE4_(nogp)_0006,4,east, DETECT,5,0.06,15.9,3260
ROOT_PFTC_SITE4_(nogp)_0006,4,east, DETECT,5.15,0.09,1.4,229
ROOT_PFTC_SITE4_(nogp)_0006,4,east, DETECT,5.41,0.09,4.1,1418
ROOT_PFTC_SITE4_(nogp)_0006,4,east, DETECT,5.48,0.06,4.6,390
ROOT_PFTC_SITE4_(nogp)_0006,4,east, DETECT,5.5,0.13,1.9,413
ROOT_PFTC_SITE4_(nogp)_0006,4,east, DETECT,5.63,0.03,15.8,1867
ROOT_PFTC_SITE4_(nogp)_0006,4,east, DETECT,5.68,0.06,2,168
ROOT_PFTC_SITE4_(nogp)_0006,4,east, DETECT,6.18,0.09,15.3,7556
ROOT_PFTC_SITE4_(nogp)_0006,4,east, DETECT,6.38,0.11,1.3,568
ROOT_PFTC_SITE4_(nogp)_0006,4,east, DETECT,6.74,0.08,2.3,455
ROOT_PFTC_SITE4_(nogp)_0006,4,east, DETECT,6.86,0.08,2.6,296
ROOT_PFTC_SITE4_(nogp)_0006,4,east, DETECT,7.12,0.13,1.4,332
ROOT_PFTC_SITE4_(nogp)_0006,4,east, DETECT,7.19,0.08,3.6,1730
ROOT_PFTC_SITE4_(nogp)_0006,4,east, DETECT,7.37,0.1,2.1,450
ROOT_PFTC_SITE4_(nogp)_0006,4,east, DETECT,7.54,0.13,2.4,559
ROOT_PFTC_SITE4_(nogp)_0006,4,east, DETECT,7.74,0.12,1.8,670
ROOT_PFTC_SITE4_(nogp)_0006,4,east, DETECT,7.92,0.06,1.6,202
ROOT_PFTC_SITE4_(nogp)_0006,4,east, DETECT,8.09,0.1,2.1,908
ROOT_PFTC_SITE4_(nogp)_0006,4,east, DETECT,8.23,0.06,2.2,250
ROOT_PFTC_SITE4_(nogp)_0006,4,east, DETECT,8.54,0.07,3.8,1758
ROOT_PFTC_SITE4_(nogp)_0006,4,east, DETECT,8.7,0.05,3.2,622
ROOT_PFTC_SITE4_(nogp)_0006,4,east, DETECT,8.79,0.07,23.9,2746
ROOT_PFTC_SITE4_(nogp)_0006,4,east, DETECT,9.02,0.07,4.2,1357
ROOT_PFTC_SITE4_(nogp)_0006,4,east, DETECT,9.23,0.05,1.9,544
ROOT_PFTC_SITE4_(nogp)_0006,4,east, DETECT,9.36,0.05,2.4,545
ROOT_PFTC_SITE4_(nogp)_0006,4,east, DETECT,9.44,0.03,2.7,474
ROOT_PFTC_SITE4_(nogp)_0006,4,east, DETECT,9.68,0.06,4.4,3115
ROOT_PFTC_SITE4_(nogp)_0006,4,east, DETECT,9.84,0.16,1,247
ROOT_PFTC_SITE4_(nogp)_0006,4,east, DETECT,10.02,0.1,2.1,738
ROOT_PFTC_SITE4_(nogp)_0006,4,east, DETECT,10.2,0.04,13,2505
ROOT_PFTC_SITE4_(nogp)_0006,4,east, DETECT,10.4,0.04,6.4,1301
ROOT_PFTC_SITE4_(nogp)_0006,4,east, DETECT,10.45,0.09,1.2,141
ROOT_PFTC_SITE4_(nogp)_0006,4,east, DETECT,10.57,0.06,3.8,906
ROOT_PFTC_SITE4_(nogp)_0006,4,east, DETECT,10.64,0.11,2.5,667
ROOT_PFTC_SITE4_(nogp)_0006,4,east, DETECT,10.7,0.06,4.9,819
ROOT_PFTC_SITE4_(nogp)_0006,4,east, DETECT,10.82,0.08,2.2,475
ROOT_PFTC_SITE4_(nogp)_0006,4,east, DETECT,10.87,0.02,21.8,1965
ROOT_PFTC_SITE4_(nogp)_0006,4,east, DETECT,11.01,0.07,1.4,289
ROOT_PFTC_SITE4_(nogp)_0006,4,east, DETECT,11.13,0.02,33.9,427
ROOT_PFTC_SITE4_(nogp)_0006,4,east, DETECT,11.2,0.1,1.8,305
ROOT_PFTC_SITE4_(nogp)_0006,4,east, DETECT,11.22,0.05,3.4,669
ROOT_PFTC_SITE4_(nogp)_0006,4,east, DETECT,11.36,0.09,2.3,644
ROOT_PFTC_SITE4_(nogp)_0006,4,east, DETECT,11.53,0.02,47.8,3653
ROOT_PFTC_SITE4_(nogp)_0006,4,east, DETECT,11.61,0.11,8.3,4330
ROOT_PFTC_SITE4_(nogp)_0006,4,east, DETECT,11.76,0.11,4.2,978
ROOT_PFTC_SITE4_(nogp)_0006,4,east, DETECT,11.94,0.06,3.3,570
ROOT_PFTC_SITE4_(nogp)_0006,4,east, DETECT,12.04,0.06,2.3,293
ROOT_PFTC_SITE4_(nogp)_0006,4,east, DETECT,12.14,0.04,20.4,601
ROOT_PFTC_SITE4_(nogp)_0006,4,east, DETECT,12.23,0.09,3.6,1393
ROOT_PFTC_SITE4_(nogp)_0006,4,east, DETECT,12.34,0.05,3.6,705
ROOT_PFTC_SITE4_(nogp)_0006,4,east, DETECT,12.68,0.06,2.6,404
ROOT_PFTC_SITE4_(nogp)_0006,4,east, DETECT,12.79,0.04,36.2,2299
ROOT_PFTC_SITE4_(nogp)_0006,4,east, DETECT,12.99,0.06,2.7,1194
ROOT_PFTC_SITE4_(nogp)_0006,4,east, DETECT,13.21,0.06,2.1,227
ROOT_PFTC_SITE4_(nogp)_0006,4,east, DETECT,13.31,0.03,54,8540
ROOT_PFTC_SITE4_(nogp)_0006,4,east, DETECT,13.41,0.12,1,166
ROOT_PFTC_SITE4_(nogp)_0006,4,east, DETECT,13.64,0.08,3.5,727
ROOT_PFTC_SITE4_(nogp)_0006,4,east, DETECT,13.76,0.06,7.2,1850
ROOT_PFTC_SITE4_(nogp)_0006,4,east, DETECT,13.84,0.11,1.4,231
ROOT_PFTC_SITE4_(nogp)_0006,4,east, DETECT,14.02,0.04,4,269
ROOT_PFTC_SITE4_(nogp)_0006,4,east, DETECT,14.1,0.02,17.3,2269
ROOT_PFTC_SITE4_(nogp)_0006,4,east, DETECT,14.31,0.05,5.1,1429
ROOT_PFTC_SITE4_(nogp)_0006,4,east, DETECT,14.79,0.08,1.2,208
ROOT_PFTC_SITE4_(nogp)_0006,4,east, DETECT,14.89,0.13,1.3,410
ROOT_PFTC_SITE4_(nogp)_0006,4,east, DETECT,14.89,0.06,5.4,582
ROOT_PFTC_SITE4_(nogp)_0006,4,east, DETECT,14.99,0.08,3.7,473
ROOT_PFTC_SITE4_(nogp)_0006,4,east, DETECT,15.2,0.08,3.8,903
ROOT_PFTC_SITE4_(nogp)_0006,4,east, DETECT,15.37,0.05,10.5,5408
ROOT_PFTC_SITE4_(nogp)_0006,4,east, DETECT,16.04,0.07,4.1,877
ROOT_PFTC_SITE4_(nogp)_0006,4,east, MARKER,0, -, -, -
ROOT_PFTC_SITE4_(nogp)_0006,4,east, MARKER,1.22, -, -, -
ROOT_PFTC_SITE4_(nogp)_0006,4,east, MARKER,3.89, -, -, -
ROOT_PFTC_SITE4_(nogp)_0006,4,east, MARKER,5.05, -, -, -
ROOT_PFTC_SITE4_(nogp)_0006,4,east, MARKER,7.89, -, -, -
ROOT_PFTC_SITE4_(nogp)_0006,4,east, MARKER,8.88, -, -, -
ROOT_PFTC_SITE4_(nogp)_0006,4,east, MARKER,11.49, -, -, -
ROOT_PFTC_SITE4_(nogp)_0006,4,east, MARKER,12.75, -, -, -
ROOT_PFTC_SITE4_(nogp)_0006,4,east, MARKER,15.19, -, -, -
ROOT_PFTC_SITE4_(nogp)_0006,4,east, MARKER,16.49, -, -, -
