date,elevation,siteID,aspect,transect,scan_file,position_m,depth_m,amplitude_dB,pixel_count,sample_no,sample_depth_cm,soil_depth_cm,dry_root_mass_g,rock_mass_g,dry_soil_mass_g,root_to_soil_ratio,root_to_soil_and_rock_ratio
14/12/2023,2000,1,W,1,ROOT_PFTC7_SITE1_(nogp)_0001,0.1,0.05,3,676,NA,NA,NA,NA,NA,NA,NA,NA
14/12/2023,2000,1,W,1,ROOT_PFTC7_SITE1_(nogp)_0001,0.35,0.06,1.1,238,NA,NA,NA,NA,NA,NA,NA,NA
14/12/2023,2000,1,W,1,ROOT_PFTC7_SITE1_(nogp)_0001,0.52,0.07,3.2,454,NA,NA,NA,NA,NA,NA,NA,NA
14/12/2023,2000,1,W,1,ROOT_PFTC7_SITE1_(nogp)_0001,0.75,0.06,2.7,489,NA,NA,NA,NA,NA,NA,NA,NA
14/12/2023,2000,1,W,1,ROOT_PFTC7_SITE1_(nogp)_0001,0.84,0.02,13.2,2715,NA,NA,NA,NA,NA,NA,NA,NA
14/12/2023,2000,1,W,1,ROOT_PFTC7_SITE1_(nogp)_0001,0.95,0.04,3.3,742,NA,NA,NA,NA,NA,NA,NA,NA
14/12/2023,2000,1,W,1,ROOT_PFTC7_SITE1_(nogp)_0001,1.05,0.08,1.2,305,NA,NA,NA,NA,NA,NA,NA,NA
14/12/2023,2000,1,W,1,ROOT_PFTC7_SITE1_(nogp)_0001,1.19,0.07,1.9,598,NA,NA,NA,NA,NA,NA,NA,NA
14/12/2023,2000,1,W,1,ROOT_PFTC7_SITE1_(nogp)_0001,1.32,0.11,1.2,418,NA,NA,NA,NA,NA,NA,NA,NA
14/12/2023,2000,1,W,1,ROOT_PFTC7_SITE1_(nogp)_0001,1.46,0.06,3.6,661,NA,NA,NA,NA,NA,NA,NA,NA
14/12/2023,2000,1,W,1,ROOT_PFTC7_SITE1_(nogp)_0001,1.55,0.03,20,390,NA,NA,NA,NA,NA,NA,NA,NA
14/12/2023,2000,1,W,1,ROOT_PFTC7_SITE1_(nogp)_0001,1.58,0.09,1.3,293,NA,NA,NA,NA,NA,NA,NA,NA
14/12/2023,2000,1,W,1,ROOT_PFTC7_SITE1_(nogp)_0001,1.72,0.12,1.7,1292,NA,NA,NA,NA,NA,NA,NA,NA
14/12/2023,2000,1,W,1,ROOT_PFTC7_SITE1_(nogp)_0001,1.89,0.07,2,491,NA,NA,NA,NA,NA,NA,NA,NA
14/12/2023,2000,1,W,1,ROOT_PFTC7_SITE1_(nogp)_0001,1.92,0.15,1,146,NA,NA,NA,NA,NA,NA,NA,NA
14/12/2023,2000,1,W,1,ROOT_PFTC7_SITE1_(nogp)_0001,2.06,0.11,1.5,373,NA,NA,NA,NA,NA,NA,NA,NA
14/12/2023,2000,1,W,1,ROOT_PFTC7_SITE1_(nogp)_0001,2.13,0.16,1.1,392,NA,NA,NA,NA,NA,NA,NA,NA
14/12/2023,2000,1,W,1,ROOT_PFTC7_SITE1_(nogp)_0001,2.18,0.09,2.9,495,NA,NA,NA,NA,NA,NA,NA,NA
14/12/2023,2000,1,W,1,ROOT_PFTC7_SITE1_(nogp)_0001,2.23,0.16,0.9,119,NA,NA,NA,NA,NA,NA,NA,NA
14/12/2023,2000,1,W,1,ROOT_PFTC7_SITE1_(nogp)_0001,2.24,0.09,1.4,205,1,5.5,15,3.86,47.65,63.02,0.061250397,0.034878468
14/12/2023,2000,1,W,1,ROOT_PFTC7_SITE1_(nogp)_0001,2.25,0.04,2.6,660,NA,NA,NA,NA,NA,NA,NA,NA
14/12/2023,2000,1,W,1,ROOT_PFTC7_SITE1_(nogp)_0001,2.35,0.09,3.9,1025,NA,NA,NA,NA,NA,NA,NA,NA
14/12/2023,2000,1,W,1,ROOT_PFTC7_SITE1_(nogp)_0001,2.61,0.03,29.9,1703,NA,NA,NA,NA,NA,NA,NA,NA
14/12/2023,2000,1,W,1,ROOT_PFTC7_SITE1_(nogp)_0001,2.7,0.15,0.9,175,NA,NA,NA,NA,NA,NA,NA,NA
14/12/2023,2000,1,W,1,ROOT_PFTC7_SITE1_(nogp)_0001,2.78,0.04,5,1224,NA,NA,NA,NA,NA,NA,NA,NA
14/12/2023,2000,1,W,1,ROOT_PFTC7_SITE1_(nogp)_0001,2.86,0.11,1.2,904,NA,NA,NA,NA,NA,NA,NA,NA
14/12/2023,2000,1,W,1,ROOT_PFTC7_SITE1_(nogp)_0001,2.96,0.05,3.4,704,NA,NA,NA,NA,NA,NA,NA,NA
14/12/2023,2000,1,W,1,ROOT_PFTC7_SITE1_(nogp)_0001,3.02,0.12,1.6,436,NA,NA,NA,NA,NA,NA,NA,NA
14/12/2023,2000,1,W,1,ROOT_PFTC7_SITE1_(nogp)_0001,3.08,0.06,1.5,547,NA,NA,NA,NA,NA,NA,NA,NA
14/12/2023,2000,1,W,1,ROOT_PFTC7_SITE1_(nogp)_0001,3.16,0.13,1.2,308,NA,NA,NA,NA,NA,NA,NA,NA
14/12/2023,2000,1,W,1,ROOT_PFTC7_SITE1_(nogp)_0001,3.31,0.08,1.9,747,NA,NA,NA,NA,NA,NA,NA,NA
14/12/2023,2000,1,W,1,ROOT_PFTC7_SITE1_(nogp)_0001,3.38,0.13,1.8,371,NA,NA,NA,NA,NA,NA,NA,NA
14/12/2023,2000,1,W,1,ROOT_PFTC7_SITE1_(nogp)_0001,3.62,0.09,3.3,2227,NA,NA,NA,NA,NA,NA,NA,NA
14/12/2023,2000,1,W,1,ROOT_PFTC7_SITE1_(nogp)_0001,3.72,0.01,21.7,1481,NA,NA,NA,NA,NA,NA,NA,NA
14/12/2023,2000,1,W,1,ROOT_PFTC7_SITE1_(nogp)_0001,3.76,0.08,3,890,NA,NA,NA,NA,NA,NA,NA,NA
14/12/2023,2000,1,W,1,ROOT_PFTC7_SITE1_(nogp)_0001,3.78,0.15,1.4,389,NA,NA,NA,NA,NA,NA,NA,NA
14/12/2023,2000,1,W,1,ROOT_PFTC7_SITE1_(nogp)_0001,3.95,0.06,4.7,1289,NA,NA,NA,NA,NA,NA,NA,NA
14/12/2023,2000,1,W,1,ROOT_PFTC7_SITE1_(nogp)_0001,4.15,0.03,30.5,1733,NA,NA,NA,NA,NA,NA,NA,NA
14/12/2023,2000,1,W,1,ROOT_PFTC7_SITE1_(nogp)_0001,4.33,0.05,2.2,432,NA,NA,NA,NA,NA,NA,NA,NA
14/12/2023,2000,1,W,1,ROOT_PFTC7_SITE1_(nogp)_0001,4.42,0.09,1.4,450,NA,NA,NA,NA,NA,NA,NA,NA
14/12/2023,2000,1,W,1,ROOT_PFTC7_SITE1_(nogp)_0001,4.48,0.06,2.5,481,NA,NA,NA,NA,NA,NA,NA,NA
14/12/2023,2000,1,W,1,ROOT_PFTC7_SITE1_(nogp)_0001,4.68,0.05,1.9,359,2,8.5,9,3.14,229.84,147.95,0.021223386,0.008311496
14/12/2023,2000,1,W,1,ROOT_PFTC7_SITE1_(nogp)_0001,4.74,0.1,1.4,586,NA,NA,NA,NA,NA,NA,NA,NA
14/12/2023,2000,1,W,1,ROOT_PFTC7_SITE1_(nogp)_0001,5.07,0.09,1.1,190,NA,NA,NA,NA,NA,NA,NA,NA
14/12/2023,2000,1,W,1,ROOT_PFTC7_SITE1_(nogp)_0001,5.26,0.1,2.7,1248,NA,NA,NA,NA,NA,NA,NA,NA
14/12/2023,2000,1,W,1,ROOT_PFTC7_SITE1_(nogp)_0001,5.3,0.05,2.7,1888,NA,NA,NA,NA,NA,NA,NA,NA
14/12/2023,2000,1,W,1,ROOT_PFTC7_SITE1_(nogp)_0001,5.49,0.05,3.8,372,NA,NA,NA,NA,NA,NA,NA,NA
14/12/2023,2000,1,W,1,ROOT_PFTC7_SITE1_(nogp)_0001,5.71,0.1,1.1,379,NA,NA,NA,NA,NA,NA,NA,NA
14/12/2023,2000,1,W,1,ROOT_PFTC7_SITE1_(nogp)_0001,5.94,0.06,2.8,441,NA,NA,NA,NA,NA,NA,NA,NA
14/12/2023,2000,1,W,1,ROOT_PFTC7_SITE1_(nogp)_0001,6.29,0.1,1.4,317,NA,NA,NA,NA,NA,NA,NA,NA
14/12/2023,2000,1,W,1,ROOT_PFTC7_SITE1_(nogp)_0001,6.42,0.17,0.8,106,NA,NA,NA,NA,NA,NA,NA,NA
14/12/2023,2000,1,W,1,ROOT_PFTC7_SITE1_(nogp)_0001,6.53,0.08,1.9,1063,NA,NA,NA,NA,NA,NA,NA,NA
14/12/2023,2000,1,W,1,ROOT_PFTC7_SITE1_(nogp)_0001,6.75,0.08,2.3,923,3,7.5,60,2.55,185.09,133.18,0.019147019,0.008012065
14/12/2023,2000,1,W,1,ROOT_PFTC7_SITE1_(nogp)_0001,6.9,0.08,2.2,752,NA,NA,NA,NA,NA,NA,NA,NA
14/12/2023,2000,1,W,1,ROOT_PFTC7_SITE1_(nogp)_0001,6.96,0.12,1.2,270,NA,NA,NA,NA,NA,NA,NA,NA
14/12/2023,2000,1,W,1,ROOT_PFTC7_SITE1_(nogp)_0001,7.02,0.07,1.1,188,NA,NA,NA,NA,NA,NA,NA,NA
14/12/2023,2000,1,W,1,ROOT_PFTC7_SITE1_(nogp)_0001,7.08,0.14,1.1,165,NA,NA,NA,NA,NA,NA,NA,NA
14/12/2023,2000,1,W,1,ROOT_PFTC7_SITE1_(nogp)_0001,7.26,0.07,2.3,1058,NA,NA,NA,NA,NA,NA,NA,NA
14/12/2023,2000,1,W,1,ROOT_PFTC7_SITE1_(nogp)_0001,7.33,0.11,1.1,395,NA,NA,NA,NA,NA,NA,NA,NA
14/12/2023,2000,1,W,1,ROOT_PFTC7_SITE1_(nogp)_0001,7.61,0.07,0.9,155,4,7.5,13,5.16,144.09,95.99,0.0537556,0.021492836
14/12/2023,2000,1,W,1,ROOT_PFTC7_SITE1_(nogp)_0001,7.79,0.06,2.7,1243,NA,NA,NA,NA,NA,NA,NA,NA
14/12/2023,2000,1,W,1,ROOT_PFTC7_SITE1_(nogp)_0001,7.8,0.13,1.1,194,NA,NA,NA,NA,NA,NA,NA,NA
14/12/2023,2000,1,W,1,ROOT_PFTC7_SITE1_(nogp)_0001,8.02,0.11,1.4,132,NA,NA,NA,NA,NA,NA,NA,NA
14/12/2023,2000,1,W,1,ROOT_PFTC7_SITE1_(nogp)_0001,8.08,0.16,0.9,127,NA,NA,NA,NA,NA,NA,NA,NA
14/12/2023,2000,1,W,1,ROOT_PFTC7_SITE1_(nogp)_0001,8.13,0.13,1,173,NA,NA,NA,NA,NA,NA,NA,NA
14/12/2023,2000,1,W,1,ROOT_PFTC7_SITE1_(nogp)_0001,8.18,0.05,12.8,1416,NA,NA,NA,NA,NA,NA,NA,NA
14/12/2023,2000,1,W,1,ROOT_PFTC7_SITE1_(nogp)_0001,8.26,0.04,1.3,111,NA,NA,NA,NA,NA,NA,NA,NA
14/12/2023,2000,1,W,1,ROOT_PFTC7_SITE1_(nogp)_0001,8.38,0.1,1.2,237,NA,NA,NA,NA,NA,NA,NA,NA
14/12/2023,2000,1,W,1,ROOT_PFTC7_SITE1_(nogp)_0001,8.49,0.09,2.3,576,NA,NA,NA,NA,NA,NA,NA,NA
14/12/2023,2000,1,W,1,ROOT_PFTC7_SITE1_(nogp)_0001,8.59,0.03,12.1,1202,NA,NA,NA,NA,NA,NA,NA,NA
14/12/2023,2000,1,W,1,ROOT_PFTC7_SITE1_(nogp)_0001,8.67,0.05,3.2,344,NA,NA,NA,NA,NA,NA,NA,NA
14/12/2023,2000,1,W,1,ROOT_PFTC7_SITE1_(nogp)_0001,8.78,0.08,2,346,NA,NA,NA,NA,NA,NA,NA,NA
14/12/2023,2000,1,W,1,ROOT_PFTC7_SITE1_(nogp)_0001,8.89,0.06,1.9,573,NA,NA,NA,NA,NA,NA,NA,NA
14/12/2023,2000,1,W,1,ROOT_PFTC7_SITE1_(nogp)_0001,9.11,0.05,8.6,1764,5,7,17,3.72,152.86,125.01,0.029757619,0.013387555
14/12/2023,2000,1,W,1,ROOT_PFTC7_SITE1_(nogp)_0001,9.2,0.11,1.8,670,NA,NA,NA,NA,NA,NA,NA,NA
14/12/2023,2000,1,W,1,ROOT_PFTC7_SITE1_(nogp)_0001,9.31,0.13,1.2,317,NA,NA,NA,NA,NA,NA,NA,NA
14/12/2023,2000,1,W,1,ROOT_PFTC7_SITE1_(nogp)_0001,9.39,0.11,2.1,883,NA,NA,NA,NA,NA,NA,NA,NA
14/12/2023,2000,1,W,1,ROOT_PFTC7_SITE1_(nogp)_0001,9.68,0.08,2.1,933,NA,NA,NA,NA,NA,NA,NA,NA
14/12/2023,2000,1,W,1,ROOT_PFTC7_SITE1_(nogp)_0001,9.8,0.17,1.1,236,NA,NA,NA,NA,NA,NA,NA,NA
14/12/2023,2000,1,W,1,ROOT_PFTC7_SITE1_(nogp)_0001,9.84,0.11,1.7,620,NA,NA,NA,NA,NA,NA,NA,NA
14/12/2023,2000,1,W,1,ROOT_PFTC7_SITE1_(nogp)_0001,10.01,0.09,2.7,691,6,4,7,5.54,26.51,44.85,0.123522854,0.077634529
14/12/2023,2000,1,W,1,ROOT_PFTC7_SITE1_(nogp)_0001,10.3,0.15,0.9,158,NA,NA,NA,NA,NA,NA,NA,NA
14/12/2023,2000,1,W,1,ROOT_PFTC7_SITE1_(nogp)_0001,10.43,0.05,4.8,1099,NA,NA,NA,NA,NA,NA,NA,NA
14/12/2023,2000,1,W,1,ROOT_PFTC7_SITE1_(nogp)_0001,10.58,0.12,1.5,426,NA,NA,NA,NA,NA,NA,NA,NA
14/12/2023,2000,1,W,1,ROOT_PFTC7_SITE1_(nogp)_0001,10.61,0.05,1.9,543,NA,NA,NA,NA,NA,NA,NA,NA
14/12/2023,2000,1,W,1,ROOT_PFTC7_SITE1_(nogp)_0001,10.7,0.1,1.8,325,7,7,20,7.37,83.64,93.8,0.078571429,0.041535167
14/12/2023,2000,1,W,1,ROOT_PFTC7_SITE1_(nogp)_0001,10.78,0.09,2.6,600,NA,NA,NA,NA,NA,NA,NA,NA
14/12/2023,2000,1,W,1,ROOT_PFTC7_SITE1_(nogp)_0001,10.97,0.06,9.1,3832,NA,NA,NA,NA,NA,NA,NA,NA
14/12/2023,2000,1,W,1,ROOT_PFTC7_SITE1_(nogp)_0001,11.16,0.06,1.5,79,NA,NA,NA,NA,NA,NA,NA,NA
14/12/2023,2000,1,W,1,ROOT_PFTC7_SITE1_(nogp)_0001,11.29,0.07,3,506,NA,NA,NA,NA,NA,NA,NA,NA
14/12/2023,2000,1,W,1,ROOT_PFTC7_SITE1_(nogp)_0001,11.46,0.08,1.5,592,NA,NA,NA,NA,NA,NA,NA,NA
14/12/2023,2000,1,W,1,ROOT_PFTC7_SITE1_(nogp)_0001,11.58,0.08,1.9,354,NA,NA,NA,NA,NA,NA,NA,NA
14/12/2023,2000,1,W,1,ROOT_PFTC7_SITE1_(nogp)_0001,11.7,0.1,1.7,657,NA,NA,NA,NA,NA,NA,NA,NA
14/12/2023,2000,1,W,1,ROOT_PFTC7_SITE1_(nogp)_0001,11.93,0.07,3.2,1766,NA,NA,NA,NA,NA,NA,NA,NA
14/12/2023,2000,1,W,1,ROOT_PFTC7_SITE1_(nogp)_0001,12.08,0.1,1.2,395,NA,NA,NA,NA,NA,NA,NA,NA
14/12/2023,2000,1,W,1,ROOT_PFTC7_SITE1_(nogp)_0001,12.17,0.02,21,895,NA,NA,NA,NA,NA,NA,NA,NA
14/12/2023,2000,1,W,1,ROOT_PFTC7_SITE1_(nogp)_0001,12.22,0.11,2.4,543,NA,NA,NA,NA,NA,NA,NA,NA
14/12/2023,2000,1,W,1,ROOT_PFTC7_SITE1_(nogp)_0001,12.42,0.12,1.7,402,NA,NA,NA,NA,NA,NA,NA,NA
14/12/2023,2000,1,W,1,ROOT_PFTC7_SITE1_(nogp)_0001,12.47,0.05,3,1069,NA,NA,NA,NA,NA,NA,NA,NA
14/12/2023,2000,1,W,1,ROOT_PFTC7_SITE1_(nogp)_0001,12.62,0.11,1.5,728,NA,NA,NA,NA,NA,NA,NA,NA
14/12/2023,2000,1,W,1,ROOT_PFTC7_SITE1_(nogp)_0001,12.84,0.1,2.1,1631,NA,NA,NA,NA,NA,NA,NA,NA
14/12/2023,2000,1,W,1,ROOT_PFTC7_SITE1_(nogp)_0001,12.95,0.05,34.3,2159,NA,NA,NA,NA,NA,NA,NA,NA
14/12/2023,2000,1,W,1,ROOT_PFTC7_SITE1_(nogp)_0001,13.24,0.1,2.1,822,NA,NA,NA,NA,NA,NA,NA,NA
14/12/2023,2000,1,W,1,ROOT_PFTC7_SITE1_(nogp)_0001,13.45,0.07,1.6,134,NA,NA,NA,NA,NA,NA,NA,NA
14/12/2023,2000,1,W,1,ROOT_PFTC7_SITE1_(nogp)_0001,13.61,0.07,2.4,733,NA,NA,NA,NA,NA,NA,NA,NA
14/12/2023,2000,1,W,1,ROOT_PFTC7_SITE1_(nogp)_0001,13.72,0.03,23.3,400,NA,NA,NA,NA,NA,NA,NA,NA
14/12/2023,2000,1,W,1,ROOT_PFTC7_SITE1_(nogp)_0001,13.79,0.11,1.7,918,NA,NA,NA,NA,NA,NA,NA,NA
14/12/2023,2000,1,W,1,ROOT_PFTC7_SITE1_(nogp)_0001,13.98,0.11,1.6,230,NA,NA,NA,NA,NA,NA,NA,NA
14/12/2023,2000,1,W,1,ROOT_PFTC7_SITE1_(nogp)_0001,14.01,0.15,1,328,NA,NA,NA,NA,NA,NA,NA,NA
14/12/2023,2000,1,W,1,ROOT_PFTC7_SITE1_(nogp)_0001,14.08,0.07,1.3,197,NA,NA,NA,NA,NA,NA,NA,NA
14/12/2023,2000,1,W,1,ROOT_PFTC7_SITE1_(nogp)_0001,14.1,0.12,0.9,132,NA,NA,NA,NA,NA,NA,NA,NA
14/12/2023,2000,1,W,1,ROOT_PFTC7_SITE1_(nogp)_0001,14.14,0.04,3.7,325,NA,NA,NA,NA,NA,NA,NA,NA
14/12/2023,2000,1,W,1,ROOT_PFTC7_SITE1_(nogp)_0001,14.18,0.09,1.5,261,NA,NA,NA,NA,NA,NA,NA,NA
14/12/2023,2000,1,W,1,ROOT_PFTC7_SITE1_(nogp)_0001,14.29,0.1,1.3,521,NA,NA,NA,NA,NA,NA,NA,NA
14/12/2023,2000,1,W,1,ROOT_PFTC7_SITE1_(nogp)_0001,14.37,0.09,1.1,169,NA,NA,NA,NA,NA,NA,NA,NA
14/12/2023,2000,1,W,1,ROOT_PFTC7_SITE1_(nogp)_0001,14.48,0.05,5.3,757,8,5.5,14,5.29,48.56,74.71,0.070807121,0.042913929
14/12/2023,2000,1,W,1,ROOT_PFTC7_SITE1_(nogp)_0001,14.55,0.12,1.2,267,NA,NA,NA,NA,NA,NA,NA,NA
14/12/2023,2000,1,W,1,ROOT_PFTC7_SITE1_(nogp)_0001,14.6,0.03,6,1084,NA,NA,NA,NA,NA,NA,NA,NA
14/12/2023,2000,1,W,1,ROOT_PFTC7_SITE1_(nogp)_0001,14.63,0.09,2,790,NA,NA,NA,NA,NA,NA,NA,NA
14/12/2023,2000,1,W,1,ROOT_PFTC7_SITE1_(nogp)_0001,14.8,0.04,3.8,679,NA,NA,NA,NA,NA,NA,NA,NA
14/12/2023,2000,1,W,1,ROOT_PFTC7_SITE1_(nogp)_0001,15,0.11,1.1,346,NA,NA,NA,NA,NA,NA,NA,NA
14/12/2023,2000,1,W,1,ROOT_PFTC7_SITE1_(nogp)_0001,15.1,0.13,0.9,138,NA,NA,NA,NA,NA,NA,NA,NA
14/12/2023,2000,1,W,1,ROOT_PFTC7_SITE1_(nogp)_0001,15.19,0.07,1.1,207,NA,NA,NA,NA,NA,NA,NA,NA
14/12/2023,2000,1,W,1,ROOT_PFTC7_SITE1_(nogp)_0001,15.4,0.11,1.5,263,NA,NA,NA,NA,NA,NA,NA,NA
14/12/2023,2000,1,W,1,ROOT_PFTC7_SITE1_(nogp)_0001,15.51,0.09,1.7,520,NA,NA,NA,NA,NA,NA,NA,NA
14/12/2023,2000,1,W,1,ROOT_PFTC7_SITE1_(nogp)_0001,15.77,0.11,1.6,800,NA,NA,NA,NA,NA,NA,NA,NA
14/12/2023,2000,1,W,1,ROOT_PFTC7_SITE1_(nogp)_0001,15.96,0.1,1.4,684,NA,NA,NA,NA,NA,NA,NA,NA
14/12/2023,2000,1,W,1,ROOT_PFTC7_SITE1_(nogp)_0001,16.01,0.02,15.3,2820,NA,NA,NA,NA,NA,NA,NA,NA
14/12/2023,2000,1,W,1,ROOT_PFTC7_SITE1_(nogp)_0001,16.09,0.15,1.2,212,NA,NA,NA,NA,NA,NA,NA,NA
14/12/2023,2000,1,W,1,ROOT_PFTC7_SITE1_(nogp)_0001,16.1,0.08,3.6,1271,NA,NA,NA,NA,NA,NA,NA,NA
14/12/2023,2000,1,W,1,ROOT_PFTC7_SITE1_(nogp)_0001,16.2,0.05,2.6,402,NA,NA,NA,NA,NA,NA,NA,NA
14/12/2023,2000,1,W,1,ROOT_PFTC7_SITE1_(nogp)_0001,16.36,0.08,2.9,877,NA,NA,NA,NA,NA,NA,NA,NA
14/12/2023,2000,1,W,1,ROOT_PFTC7_SITE1_(nogp)_0001,16.42,0.12,1.2,308,NA,NA,NA,NA,NA,NA,NA,NA
14/12/2023,2000,1,W,1,ROOT_PFTC7_SITE1_(nogp)_0001,16.6,0.09,1.2,261,NA,NA,NA,NA,NA,NA,NA,NA
14/12/2023,2000,1,W,1,ROOT_PFTC7_SITE1_(nogp)_0001,16.81,0.05,28.3,4563,NA,NA,NA,NA,NA,NA,NA,NA
14/12/2023,2000,1,W,1,ROOT_PFTC7_SITE1_(nogp)_0001,17.1,0.07,1.4,179,NA,NA,NA,NA,NA,NA,NA,NA
14/12/2023,2000,1,W,1,ROOT_PFTC7_SITE1_(nogp)_0001,17.2,0.06,1.8,353,9,9,14,2.35,243.68,123.38,0.019046847,0.006402223
14/12/2023,2000,1,W,1,ROOT_PFTC7_SITE1_(nogp)_0001,17.45,0.04,15.5,2048,NA,NA,NA,NA,NA,NA,NA,NA
14/12/2023,2000,1,W,1,ROOT_PFTC7_SITE1_(nogp)_0001,17.55,0.06,5.7,616,NA,NA,NA,NA,NA,NA,NA,NA
14/12/2023,2000,1,W,1,ROOT_PFTC7_SITE1_(nogp)_0001,17.74,0.04,11.3,1749,NA,NA,NA,NA,NA,NA,NA,NA
14/12/2023,2000,1,W,1,ROOT_PFTC7_SITE1_(nogp)_0001,17.85,0.06,4.5,685,NA,NA,NA,NA,NA,NA,NA,NA
14/12/2023,2000,1,W,1,ROOT_PFTC7_SITE1_(nogp)_0001,17.93,0.06,1.7,83,NA,NA,NA,NA,NA,NA,NA,NA
14/12/2023,2000,1,W,1,ROOT_PFTC7_SITE1_(nogp)_0001,18,0.07,1.6,155,NA,NA,NA,NA,NA,NA,NA,NA
14/12/2023,2000,1,W,1,ROOT_PFTC7_SITE1_(nogp)_0001,18.08,0.05,7.4,866,10,7,26,0.55,247.01,110.86,0.004961212,0.001536871
14/12/2023,2000,1,W,1,ROOT_PFTC7_SITE1_(nogp)_0001,18.28,0.08,1.4,221,NA,NA,NA,NA,NA,NA,NA,NA
14/12/2023,2000,1,W,1,ROOT_PFTC7_SITE1_(nogp)_0001,18.7,0.09,1.6,326,NA,NA,NA,NA,NA,NA,NA,NA
14/12/2023,2000,1,W,1,ROOT_PFTC7_SITE1_(nogp)_0001,18.76,0.05,5.6,1514,NA,NA,NA,NA,NA,NA,NA,NA
14/12/2023,2000,1,W,1,ROOT_PFTC7_SITE1_(nogp)_0001,19.02,0.06,2.3,274,NA,NA,NA,NA,NA,NA,NA,NA
14/12/2023,2000,1,W,1,ROOT_PFTC7_SITE1_(nogp)_0001,19.07,0.02,10.5,408,NA,NA,NA,NA,NA,NA,NA,NA
14/12/2023,2000,1,W,1,ROOT_PFTC7_SITE1_(nogp)_0001,19.14,0.07,1.9,497,NA,NA,NA,NA,NA,NA,NA,NA
14/12/2023,2000,1,W,1,ROOT_PFTC7_SITE1_(nogp)_0001,19.18,0.04,6.3,2143,NA,NA,NA,NA,NA,NA,NA,NA
14/12/2023,2000,1,W,1,ROOT_PFTC7_SITE1_(nogp)_0001,19.3,0.13,1.4,319,NA,NA,NA,NA,NA,NA,NA,NA
14/12/2023,2000,1,W,1,ROOT_PFTC7_SITE1_(nogp)_0001,19.48,0.04,5.7,973,NA,NA,NA,NA,NA,NA,NA,NA
14/12/2023,2000,1,W,1,ROOT_PFTC7_SITE1_(nogp)_0001,19.7,0.07,3.6,668,NA,NA,NA,NA,NA,NA,NA,NA
14/12/2023,2000,1,W,2,ROOT_PFTC7_SITE1_(nogp)_0002,0.06,0.07,3.7,1211,NA,NA,NA,NA,NA,NA,NA,NA
14/12/2023,2000,1,W,2,ROOT_PFTC7_SITE1_(nogp)_0002,0.14,0.07,2.3,580,NA,NA,NA,NA,NA,NA,NA,NA
14/12/2023,2000,1,W,2,ROOT_PFTC7_SITE1_(nogp)_0002,0.34,0.03,22.1,2212,NA,NA,NA,NA,NA,NA,NA,NA
14/12/2023,2000,1,W,2,ROOT_PFTC7_SITE1_(nogp)_0002,0.47,0.09,1.3,152,NA,NA,NA,NA,NA,NA,NA,NA
14/12/2023,2000,1,W,2,ROOT_PFTC7_SITE1_(nogp)_0002,0.58,0.1,4.2,1495,NA,NA,NA,NA,NA,NA,NA,NA
14/12/2023,2000,1,W,2,ROOT_PFTC7_SITE1_(nogp)_0002,0.69,0.08,3.8,844,NA,NA,NA,NA,NA,NA,NA,NA
14/12/2023,2000,1,W,2,ROOT_PFTC7_SITE1_(nogp)_0002,1.06,0.09,1.8,394,1,10,30,4.85,128.53,122.72,0.03952086,0.019303483
14/12/2023,2000,1,W,2,ROOT_PFTC7_SITE1_(nogp)_0002,1.2,0.04,8,346,NA,NA,NA,NA,NA,NA,NA,NA
14/12/2023,2000,1,W,2,ROOT_PFTC7_SITE1_(nogp)_0002,1.24,0.09,2.9,622,NA,NA,NA,NA,NA,NA,NA,NA
14/12/2023,2000,1,W,2,ROOT_PFTC7_SITE1_(nogp)_0002,1.32,0.12,5.5,771,NA,NA,NA,NA,NA,NA,NA,NA
14/12/2023,2000,1,W,2,ROOT_PFTC7_SITE1_(nogp)_0002,1.46,0.1,18.2,3628,NA,NA,NA,NA,NA,NA,NA,NA
14/12/2023,2000,1,W,2,ROOT_PFTC7_SITE1_(nogp)_0002,1.55,0.06,7.6,736,NA,NA,NA,NA,NA,NA,NA,NA
14/12/2023,2000,1,W,2,ROOT_PFTC7_SITE1_(nogp)_0002,1.8,0.12,3,383,NA,NA,NA,NA,NA,NA,NA,NA
14/12/2023,2000,1,W,2,ROOT_PFTC7_SITE1_(nogp)_0002,1.83,0.04,35.9,4624,NA,NA,NA,NA,NA,NA,NA,NA
14/12/2023,2000,1,W,2,ROOT_PFTC7_SITE1_(nogp)_0002,2,0.12,1.4,409,NA,NA,NA,NA,NA,NA,NA,NA
14/12/2023,2000,1,W,2,ROOT_PFTC7_SITE1_(nogp)_0002,2.4,0.11,2,958,NA,NA,NA,NA,NA,NA,NA,NA
14/12/2023,2000,1,W,2,ROOT_PFTC7_SITE1_(nogp)_0002,2.58,0.08,2.4,1556,NA,NA,NA,NA,NA,NA,NA,NA
14/12/2023,2000,1,W,2,ROOT_PFTC7_SITE1_(nogp)_0002,2.82,0.11,3.5,2115,NA,NA,NA,NA,NA,NA,NA,NA
14/12/2023,2000,1,W,2,ROOT_PFTC7_SITE1_(nogp)_0002,2.94,0.06,5.3,1311,NA,NA,NA,NA,NA,NA,NA,NA
14/12/2023,2000,1,W,2,ROOT_PFTC7_SITE1_(nogp)_0002,3.2,0.1,1.5,455,NA,NA,NA,NA,NA,NA,NA,NA
14/12/2023,2000,1,W,2,ROOT_PFTC7_SITE1_(nogp)_0002,3.26,0.02,9.4,776,NA,NA,NA,NA,NA,NA,NA,NA
14/12/2023,2000,1,W,2,ROOT_PFTC7_SITE1_(nogp)_0002,3.33,0.07,2.7,775,2,9,18,5.3,146.04,136.31,0.03888196,0.018771029
14/12/2023,2000,1,W,2,ROOT_PFTC7_SITE1_(nogp)_0002,3.45,0.07,3.2,459,NA,NA,NA,NA,NA,NA,NA,NA
14/12/2023,2000,1,W,2,ROOT_PFTC7_SITE1_(nogp)_0002,3.86,0.05,39.5,2274,NA,NA,NA,NA,NA,NA,NA,NA
14/12/2023,2000,1,W,2,ROOT_PFTC7_SITE1_(nogp)_0002,4,0.09,2.6,1141,NA,NA,NA,NA,NA,NA,NA,NA
14/12/2023,2000,1,W,2,ROOT_PFTC7_SITE1_(nogp)_0002,4.13,0.13,1.2,328,NA,NA,NA,NA,NA,NA,NA,NA
14/12/2023,2000,1,W,2,ROOT_PFTC7_SITE1_(nogp)_0002,4.21,0.07,3,479,3,5,7,3.16,82.14,81.19,0.038921049,0.019347334
14/12/2023,2000,1,W,2,ROOT_PFTC7_SITE1_(nogp)_0002,4.29,0.1,2.7,817,NA,NA,NA,NA,NA,NA,NA,NA
14/12/2023,2000,1,W,2,ROOT_PFTC7_SITE1_(nogp)_0002,4.39,0.03,26.8,493,NA,NA,NA,NA,NA,NA,NA,NA
14/12/2023,2000,1,W,2,ROOT_PFTC7_SITE1_(nogp)_0002,4.51,0.08,3.4,817,NA,NA,NA,NA,NA,NA,NA,NA
14/12/2023,2000,1,W,2,ROOT_PFTC7_SITE1_(nogp)_0002,4.72,0.1,8.1,921,NA,NA,NA,NA,NA,NA,NA,NA
14/12/2023,2000,1,W,2,ROOT_PFTC7_SITE1_(nogp)_0002,4.98,0.09,2,935,NA,NA,NA,NA,NA,NA,NA,NA
14/12/2023,2000,1,W,2,ROOT_PFTC7_SITE1_(nogp)_0002,5.04,0.03,20.1,3415,NA,NA,NA,NA,NA,NA,NA,NA
14/12/2023,2000,1,W,2,ROOT_PFTC7_SITE1_(nogp)_0002,5.11,0.09,8.7,997,NA,NA,NA,NA,NA,NA,NA,NA
14/12/2023,2000,1,W,2,ROOT_PFTC7_SITE1_(nogp)_0002,5.19,0.08,1.5,144,NA,NA,NA,NA,NA,NA,NA,NA
14/12/2023,2000,1,W,2,ROOT_PFTC7_SITE1_(nogp)_0002,5.31,0.1,2.9,1211,NA,NA,NA,NA,NA,NA,NA,NA
14/12/2023,2000,1,W,2,ROOT_PFTC7_SITE1_(nogp)_0002,5.56,0.1,1.6,316,NA,NA,NA,NA,NA,NA,NA,NA
14/12/2023,2000,1,W,2,ROOT_PFTC7_SITE1_(nogp)_0002,5.87,0.07,4.8,2008,NA,NA,NA,NA,NA,NA,NA,NA
14/12/2023,2000,1,W,2,ROOT_PFTC7_SITE1_(nogp)_0002,5.92,0.12,1.6,240,NA,NA,NA,NA,NA,NA,NA,NA
14/12/2023,2000,1,W,2,ROOT_PFTC7_SITE1_(nogp)_0002,6.01,0.06,2.9,565,NA,NA,NA,NA,NA,NA,NA,NA
14/12/2023,2000,1,W,2,ROOT_PFTC7_SITE1_(nogp)_0002,6.4,0.08,1.3,209,NA,NA,NA,NA,NA,NA,NA,NA
14/12/2023,2000,1,W,2,ROOT_PFTC7_SITE1_(nogp)_0002,6.46,0.03,24.8,1921,4,12,47,4.82,303.02,87.53,0.055066834,0.01234157
14/12/2023,2000,1,W,2,ROOT_PFTC7_SITE1_(nogp)_0002,6.53,0.09,1.4,173,NA,NA,NA,NA,NA,NA,NA,NA
14/12/2023,2000,1,W,2,ROOT_PFTC7_SITE1_(nogp)_0002,6.7,0.06,4.2,1377,NA,NA,NA,NA,NA,NA,NA,NA
14/12/2023,2000,1,W,2,ROOT_PFTC7_SITE1_(nogp)_0002,6.88,0.07,3.3,571,NA,NA,NA,NA,NA,NA,NA,NA
14/12/2023,2000,1,W,2,ROOT_PFTC7_SITE1_(nogp)_0002,7.04,0.06,2.6,651,5,8,12,7.73,71.56,69.58,0.111095142,0.054768315
14/12/2023,2000,1,W,2,ROOT_PFTC7_SITE1_(nogp)_0002,7.27,0.09,3.1,1544,NA,NA,NA,NA,NA,NA,NA,NA
14/12/2023,2000,1,W,2,ROOT_PFTC7_SITE1_(nogp)_0002,7.51,0.04,16.2,1695,NA,NA,NA,NA,NA,NA,NA,NA
14/12/2023,2000,1,W,2,ROOT_PFTC7_SITE1_(nogp)_0002,7.54,0.08,1.1,208,NA,NA,NA,NA,NA,NA,NA,NA
14/12/2023,2000,1,W,2,ROOT_PFTC7_SITE1_(nogp)_0002,7.92,0.08,4.4,442,NA,NA,NA,NA,NA,NA,NA,NA
14/12/2023,2000,1,W,2,ROOT_PFTC7_SITE1_(nogp)_0002,8,0.13,1.5,258,NA,NA,NA,NA,NA,NA,NA,NA
14/12/2023,2000,1,W,2,ROOT_PFTC7_SITE1_(nogp)_0002,8.16,0.1,4.3,2161,NA,NA,NA,NA,NA,NA,NA,NA
14/12/2023,2000,1,W,2,ROOT_PFTC7_SITE1_(nogp)_0002,8.25,0.13,1.9,459,NA,NA,NA,NA,NA,NA,NA,NA
14/12/2023,2000,1,W,2,ROOT_PFTC7_SITE1_(nogp)_0002,8.35,0.05,7.5,861,NA,NA,NA,NA,NA,NA,NA,NA
14/12/2023,2000,1,W,2,ROOT_PFTC7_SITE1_(nogp)_0002,8.39,0.14,1.4,294,NA,NA,NA,NA,NA,NA,NA,NA
14/12/2023,2000,1,W,2,ROOT_PFTC7_SITE1_(nogp)_0002,8.45,0.11,1.7,238,NA,NA,NA,NA,NA,NA,NA,NA
14/12/2023,2000,1,W,2,ROOT_PFTC7_SITE1_(nogp)_0002,8.57,0.05,2.1,497,NA,NA,NA,NA,NA,NA,NA,NA
14/12/2023,2000,1,W,2,ROOT_PFTC7_SITE1_(nogp)_0002,8.64,0.1,1.8,341,NA,NA,NA,NA,NA,NA,NA,NA
14/12/2023,2000,1,W,2,ROOT_PFTC7_SITE1_(nogp)_0002,8.69,0.02,28.9,2510,NA,NA,NA,NA,NA,NA,NA,NA
14/12/2023,2000,1,W,2,ROOT_PFTC7_SITE1_(nogp)_0002,8.79,0.08,3.1,929,NA,NA,NA,NA,NA,NA,NA,NA
14/12/2023,2000,1,W,2,ROOT_PFTC7_SITE1_(nogp)_0002,9.06,0.13,1.2,306,NA,NA,NA,NA,NA,NA,NA,NA
14/12/2023,2000,1,W,2,ROOT_PFTC7_SITE1_(nogp)_0002,9.16,0.09,1.4,319,NA,NA,NA,NA,NA,NA,NA,NA
14/12/2023,2000,1,W,2,ROOT_PFTC7_SITE1_(nogp)_0002,9.28,0.06,10.1,1579,NA,NA,NA,NA,NA,NA,NA,NA
14/12/2023,2000,1,W,2,ROOT_PFTC7_SITE1_(nogp)_0002,9.4,0.07,3,651,NA,NA,NA,NA,NA,NA,NA,NA
14/12/2023,2000,1,W,2,ROOT_PFTC7_SITE1_(nogp)_0002,9.57,0.06,2.1,292,NA,NA,NA,NA,NA,NA,NA,NA
14/12/2023,2000,1,W,2,ROOT_PFTC7_SITE1_(nogp)_0002,9.79,0.06,2.4,210,NA,NA,NA,NA,NA,NA,NA,NA
14/12/2023,2000,1,W,2,ROOT_PFTC7_SITE1_(nogp)_0002,9.8,0.11,1.1,133,NA,NA,NA,NA,NA,NA,NA,NA
14/12/2023,2000,1,W,2,ROOT_PFTC7_SITE1_(nogp)_0002,10.01,0.03,1.7,68,NA,NA,NA,NA,NA,NA,NA,NA
14/12/2023,2000,1,W,2,ROOT_PFTC7_SITE1_(nogp)_0002,10.09,0.05,28.2,1286,NA,NA,NA,NA,NA,NA,NA,NA
14/12/2023,2000,1,W,2,ROOT_PFTC7_SITE1_(nogp)_0002,10.25,0.07,41.5,4229,NA,NA,NA,NA,NA,NA,NA,NA
14/12/2023,2000,1,W,2,ROOT_PFTC7_SITE1_(nogp)_0002,10.37,0.07,2.1,322,NA,NA,NA,NA,NA,NA,NA,NA
14/12/2023,2000,1,W,2,ROOT_PFTC7_SITE1_(nogp)_0002,10.49,0.05,5.8,1032,NA,NA,NA,NA,NA,NA,NA,NA
14/12/2023,2000,1,W,2,ROOT_PFTC7_SITE1_(nogp)_0002,10.64,0.08,2.1,439,NA,NA,NA,NA,NA,NA,NA,NA
14/12/2023,2000,1,W,2,ROOT_PFTC7_SITE1_(nogp)_0002,10.77,0.06,1.8,125,NA,NA,NA,NA,NA,NA,NA,NA
14/12/2023,2000,1,W,2,ROOT_PFTC7_SITE1_(nogp)_0002,10.99,0.09,2.4,618,6,10,15,8.01,182.19,147.39,0.054345614,0.024303659
14/12/2023,2000,1,W,2,ROOT_PFTC7_SITE1_(nogp)_0002,11.15,0.11,1.5,435,NA,NA,NA,NA,NA,NA,NA,NA
14/12/2023,2000,1,W,2,ROOT_PFTC7_SITE1_(nogp)_0002,11.15,0.04,2.7,519,NA,NA,NA,NA,NA,NA,NA,NA
14/12/2023,2000,1,W,2,ROOT_PFTC7_SITE1_(nogp)_0002,11.24,0.03,15.5,1488,NA,NA,NA,NA,NA,NA,NA,NA
14/12/2023,2000,1,W,2,ROOT_PFTC7_SITE1_(nogp)_0002,11.65,0.09,2.4,296,NA,NA,NA,NA,NA,NA,NA,NA
14/12/2023,2000,1,W,2,ROOT_PFTC7_SITE1_(nogp)_0002,12.03,0.08,1.6,359,NA,NA,NA,NA,NA,NA,NA,NA
14/12/2023,2000,1,W,2,ROOT_PFTC7_SITE1_(nogp)_0002,12.22,0.06,1.5,216,7,12,45,0.52,301.23,117.17,0.004437996,0.00124283
14/12/2023,2000,1,W,2,ROOT_PFTC7_SITE1_(nogp)_0002,12.36,0.07,21.8,1267,NA,NA,NA,NA,NA,NA,NA,NA
14/12/2023,2000,1,W,2,ROOT_PFTC7_SITE1_(nogp)_0002,12.52,0.09,1.5,155,NA,NA,NA,NA,NA,NA,NA,NA
14/12/2023,2000,1,W,2,ROOT_PFTC7_SITE1_(nogp)_0002,12.73,0.07,2.4,257,NA,NA,NA,NA,NA,NA,NA,NA
14/12/2023,2000,1,W,2,ROOT_PFTC7_SITE1_(nogp)_0002,12.92,0.06,3.7,917,NA,NA,NA,NA,NA,NA,NA,NA
14/12/2023,2000,1,W,2,ROOT_PFTC7_SITE1_(nogp)_0002,13.37,0.08,2.3,606,NA,NA,NA,NA,NA,NA,NA,NA
14/12/2023,2000,1,W,2,ROOT_PFTC7_SITE1_(nogp)_0002,13.42,0.03,14.7,1888,NA,NA,NA,NA,NA,NA,NA,NA
14/12/2023,2000,1,W,2,ROOT_PFTC7_SITE1_(nogp)_0002,13.59,0.1,1.6,735,NA,NA,NA,NA,NA,NA,NA,NA
14/12/2023,2000,1,W,2,ROOT_PFTC7_SITE1_(nogp)_0002,13.83,0.07,2.2,226,8,9,34,5.38,125.69,90.79,0.059257627,0.02485218
14/12/2023,2000,1,W,2,ROOT_PFTC7_SITE1_(nogp)_0002,13.96,0.04,2.8,504,NA,NA,NA,NA,NA,NA,NA,NA
14/12/2023,2000,1,W,2,ROOT_PFTC7_SITE1_(nogp)_0002,14.08,0.07,4.2,346,NA,NA,NA,NA,NA,NA,NA,NA
14/12/2023,2000,1,W,2,ROOT_PFTC7_SITE1_(nogp)_0002,14.25,0.05,4.1,874,NA,NA,NA,NA,NA,NA,NA,NA
14/12/2023,2000,1,W,2,ROOT_PFTC7_SITE1_(nogp)_0002,14.4,0.08,3.7,1376,NA,NA,NA,NA,NA,NA,NA,NA
14/12/2023,2000,1,W,2,ROOT_PFTC7_SITE1_(nogp)_0002,14.55,0.06,1.8,307,NA,NA,NA,NA,NA,NA,NA,NA
14/12/2023,2000,1,W,2,ROOT_PFTC7_SITE1_(nogp)_0002,14.62,0.09,4.2,1432,9,10,17,2.74,333.91,128.28,0.021359526,0.005928298
14/12/2023,2000,1,W,2,ROOT_PFTC7_SITE1_(nogp)_0002,14.77,0.05,14.4,1248,NA,NA,NA,NA,NA,NA,NA,NA
14/12/2023,2000,1,W,2,ROOT_PFTC7_SITE1_(nogp)_0002,14.98,0.11,3.4,1081,NA,NA,NA,NA,NA,NA,NA,NA
14/12/2023,2000,1,W,2,ROOT_PFTC7_SITE1_(nogp)_0002,15.3,0.06,11.5,1924,NA,NA,NA,NA,NA,NA,NA,NA
14/12/2023,2000,1,W,2,ROOT_PFTC7_SITE1_(nogp)_0002,15.34,0.12,1.3,159,NA,NA,NA,NA,NA,NA,NA,NA
14/12/2023,2000,1,W,2,ROOT_PFTC7_SITE1_(nogp)_0002,15.44,0.04,13.1,1103,NA,NA,NA,NA,NA,NA,NA,NA
14/12/2023,2000,1,W,2,ROOT_PFTC7_SITE1_(nogp)_0002,15.46,0.14,1.2,365,NA,NA,NA,NA,NA,NA,NA,NA
14/12/2023,2000,1,W,2,ROOT_PFTC7_SITE1_(nogp)_0002,15.59,0.08,3.2,642,NA,NA,NA,NA,NA,NA,NA,NA
14/12/2023,2000,1,W,2,ROOT_PFTC7_SITE1_(nogp)_0002,15.77,0.03,26.9,2282,NA,NA,NA,NA,NA,NA,NA,NA
14/12/2023,2000,1,W,2,ROOT_PFTC7_SITE1_(nogp)_0002,15.88,0.07,2.2,1912,NA,NA,NA,NA,NA,NA,NA,NA
14/12/2023,2000,1,W,2,ROOT_PFTC7_SITE1_(nogp)_0002,16.17,0.06,1.7,387,NA,NA,NA,NA,NA,NA,NA,NA
14/12/2023,2000,1,W,2,ROOT_PFTC7_SITE1_(nogp)_0002,16.44,0.1,4.6,701,NA,NA,NA,NA,NA,NA,NA,NA
14/12/2023,2000,1,W,2,ROOT_PFTC7_SITE1_(nogp)_0002,16.67,0.05,2,536,NA,NA,NA,NA,NA,NA,NA,NA
14/12/2023,2000,1,W,2,ROOT_PFTC7_SITE1_(nogp)_0002,16.93,0.06,1.3,144,NA,NA,NA,NA,NA,NA,NA,NA
14/12/2023,2000,1,W,2,ROOT_PFTC7_SITE1_(nogp)_0002,17.07,0.06,5.9,812,NA,NA,NA,NA,NA,NA,NA,NA
14/12/2023,2000,1,W,2,ROOT_PFTC7_SITE1_(nogp)_0002,17.2,0.06,2.5,302,10,10,13,5.65,55.21,66.63,0.084796638,0.046372292
14/12/2023,2000,1,W,2,ROOT_PFTC7_SITE1_(nogp)_0002,17.26,0.11,1.8,1252,NA,NA,NA,NA,NA,NA,NA,NA
14/12/2023,2000,1,W,2,ROOT_PFTC7_SITE1_(nogp)_0002,17.38,0.08,2.6,246,NA,NA,NA,NA,NA,NA,NA,NA
14/12/2023,2000,1,W,2,ROOT_PFTC7_SITE1_(nogp)_0002,17.49,0.1,1.5,190,NA,NA,NA,NA,NA,NA,NA,NA
14/12/2023,2000,1,W,2,ROOT_PFTC7_SITE1_(nogp)_0002,17.58,0.08,2,434,NA,NA,NA,NA,NA,NA,NA,NA
14/12/2023,2000,1,W,2,ROOT_PFTC7_SITE1_(nogp)_0002,17.94,0.08,1.3,122,NA,NA,NA,NA,NA,NA,NA,NA
14/12/2023,2000,1,W,2,ROOT_PFTC7_SITE1_(nogp)_0002,18.03,0.08,3.3,372,NA,NA,NA,NA,NA,NA,NA,NA
14/12/2023,2000,1,W,2,ROOT_PFTC7_SITE1_(nogp)_0002,18.17,0.06,2.6,120,NA,NA,NA,NA,NA,NA,NA,NA
14/12/2023,2000,1,W,2,ROOT_PFTC7_SITE1_(nogp)_0002,18.26,0.05,5.5,792,NA,NA,NA,NA,NA,NA,NA,NA
14/12/2023,2000,1,W,2,ROOT_PFTC7_SITE1_(nogp)_0002,18.33,0.08,3.3,556,NA,NA,NA,NA,NA,NA,NA,NA
14/12/2023,2000,1,W,2,ROOT_PFTC7_SITE1_(nogp)_0002,18.44,0.11,1.7,483,NA,NA,NA,NA,NA,NA,NA,NA
14/12/2023,2000,1,W,2,ROOT_PFTC7_SITE1_(nogp)_0002,18.81,0.12,2.1,892,NA,NA,NA,NA,NA,NA,NA,NA
14/12/2023,2000,1,W,2,ROOT_PFTC7_SITE1_(nogp)_0002,18.97,0.14,1.3,287,NA,NA,NA,NA,NA,NA,NA,NA
14/12/2023,2000,1,W,2,ROOT_PFTC7_SITE1_(nogp)_0002,19.01,0.07,3.5,845,NA,NA,NA,NA,NA,NA,NA,NA
14/12/2023,2000,1,W,2,ROOT_PFTC7_SITE1_(nogp)_0002,19.23,0.08,3,553,NA,NA,NA,NA,NA,NA,NA,NA
14/12/2023,2000,1,W,2,ROOT_PFTC7_SITE1_(nogp)_0002,19.47,0.03,26.8,1485,NA,NA,NA,NA,NA,NA,NA,NA
14/12/2023,2200,2,W,1,ROOT_PFTC7_SITE2_(nogp)_0002,0.01,0.06,3.1,503,NA,NA,NA,NA,NA,NA,NA,NA
14/12/2023,2200,2,W,1,ROOT_PFTC7_SITE2_(nogp)_0002,0.05,0.13,1.3,226,NA,NA,NA,NA,NA,NA,NA,NA
14/12/2023,2200,2,W,1,ROOT_PFTC7_SITE2_(nogp)_0002,0.19,0.06,2.8,324,NA,NA,NA,NA,NA,NA,NA,NA
14/12/2023,2200,2,W,1,ROOT_PFTC7_SITE2_(nogp)_0002,0.26,0.13,1.7,210,NA,NA,NA,NA,NA,NA,NA,NA
14/12/2023,2200,2,W,1,ROOT_PFTC7_SITE2_(nogp)_0002,0.4,0.04,11.4,1847,NA,NA,NA,NA,NA,NA,NA,NA
14/12/2023,2200,2,W,1,ROOT_PFTC7_SITE2_(nogp)_0002,0.81,0.1,1.3,329,NA,NA,NA,NA,NA,NA,NA,NA
14/12/2023,2200,2,W,1,ROOT_PFTC7_SITE2_(nogp)_0002,0.91,0.05,3.3,511,NA,NA,NA,NA,NA,NA,NA,NA
14/12/2023,2200,2,W,1,ROOT_PFTC7_SITE2_(nogp)_0002,0.97,0.11,1.7,442,NA,NA,NA,NA,NA,NA,NA,NA
14/12/2023,2200,2,W,1,ROOT_PFTC7_SITE2_(nogp)_0002,1.11,0.04,45.5,1895,NA,NA,NA,NA,NA,NA,NA,NA
14/12/2023,2200,2,W,1,ROOT_PFTC7_SITE2_(nogp)_0002,1.41,0.04,19.3,1956,NA,NA,NA,NA,NA,NA,NA,NA
14/12/2023,2200,2,W,1,ROOT_PFTC7_SITE2_(nogp)_0002,1.59,0.1,7.9,604,NA,NA,NA,NA,NA,NA,NA,NA
14/12/2023,2200,2,W,1,ROOT_PFTC7_SITE2_(nogp)_0002,1.83,0.05,3.6,592,NA,NA,NA,NA,NA,NA,NA,NA
14/12/2023,2200,2,W,1,ROOT_PFTC7_SITE2_(nogp)_0002,1.92,0.07,2.8,698,NA,NA,NA,NA,NA,NA,NA,NA
14/12/2023,2200,2,W,1,ROOT_PFTC7_SITE2_(nogp)_0002,2.28,0.07,4.6,1170,NA,NA,NA,NA,NA,NA,NA,NA
14/12/2023,2200,2,W,1,ROOT_PFTC7_SITE2_(nogp)_0002,2.38,0.07,4.5,623,NA,NA,NA,NA,NA,NA,NA,NA
14/12/2023,2200,2,W,1,ROOT_PFTC7_SITE2_(nogp)_0002,2.53,0.04,18.8,915,1,9.5,9.5,1.08,202.96,97.04,0.011129431,0.0036
14/12/2023,2200,2,W,1,ROOT_PFTC7_SITE2_(nogp)_0002,2.62,0.05,5.1,920,NA,NA,NA,NA,NA,NA,NA,NA
14/12/2023,2200,2,W,1,ROOT_PFTC7_SITE2_(nogp)_0002,2.78,0.06,1.9,91,NA,NA,NA,NA,NA,NA,NA,NA
14/12/2023,2200,2,W,1,ROOT_PFTC7_SITE2_(nogp)_0002,2.87,0.07,5.6,383,NA,NA,NA,NA,NA,NA,NA,NA
14/12/2023,2200,2,W,1,ROOT_PFTC7_SITE2_(nogp)_0002,3.02,0.11,2.8,468,NA,NA,NA,NA,NA,NA,NA,NA
14/12/2023,2200,2,W,1,ROOT_PFTC7_SITE2_(nogp)_0002,3.14,0.08,2.2,283,NA,NA,NA,NA,NA,NA,NA,NA
14/12/2023,2200,2,W,1,ROOT_PFTC7_SITE2_(nogp)_0002,3.2,0.12,3.3,1463,NA,NA,NA,NA,NA,NA,NA,NA
14/12/2023,2200,2,W,1,ROOT_PFTC7_SITE2_(nogp)_0002,3.29,0.08,2.4,296,2,10,10,0.92,116.54,73.53,0.0125119,0.004840322
14/12/2023,2200,2,W,1,ROOT_PFTC7_SITE2_(nogp)_0002,3.86,0.08,3.8,760,NA,NA,NA,NA,NA,NA,NA,NA
14/12/2023,2200,2,W,1,ROOT_PFTC7_SITE2_(nogp)_0002,3.91,0.17,1.6,411,NA,NA,NA,NA,NA,NA,NA,NA
14/12/2023,2200,2,W,1,ROOT_PFTC7_SITE2_(nogp)_0002,4,0.04,64.7,6583,3,8,10,1.46,155.36,108.61,0.013442593,0.005530932
14/12/2023,2200,2,W,1,ROOT_PFTC7_SITE2_(nogp)_0002,4.09,0.13,2,493,NA,NA,NA,NA,NA,NA,NA,NA
14/12/2023,2200,2,W,1,ROOT_PFTC7_SITE2_(nogp)_0002,4.22,0.19,2.5,845,NA,NA,NA,NA,NA,NA,NA,NA
14/12/2023,2200,2,W,1,ROOT_PFTC7_SITE2_(nogp)_0002,4.29,0.2,1.7,220,NA,NA,NA,NA,NA,NA,NA,NA
14/12/2023,2200,2,W,1,ROOT_PFTC7_SITE2_(nogp)_0002,4.31,0.11,1.9,502,NA,NA,NA,NA,NA,NA,NA,NA
14/12/2023,2200,2,W,1,ROOT_PFTC7_SITE2_(nogp)_0002,4.37,0.18,1.5,466,NA,NA,NA,NA,NA,NA,NA,NA
14/12/2023,2200,2,W,1,ROOT_PFTC7_SITE2_(nogp)_0002,4.41,0.06,3.1,493,NA,NA,NA,NA,NA,NA,NA,NA
14/12/2023,2200,2,W,1,ROOT_PFTC7_SITE2_(nogp)_0002,4.47,0.05,2.1,193,NA,NA,NA,NA,NA,NA,NA,NA
14/12/2023,2200,2,W,1,ROOT_PFTC7_SITE2_(nogp)_0002,4.7,0.06,3.2,278,NA,NA,NA,NA,NA,NA,NA,NA
14/12/2023,2200,2,W,1,ROOT_PFTC7_SITE2_(nogp)_0002,4.78,0.1,1.7,320,NA,NA,NA,NA,NA,NA,NA,NA
14/12/2023,2200,2,W,1,ROOT_PFTC7_SITE2_(nogp)_0002,4.92,0.08,2.6,791,NA,NA,NA,NA,NA,NA,NA,NA
14/12/2023,2200,2,W,1,ROOT_PFTC7_SITE2_(nogp)_0002,5.03,0.13,2.2,690,NA,NA,NA,NA,NA,NA,NA,NA
14/12/2023,2200,2,W,1,ROOT_PFTC7_SITE2_(nogp)_0002,5.11,0.08,2.2,229,NA,NA,NA,NA,NA,NA,NA,NA
14/12/2023,2200,2,W,1,ROOT_PFTC7_SITE2_(nogp)_0002,5.2,0.05,2.4,476,NA,NA,NA,NA,NA,NA,NA,NA
14/12/2023,2200,2,W,1,ROOT_PFTC7_SITE2_(nogp)_0002,5.31,0.07,2.4,281,NA,NA,NA,NA,NA,NA,NA,NA
14/12/2023,2200,2,W,1,ROOT_PFTC7_SITE2_(nogp)_0002,5.36,0.06,3.1,503,NA,NA,NA,NA,NA,NA,NA,NA
14/12/2023,2200,2,W,1,ROOT_PFTC7_SITE2_(nogp)_0002,5.9,0.05,24.2,2093,NA,NA,NA,NA,NA,NA,NA,NA
14/12/2023,2200,2,W,1,ROOT_PFTC7_SITE2_(nogp)_0002,6.13,0.1,2.4,375,NA,NA,NA,NA,NA,NA,NA,NA
14/12/2023,2200,2,W,1,ROOT_PFTC7_SITE2_(nogp)_0002,6.22,0.04,56.1,4067,NA,NA,NA,NA,NA,NA,NA,NA
14/12/2023,2200,2,W,1,ROOT_PFTC7_SITE2_(nogp)_0002,6.28,0.09,3.2,904,NA,NA,NA,NA,NA,NA,NA,NA
14/12/2023,2200,2,W,1,ROOT_PFTC7_SITE2_(nogp)_0002,6.55,0.09,1.5,199,NA,NA,NA,NA,NA,NA,NA,NA
14/12/2023,2200,2,W,1,ROOT_PFTC7_SITE2_(nogp)_0002,6.7,0.08,4,949,NA,NA,NA,NA,NA,NA,NA,NA
14/12/2023,2200,2,W,1,ROOT_PFTC7_SITE2_(nogp)_0002,7.03,0.06,3.9,302,NA,NA,NA,NA,NA,NA,NA,NA
14/12/2023,2200,2,W,1,ROOT_PFTC7_SITE2_(nogp)_0002,7.4,0.12,2,259,NA,NA,NA,NA,NA,NA,NA,NA
14/12/2023,2200,2,W,1,ROOT_PFTC7_SITE2_(nogp)_0002,7.46,0.15,1.4,207,NA,NA,NA,NA,NA,NA,NA,NA
14/12/2023,2200,2,W,1,ROOT_PFTC7_SITE2_(nogp)_0002,7.46,0.07,7,519,NA,NA,NA,NA,NA,NA,NA,NA
14/12/2023,2200,2,W,1,ROOT_PFTC7_SITE2_(nogp)_0002,7.56,0.14,2.7,835,NA,NA,NA,NA,NA,NA,NA,NA
14/12/2023,2200,2,W,1,ROOT_PFTC7_SITE2_(nogp)_0002,7.71,0.06,6.3,1334,4,10,13,0.86,130.95,78.78,0.010916476,0.00410051
14/12/2023,2200,2,W,1,ROOT_PFTC7_SITE2_(nogp)_0002,7.87,0.1,2.3,845,NA,NA,NA,NA,NA,NA,NA,NA
14/12/2023,2200,2,W,1,ROOT_PFTC7_SITE2_(nogp)_0002,8.09,0.1,2.8,551,NA,NA,NA,NA,NA,NA,NA,NA
14/12/2023,2200,2,W,1,ROOT_PFTC7_SITE2_(nogp)_0002,8.16,0.04,4.3,129,NA,NA,NA,NA,NA,NA,NA,NA
14/12/2023,2200,2,W,1,ROOT_PFTC7_SITE2_(nogp)_0002,8.23,0.06,5.1,612,5,6,7,1.13,10.97,7.57,0.149273448,0.060949299
14/12/2023,2200,2,W,1,ROOT_PFTC7_SITE2_(nogp)_0002,8.43,0.08,1.5,265,NA,NA,NA,NA,NA,NA,NA,NA
14/12/2023,2200,2,W,1,ROOT_PFTC7_SITE2_(nogp)_0002,9.02,0.05,2.6,283,6,9,9.2,3,111.62,59.64,0.050301811,0.017517225
14/12/2023,2200,2,W,1,ROOT_PFTC7_SITE2_(nogp)_0002,9.36,0.07,3,348,NA,NA,NA,NA,NA,NA,NA,NA
14/12/2023,2200,2,W,1,ROOT_PFTC7_SITE2_(nogp)_0002,9.55,0.07,2.2,301,NA,NA,NA,NA,NA,NA,NA,NA
14/12/2023,2200,2,W,1,ROOT_PFTC7_SITE2_(nogp)_0002,9.7,0.06,4.2,476,NA,NA,NA,NA,NA,NA,NA,NA
14/12/2023,2200,2,W,1,ROOT_PFTC7_SITE2_(nogp)_0002,9.77,0.09,1.2,172,7,7,9,7.6,67,54.1,0.140480591,0.062758051
14/12/2023,2200,2,W,1,ROOT_PFTC7_SITE2_(nogp)_0002,10.02,0.07,4,458,NA,NA,NA,NA,NA,NA,NA,NA
14/12/2023,2200,2,W,1,ROOT_PFTC7_SITE2_(nogp)_0002,10.3,0.05,49.4,7830,NA,NA,NA,NA,NA,NA,NA,NA
14/12/2023,2200,2,W,1,ROOT_PFTC7_SITE2_(nogp)_0002,10.55,0.11,1.6,213,NA,NA,NA,NA,NA,NA,NA,NA
14/12/2023,2200,2,W,1,ROOT_PFTC7_SITE2_(nogp)_0002,10.76,0.06,16.4,1077,NA,NA,NA,NA,NA,NA,NA,NA
14/12/2023,2200,2,W,1,ROOT_PFTC7_SITE2_(nogp)_0002,11.07,0.06,34.5,2139,NA,NA,NA,NA,NA,NA,NA,NA
14/12/2023,2200,2,W,1,ROOT_PFTC7_SITE2_(nogp)_0002,11.44,0.09,1.8,191,NA,NA,NA,NA,NA,NA,NA,NA
14/12/2023,2200,2,W,1,ROOT_PFTC7_SITE2_(nogp)_0002,11.51,0.09,1.6,146,8,7,8,1.48,80.89,67.85,0.021812822,0.009950249
14/12/2023,2200,2,W,1,ROOT_PFTC7_SITE2_(nogp)_0002,11.62,0.07,2.1,560,NA,NA,NA,NA,NA,NA,NA,NA
14/12/2023,2200,2,W,1,ROOT_PFTC7_SITE2_(nogp)_0002,12.1,0.06,13.3,1561,NA,NA,NA,NA,NA,NA,NA,NA
14/12/2023,2200,2,W,1,ROOT_PFTC7_SITE2_(nogp)_0002,12.17,0.1,1.5,89,NA,NA,NA,NA,NA,NA,NA,NA
14/12/2023,2200,2,W,1,ROOT_PFTC7_SITE2_(nogp)_0002,12.43,0.08,2.5,321,NA,NA,NA,NA,NA,NA,NA,NA
14/12/2023,2200,2,W,1,ROOT_PFTC7_SITE2_(nogp)_0002,12.52,0.05,2.2,145,NA,NA,NA,NA,NA,NA,NA,NA
14/12/2023,2200,2,W,1,ROOT_PFTC7_SITE2_(nogp)_0002,12.64,0.05,8.4,695,NA,NA,NA,NA,NA,NA,NA,NA
14/12/2023,2200,2,W,1,ROOT_PFTC7_SITE2_(nogp)_0002,12.97,0.06,52.5,3875,9,8.5,11,1.89,160.91,120.77,0.015649582,0.006709742
14/12/2023,2200,2,W,1,ROOT_PFTC7_SITE2_(nogp)_0002,13.09,0.1,5.9,1010,NA,NA,NA,NA,NA,NA,NA,NA
14/12/2023,2200,2,W,1,ROOT_PFTC7_SITE2_(nogp)_0002,13.56,0.14,1.4,150,NA,NA,NA,NA,NA,NA,NA,NA
14/12/2023,2200,2,W,1,ROOT_PFTC7_SITE2_(nogp)_0002,13.64,0.07,21.9,2466,NA,NA,NA,NA,NA,NA,NA,NA
14/12/2023,2200,2,W,1,ROOT_PFTC7_SITE2_(nogp)_0002,13.74,0.02,32.5,2408,NA,NA,NA,NA,NA,NA,NA,NA
14/12/2023,2200,2,W,1,ROOT_PFTC7_SITE2_(nogp)_0002,13.9,0.07,2.1,720,NA,NA,NA,NA,NA,NA,NA,NA
14/12/2023,2200,2,W,1,ROOT_PFTC7_SITE2_(nogp)_0002,14.48,0.03,14.9,1978,NA,NA,NA,NA,NA,NA,NA,NA
14/12/2023,2200,2,W,1,ROOT_PFTC7_SITE2_(nogp)_0002,14.56,0.12,1.5,419,NA,NA,NA,NA,NA,NA,NA,NA
14/12/2023,2200,2,W,1,ROOT_PFTC7_SITE2_(nogp)_0002,14.73,0.05,2.5,180,10,10,17,3.27,146.45,85.71,0.038151908,0.014085114
14/12/2023,2200,2,W,1,ROOT_PFTC7_SITE2_(nogp)_0002,14.92,0.08,1.4,236,NA,NA,NA,NA,NA,NA,NA,NA
14/12/2023,2200,2,W,1,ROOT_PFTC7_SITE2_(nogp)_0002,15.02,0.04,9.7,305,NA,NA,NA,NA,NA,NA,NA,NA
14/12/2023,2200,2,W,1,ROOT_PFTC7_SITE2_(nogp)_0002,15.22,0.06,3,522,NA,NA,NA,NA,NA,NA,NA,NA
14/12/2023,2200,2,W,1,ROOT_PFTC7_SITE2_(nogp)_0002,15.45,0.07,3,367,NA,NA,NA,NA,NA,NA,NA,NA
14/12/2023,2200,2,W,1,ROOT_PFTC7_SITE2_(nogp)_0002,15.95,0.07,5.9,723,NA,NA,NA,NA,NA,NA,NA,NA
14/12/2023,2200,2,W,1,ROOT_PFTC7_SITE2_(nogp)_0002,16.05,0.09,1.1,95,NA,NA,NA,NA,NA,NA,NA,NA
14/12/2023,2200,2,W,1,ROOT_PFTC7_SITE2_(nogp)_0002,16.26,0.07,2.6,291,NA,NA,NA,NA,NA,NA,NA,NA
14/12/2023,2200,2,W,1,ROOT_PFTC7_SITE2_(nogp)_0002,16.74,0.07,38.4,2485,NA,NA,NA,NA,NA,NA,NA,NA
14/12/2023,2200,2,W,1,ROOT_PFTC7_SITE2_(nogp)_0002,16.91,0.1,2.1,308,NA,NA,NA,NA,NA,NA,NA,NA
14/12/2023,2200,2,W,1,ROOT_PFTC7_SITE2_(nogp)_0002,17.14,0.08,2.6,938,NA,NA,NA,NA,NA,NA,NA,NA
14/12/2023,2200,2,W,1,ROOT_PFTC7_SITE2_(nogp)_0002,17.26,0.05,3,286,NA,NA,NA,NA,NA,NA,NA,NA
14/12/2023,2200,2,W,1,ROOT_PFTC7_SITE2_(nogp)_0002,17.38,0.03,30.6,1565,NA,NA,NA,NA,NA,NA,NA,NA
14/12/2023,2200,2,W,1,ROOT_PFTC7_SITE2_(nogp)_0002,17.41,0.08,2.6,585,NA,NA,NA,NA,NA,NA,NA,NA
14/12/2023,2200,2,W,1,ROOT_PFTC7_SITE2_(nogp)_0002,17.6,0.07,3.6,940,NA,NA,NA,NA,NA,NA,NA,NA
14/12/2023,2200,2,W,1,ROOT_PFTC7_SITE2_(nogp)_0002,17.88,0.05,5.9,454,NA,NA,NA,NA,NA,NA,NA,NA
14/12/2023,2200,2,W,1,ROOT_PFTC7_SITE2_(nogp)_0002,18.38,0.07,2.5,904,NA,NA,NA,NA,NA,NA,NA,NA
14/12/2023,2200,2,W,1,ROOT_PFTC7_SITE2_(nogp)_0002,18.62,0.1,5,876,NA,NA,NA,NA,NA,NA,NA,NA
14/12/2023,2200,2,W,1,ROOT_PFTC7_SITE2_(nogp)_0002,19.22,0.06,33.8,4085,NA,NA,NA,NA,NA,NA,NA,NA
14/12/2023,2200,2,W,1,ROOT_PFTC7_SITE2_(nogp)_0002,19.29,0.09,2.3,281,NA,NA,NA,NA,NA,NA,NA,NA
14/12/2023,2200,2,W,1,ROOT_PFTC7_SITE2_(nogp)_0002,19.4,0.13,1.4,124,NA,NA,NA,NA,NA,NA,NA,NA
14/12/2023,2200,2,W,1,ROOT_PFTC7_SITE2_(nogp)_0002,19.62,0.09,1.6,114,NA,NA,NA,NA,NA,NA,NA,NA
14/12/2023,2200,2,W,1,ROOT_PFTC7_SITE2_(nogp)_0002,19.7,0.08,3.3,281,NA,NA,NA,NA,NA,NA,NA,NA
14/12/2023,2200,2,W,2,ROOT_PFTC7_SITE2_(nogp)_0003,0.06,0.05,3.3,420,1,10.5,27.5,3.97,269.37,113.08,0.035107888,0.010380442
14/12/2023,2200,2,W,2,ROOT_PFTC7_SITE2_(nogp)_0003,0.35,0.08,2.4,695,NA,NA,NA,NA,NA,NA,NA,NA
14/12/2023,2200,2,W,2,ROOT_PFTC7_SITE2_(nogp)_0003,0.59,0.02,29.7,1909,NA,NA,NA,NA,NA,NA,NA,NA
14/12/2023,2200,2,W,2,ROOT_PFTC7_SITE2_(nogp)_0003,0.66,0.1,3.1,814,NA,NA,NA,NA,NA,NA,NA,NA
14/12/2023,2200,2,W,2,ROOT_PFTC7_SITE2_(nogp)_0003,0.82,0.09,1.9,458,NA,NA,NA,NA,NA,NA,NA,NA
14/12/2023,2200,2,W,2,ROOT_PFTC7_SITE2_(nogp)_0003,0.9,0.02,25,755,NA,NA,NA,NA,NA,NA,NA,NA
14/12/2023,2200,2,W,2,ROOT_PFTC7_SITE2_(nogp)_0003,1.09,0.09,5.9,1480,NA,NA,NA,NA,NA,NA,NA,NA
14/12/2023,2200,2,W,2,ROOT_PFTC7_SITE2_(nogp)_0003,1.5,0.06,5.2,595,NA,NA,NA,NA,NA,NA,NA,NA
14/12/2023,2200,2,W,2,ROOT_PFTC7_SITE2_(nogp)_0003,1.6,0.04,4.4,622,NA,NA,NA,NA,NA,NA,NA,NA
14/12/2023,2200,2,W,2,ROOT_PFTC7_SITE2_(nogp)_0003,1.73,0.05,5.2,910,NA,NA,NA,NA,NA,NA,NA,NA
14/12/2023,2200,2,W,2,ROOT_PFTC7_SITE2_(nogp)_0003,1.93,0.06,1.8,88,2,8.5,17,0.95,307.21,181.04,0.005247459,0.001945725
14/12/2023,2200,2,W,2,ROOT_PFTC7_SITE2_(nogp)_0003,2.01,0.06,1.9,95,NA,NA,NA,NA,NA,NA,NA,NA
14/12/2023,2200,2,W,2,ROOT_PFTC7_SITE2_(nogp)_0003,2.11,0.05,17.8,870,NA,NA,NA,NA,NA,NA,NA,NA
14/12/2023,2200,2,W,2,ROOT_PFTC7_SITE2_(nogp)_0003,2.23,0.05,3.9,497,NA,NA,NA,NA,NA,NA,NA,NA
14/12/2023,2200,2,W,2,ROOT_PFTC7_SITE2_(nogp)_0003,2.38,0.05,1.9,129,NA,NA,NA,NA,NA,NA,NA,NA
14/12/2023,2200,2,W,2,ROOT_PFTC7_SITE2_(nogp)_0003,2.48,0.05,2.7,204,NA,NA,NA,NA,NA,NA,NA,NA
14/12/2023,2200,2,W,2,ROOT_PFTC7_SITE2_(nogp)_0003,2.64,0.04,45.4,2305,NA,NA,NA,NA,NA,NA,NA,NA
14/12/2023,2200,2,W,2,ROOT_PFTC7_SITE2_(nogp)_0003,2.83,0.07,4.3,1161,NA,NA,NA,NA,NA,NA,NA,NA
14/12/2023,2200,2,W,2,ROOT_PFTC7_SITE2_(nogp)_0003,2.99,0.06,3.9,500,NA,NA,NA,NA,NA,NA,NA,NA
14/12/2023,2200,2,W,2,ROOT_PFTC7_SITE2_(nogp)_0003,3.19,0.09,2.1,720,NA,NA,NA,NA,NA,NA,NA,NA
14/12/2023,2200,2,W,2,ROOT_PFTC7_SITE2_(nogp)_0003,3.3,0.06,2.1,120,NA,NA,NA,NA,NA,NA,NA,NA
14/12/2023,2200,2,W,2,ROOT_PFTC7_SITE2_(nogp)_0003,3.38,0.06,3.1,322,NA,NA,NA,NA,NA,NA,NA,NA
14/12/2023,2200,2,W,2,ROOT_PFTC7_SITE2_(nogp)_0003,3.59,0.07,7,1129,NA,NA,NA,NA,NA,NA,NA,NA
14/12/2023,2200,2,W,2,ROOT_PFTC7_SITE2_(nogp)_0003,3.92,0.06,3.4,782,NA,NA,NA,NA,NA,NA,NA,NA
14/12/2023,2200,2,W,2,ROOT_PFTC7_SITE2_(nogp)_0003,4.01,0.07,3.1,292,NA,NA,NA,NA,NA,NA,NA,NA
14/12/2023,2200,2,W,2,ROOT_PFTC7_SITE2_(nogp)_0003,4.16,0.05,37.2,738,NA,NA,NA,NA,NA,NA,NA,NA
14/12/2023,2200,2,W,2,ROOT_PFTC7_SITE2_(nogp)_0003,4.22,0.07,3.1,936,NA,NA,NA,NA,NA,NA,NA,NA
14/12/2023,2200,2,W,2,ROOT_PFTC7_SITE2_(nogp)_0003,4.37,0.12,1.7,211,NA,NA,NA,NA,NA,NA,NA,NA
14/12/2023,2200,2,W,2,ROOT_PFTC7_SITE2_(nogp)_0003,4.5,0.09,3,845,NA,NA,NA,NA,NA,NA,NA,NA
14/12/2023,2200,2,W,2,ROOT_PFTC7_SITE2_(nogp)_0003,4.69,0.09,2.5,381,NA,NA,NA,NA,NA,NA,NA,NA
14/12/2023,2200,2,W,2,ROOT_PFTC7_SITE2_(nogp)_0003,5.05,0.08,2.1,315,NA,NA,NA,NA,NA,NA,NA,NA
14/12/2023,2200,2,W,2,ROOT_PFTC7_SITE2_(nogp)_0003,5.26,0.06,4.2,691,3,10,23,6.86,221.15,53.81,0.127485597,0.024949084
14/12/2023,2200,2,W,2,ROOT_PFTC7_SITE2_(nogp)_0003,5.35,0.09,1.5,272,NA,NA,NA,NA,NA,NA,NA,NA
14/12/2023,2200,2,W,2,ROOT_PFTC7_SITE2_(nogp)_0003,5.46,0.09,5.2,1472,NA,NA,NA,NA,NA,NA,NA,NA
14/12/2023,2200,2,W,2,ROOT_PFTC7_SITE2_(nogp)_0003,5.74,0.11,1.2,141,NA,NA,NA,NA,NA,NA,NA,NA
14/12/2023,2200,2,W,2,ROOT_PFTC7_SITE2_(nogp)_0003,5.96,0.09,1.6,159,4,10,12,0.75,177.17,77.26,0.009707481,0.002947766
14/12/2023,2200,2,W,2,ROOT_PFTC7_SITE2_(nogp)_0003,5.99,0.04,17.7,4009,NA,NA,NA,NA,NA,NA,NA,NA
14/12/2023,2200,2,W,2,ROOT_PFTC7_SITE2_(nogp)_0003,6.26,0.18,1.1,103,NA,NA,NA,NA,NA,NA,NA,NA
14/12/2023,2200,2,W,2,ROOT_PFTC7_SITE2_(nogp)_0003,7.17,0.07,2.2,289,NA,NA,NA,NA,NA,NA,NA,NA
14/12/2023,2200,2,W,2,ROOT_PFTC7_SITE2_(nogp)_0003,7.31,0.07,3.1,536,NA,NA,NA,NA,NA,NA,NA,NA
14/12/2023,2200,2,W,2,ROOT_PFTC7_SITE2_(nogp)_0003,7.51,0.05,16.3,1598,NA,NA,NA,NA,NA,NA,NA,NA
14/12/2023,2200,2,W,2,ROOT_PFTC7_SITE2_(nogp)_0003,7.96,0.06,9.2,1720,NA,NA,NA,NA,NA,NA,NA,NA
14/12/2023,2200,2,W,2,ROOT_PFTC7_SITE2_(nogp)_0003,8.33,0.07,2.4,212,NA,NA,NA,NA,NA,NA,NA,NA
14/12/2023,2200,2,W,2,ROOT_PFTC7_SITE2_(nogp)_0003,8.42,0.11,3,482,NA,NA,NA,NA,NA,NA,NA,NA
14/12/2023,2200,2,W,2,ROOT_PFTC7_SITE2_(nogp)_0003,8.54,0.05,5,664,NA,NA,NA,NA,NA,NA,NA,NA
14/12/2023,2200,2,W,2,ROOT_PFTC7_SITE2_(nogp)_0003,8.67,0.07,2.8,403,NA,NA,NA,NA,NA,NA,NA,NA
14/12/2023,2200,2,W,2,ROOT_PFTC7_SITE2_(nogp)_0003,8.83,0.09,1.9,365,5,9.5,60,1.69,298.38,127.22,0.013284075,0.003970865
14/12/2023,2200,2,W,2,ROOT_PFTC7_SITE2_(nogp)_0003,8.94,0.1,1.8,187,NA,NA,NA,NA,NA,NA,NA,NA
14/12/2023,2200,2,W,2,ROOT_PFTC7_SITE2_(nogp)_0003,9.08,0.09,1.4,129,NA,NA,NA,NA,NA,NA,NA,NA
14/12/2023,2200,2,W,2,ROOT_PFTC7_SITE2_(nogp)_0003,9.11,0.04,5.7,635,NA,NA,NA,NA,NA,NA,NA,NA
14/12/2023,2200,2,W,2,ROOT_PFTC7_SITE2_(nogp)_0003,9.2,0.09,1.2,169,NA,NA,NA,NA,NA,NA,NA,NA
14/12/2023,2200,2,W,2,ROOT_PFTC7_SITE2_(nogp)_0003,9.27,0.07,3.3,268,NA,NA,NA,NA,NA,NA,NA,NA
14/12/2023,2200,2,W,2,ROOT_PFTC7_SITE2_(nogp)_0003,9.54,0.04,46.9,4495,NA,NA,NA,NA,NA,NA,NA,NA
14/12/2023,2200,2,W,2,ROOT_PFTC7_SITE2_(nogp)_0003,9.61,0.09,2.5,1089,NA,NA,NA,NA,NA,NA,NA,NA
14/12/2023,2200,2,W,2,ROOT_PFTC7_SITE2_(nogp)_0003,9.73,0.06,2.4,155,NA,NA,NA,NA,NA,NA,NA,NA
14/12/2023,2200,2,W,2,ROOT_PFTC7_SITE2_(nogp)_0003,10.05,0.08,2.9,567,NA,NA,NA,NA,NA,NA,NA,NA
14/12/2023,2200,2,W,2,ROOT_PFTC7_SITE2_(nogp)_0003,10.1,0.08,4.7,722,NA,NA,NA,NA,NA,NA,NA,NA
14/12/2023,2200,2,W,2,ROOT_PFTC7_SITE2_(nogp)_0003,10.3,0.05,4.2,602,NA,NA,NA,NA,NA,NA,NA,NA
14/12/2023,2200,2,W,2,ROOT_PFTC7_SITE2_(nogp)_0003,10.39,0.03,5.1,213,NA,NA,NA,NA,NA,NA,NA,NA
14/12/2023,2200,2,W,2,ROOT_PFTC7_SITE2_(nogp)_0003,10.41,0.1,1.6,142,NA,NA,NA,NA,NA,NA,NA,NA
14/12/2023,2200,2,W,2,ROOT_PFTC7_SITE2_(nogp)_0003,10.75,0.08,2.7,543,NA,NA,NA,NA,NA,NA,NA,NA
14/12/2023,2200,2,W,2,ROOT_PFTC7_SITE2_(nogp)_0003,10.88,0.03,10.7,1015,6,11,22,1.01,400.8,176.41,0.005725299,0.001749796
14/12/2023,2200,2,W,2,ROOT_PFTC7_SITE2_(nogp)_0003,10.98,0.07,2.6,311,NA,NA,NA,NA,NA,NA,NA,NA
14/12/2023,2200,2,W,2,ROOT_PFTC7_SITE2_(nogp)_0003,11.13,0.07,2.5,417,NA,NA,NA,NA,NA,NA,NA,NA
14/12/2023,2200,2,W,2,ROOT_PFTC7_SITE2_(nogp)_0003,11.5,0.09,1.9,258,NA,NA,NA,NA,NA,NA,NA,NA
14/12/2023,2200,2,W,2,ROOT_PFTC7_SITE2_(nogp)_0003,11.66,0.05,30.5,3679,NA,NA,NA,NA,NA,NA,NA,NA
14/12/2023,2200,2,W,2,ROOT_PFTC7_SITE2_(nogp)_0003,11.81,0.06,3.3,726,NA,NA,NA,NA,NA,NA,NA,NA
14/12/2023,2200,2,W,2,ROOT_PFTC7_SITE2_(nogp)_0003,12.09,0.06,2.4,355,NA,NA,NA,NA,NA,NA,NA,NA
14/12/2023,2200,2,W,2,ROOT_PFTC7_SITE2_(nogp)_0003,12.35,0.07,2.5,518,NA,NA,NA,NA,NA,NA,NA,NA
14/12/2023,2200,2,W,2,ROOT_PFTC7_SITE2_(nogp)_0003,12.45,0.05,2.8,129,NA,NA,NA,NA,NA,NA,NA,NA
14/12/2023,2200,2,W,2,ROOT_PFTC7_SITE2_(nogp)_0003,12.57,0.07,2.3,431,NA,NA,NA,NA,NA,NA,NA,NA
14/12/2023,2200,2,W,2,ROOT_PFTC7_SITE2_(nogp)_0003,13.68,0.07,2.4,231,NA,NA,NA,NA,NA,NA,NA,NA
14/12/2023,2200,2,W,2,ROOT_PFTC7_SITE2_(nogp)_0003,13.8,0.1,14,3782,7,12,22,3.29,413.05,178.72,0.018408684,0.005559592
14/12/2023,2200,2,W,2,ROOT_PFTC7_SITE2_(nogp)_0003,14.06,0.08,2.2,492,NA,NA,NA,NA,NA,NA,NA,NA
14/12/2023,2200,2,W,2,ROOT_PFTC7_SITE2_(nogp)_0003,14.44,0.08,14.5,3580,NA,NA,NA,NA,NA,NA,NA,NA
14/12/2023,2200,2,W,2,ROOT_PFTC7_SITE2_(nogp)_0003,14.68,0.07,3.7,254,NA,NA,NA,NA,NA,NA,NA,NA
14/12/2023,2200,2,W,2,ROOT_PFTC7_SITE2_(nogp)_0003,14.77,0.08,1.9,467,NA,NA,NA,NA,NA,NA,NA,NA
14/12/2023,2200,2,W,2,ROOT_PFTC7_SITE2_(nogp)_0003,15.02,0.07,4.3,997,NA,NA,NA,NA,NA,NA,NA,NA
14/12/2023,2200,2,W,2,ROOT_PFTC7_SITE2_(nogp)_0003,15.65,0.07,3.2,403,NA,NA,NA,NA,NA,NA,NA,NA
14/12/2023,2200,2,W,2,ROOT_PFTC7_SITE2_(nogp)_0003,15.73,0.12,1.4,242,NA,NA,NA,NA,NA,NA,NA,NA
14/12/2023,2200,2,W,2,ROOT_PFTC7_SITE2_(nogp)_0003,15.86,0.06,11.9,1440,NA,NA,NA,NA,NA,NA,NA,NA
14/12/2023,2200,2,W,2,ROOT_PFTC7_SITE2_(nogp)_0003,15.9,0.11,2.1,523,NA,NA,NA,NA,NA,NA,NA,NA
14/12/2023,2200,2,W,2,ROOT_PFTC7_SITE2_(nogp)_0003,16.03,0.06,3.5,608,NA,NA,NA,NA,NA,NA,NA,NA
14/12/2023,2200,2,W,2,ROOT_PFTC7_SITE2_(nogp)_0003,16.68,0.07,3,954,NA,NA,NA,NA,NA,NA,NA,NA
14/12/2023,2200,2,W,2,ROOT_PFTC7_SITE2_(nogp)_0003,17.04,0.09,1.3,106,NA,NA,NA,NA,NA,NA,NA,NA
14/12/2023,2200,2,W,2,ROOT_PFTC7_SITE2_(nogp)_0003,17.13,0.05,15.5,1157,8,10,28,3.47,264.28,122.87,0.028241231,0.008962934
14/12/2023,2200,2,W,2,ROOT_PFTC7_SITE2_(nogp)_0003,17.46,0.04,6.2,338,NA,NA,NA,NA,NA,NA,NA,NA
14/12/2023,2200,2,W,2,ROOT_PFTC7_SITE2_(nogp)_0003,17.75,0.04,6.6,979,NA,NA,NA,NA,NA,NA,NA,NA
14/12/2023,2200,2,W,2,ROOT_PFTC7_SITE2_(nogp)_0003,17.85,0.07,1.6,116,NA,NA,NA,NA,NA,NA,NA,NA
14/12/2023,2200,2,W,2,ROOT_PFTC7_SITE2_(nogp)_0003,17.93,0.06,3.3,337,NA,NA,NA,NA,NA,NA,NA,NA
14/12/2023,2200,2,W,2,ROOT_PFTC7_SITE2_(nogp)_0003,18.1,0.05,4.2,291,NA,NA,NA,NA,NA,NA,NA,NA
14/12/2023,2200,2,W,2,ROOT_PFTC7_SITE2_(nogp)_0003,18.2,0.07,2.4,841,9,10,45,5.3,268.5,135.84,0.03901649,0.013107781
14/12/2023,2200,2,W,2,ROOT_PFTC7_SITE2_(nogp)_0003,18.95,0.06,4.7,1195,NA,NA,NA,NA,NA,NA,NA,NA
14/12/2023,2200,2,W,2,ROOT_PFTC7_SITE2_(nogp)_0003,19.12,0.02,46.8,3116,NA,NA,NA,NA,NA,NA,NA,NA
14/12/2023,2200,2,W,2,ROOT_PFTC7_SITE2_(nogp)_0003,19.4,0.09,1.8,179,NA,NA,NA,NA,NA,NA,NA,NA
14/12/2023,2200,2,W,2,ROOT_PFTC7_SITE2_(nogp)_0003,19.48,0.05,8.8,360,10,10,14,2.5,208.93,150.56,0.016604676,0.006954296
14/12/2023,2200,2,W,2,ROOT_PFTC7_SITE2_(nogp)_0003,19.62,0.08,1.9,259,NA,NA,NA,NA,NA,NA,NA,NA
14/12/2023,2200,2,W,2,ROOT_PFTC7_SITE2_(nogp)_0003,19.76,0.05,7.6,422,NA,NA,NA,NA,NA,NA,NA,NA
09/12/2023,2400,3,W,1,site3-1-ROOT_PFTC_SITE3_0001,0,0.03,25.3,242,NA,NA,NA,NA,NA,NA,NA,NA
09/12/2023,2400,3,W,1,site3-1-ROOT_PFTC_SITE3_0001,0.27,0.05,28.2,2292,NA,NA,NA,NA,NA,NA,NA,NA
09/12/2023,2400,3,W,1,site3-1-ROOT_PFTC_SITE3_0001,0.39,0.03,13.2,305,NA,NA,NA,NA,NA,NA,NA,NA
09/12/2023,2400,3,W,1,site3-1-ROOT_PFTC_SITE3_0001,0.5,0.07,14.1,1649,NA,NA,NA,NA,NA,NA,NA,NA
09/12/2023,2400,3,W,1,site3-1-ROOT_PFTC_SITE3_0001,0.54,0.03,19.9,402,NA,NA,NA,NA,NA,NA,NA,NA
09/12/2023,2400,3,W,1,site3-1-ROOT_PFTC_SITE3_0001,0.63,0.06,5.5,297,NA,NA,NA,NA,NA,NA,NA,NA
09/12/2023,2400,3,W,1,site3-1-ROOT_PFTC_SITE3_0001,0.66,0.13,4,196,NA,NA,NA,NA,NA,NA,NA,NA
09/12/2023,2400,3,W,1,site3-1-ROOT_PFTC_SITE3_0001,0.74,0.08,6.7,1113,NA,NA,NA,NA,NA,NA,NA,NA
09/12/2023,2400,3,W,1,site3-1-ROOT_PFTC_SITE3_0001,0.92,0.09,2.9,108,NA,NA,NA,NA,NA,NA,NA,NA
09/12/2023,2400,3,W,1,site3-1-ROOT_PFTC_SITE3_0001,1.02,0.06,6.9,972,NA,NA,NA,NA,NA,NA,NA,NA
09/12/2023,2400,3,W,1,site3-1-ROOT_PFTC_SITE3_0001,1.36,0.09,14.5,1189,NA,NA,NA,NA,NA,NA,NA,NA
09/12/2023,2400,3,W,1,site3-1-ROOT_PFTC_SITE3_0001,1.43,0.13,2.5,167,NA,NA,NA,NA,NA,NA,NA,NA
09/12/2023,2400,3,W,1,site3-1-ROOT_PFTC_SITE3_0001,1.47,0.05,17.9,993,1,10,24,13.91,31.36,48.8,0.285040984,0.173527944
09/12/2023,2400,3,W,1,site3-1-ROOT_PFTC_SITE3_0001,1.78,0.03,28.3,1150,NA,NA,NA,NA,NA,NA,NA,NA
09/12/2023,2400,3,W,1,site3-1-ROOT_PFTC_SITE3_0001,1.84,0.07,6.1,448,NA,NA,NA,NA,NA,NA,NA,NA
09/12/2023,2400,3,W,1,site3-1-ROOT_PFTC_SITE3_0001,2.1,0.07,13.1,606,NA,NA,NA,NA,NA,NA,NA,NA
09/12/2023,2400,3,W,1,site3-1-ROOT_PFTC_SITE3_0001,2.25,0.06,22.2,602,NA,NA,NA,NA,NA,NA,NA,NA
09/12/2023,2400,3,W,1,site3-1-ROOT_PFTC_SITE3_0001,2.56,0.06,11.6,527,NA,NA,NA,NA,NA,NA,NA,NA
09/12/2023,2400,3,W,1,site3-1-ROOT_PFTC_SITE3_0001,2.8,0.12,3,251,NA,NA,NA,NA,NA,NA,NA,NA
09/12/2023,2400,3,W,1,site3-1-ROOT_PFTC_SITE3_0001,2.86,0.04,7.7,421,NA,NA,NA,NA,NA,NA,NA,NA
09/12/2023,2400,3,W,1,site3-1-ROOT_PFTC_SITE3_0001,2.93,0.05,6.9,137,NA,NA,NA,NA,NA,NA,NA,NA
09/12/2023,2400,3,W,1,site3-1-ROOT_PFTC_SITE3_0001,3.19,0.07,8.3,856,NA,NA,NA,NA,NA,NA,NA,NA
09/12/2023,2400,3,W,1,site3-1-ROOT_PFTC_SITE3_0001,3.39,0.07,4.5,276,NA,NA,NA,NA,NA,NA,NA,NA
09/12/2023,2400,3,W,1,site3-1-ROOT_PFTC_SITE3_0001,3.61,0.1,7.5,742,NA,NA,NA,NA,NA,NA,NA,NA
09/12/2023,2400,3,W,1,site3-1-ROOT_PFTC_SITE3_0001,3.69,0.11,3.1,301,NA,NA,NA,NA,NA,NA,NA,NA
09/12/2023,2400,3,W,1,site3-1-ROOT_PFTC_SITE3_0001,3.73,0.05,6.3,470,NA,NA,NA,NA,NA,NA,NA,NA
09/12/2023,2400,3,W,1,site3-1-ROOT_PFTC_SITE3_0001,3.86,0.05,12.3,643,2,13,37.5,7.91,46.4,56.49,0.140024783,0.076878219
09/12/2023,2400,3,W,1,site3-1-ROOT_PFTC_SITE3_0001,4.19,0.05,27.6,1490,NA,NA,NA,NA,NA,NA,NA,NA
09/12/2023,2400,3,W,1,site3-1-ROOT_PFTC_SITE3_0001,4.46,0.06,36.4,2509,NA,NA,NA,NA,NA,NA,NA,NA
09/12/2023,2400,3,W,1,site3-1-ROOT_PFTC_SITE3_0001,4.73,0.06,5.4,129,NA,NA,NA,NA,NA,NA,NA,NA
09/12/2023,2400,3,W,1,site3-1-ROOT_PFTC_SITE3_0001,4.81,0.06,6.7,195,NA,NA,NA,NA,NA,NA,NA,NA
09/12/2023,2400,3,W,1,site3-1-ROOT_PFTC_SITE3_0001,5.02,0.09,5.8,914,3,11.5,38,19.62,75.28,102.72,0.191004673,0.110224719
09/12/2023,2400,3,W,1,site3-1-ROOT_PFTC_SITE3_0001,5.38,0.08,9.5,703,NA,NA,NA,NA,NA,NA,NA,NA
09/12/2023,2400,3,W,1,site3-1-ROOT_PFTC_SITE3_0001,5.67,0.05,15.9,1059,NA,NA,NA,NA,NA,NA,NA,NA
09/12/2023,2400,3,W,1,site3-1-ROOT_PFTC_SITE3_0001,5.99,0.06,4.8,147,NA,NA,NA,NA,NA,NA,NA,NA
09/12/2023,2400,3,W,1,site3-1-ROOT_PFTC_SITE3_0001,6.08,0.05,70.5,3607,NA,NA,NA,NA,NA,NA,NA,NA
09/12/2023,2400,3,W,1,site3-1-ROOT_PFTC_SITE3_0001,6.44,0.05,5.3,186,NA,NA,NA,NA,NA,NA,NA,NA
09/12/2023,2400,3,W,1,site3-1-ROOT_PFTC_SITE3_0001,6.55,0.08,2.4,74,NA,NA,NA,NA,NA,NA,NA,NA
09/12/2023,2400,3,W,1,site3-1-ROOT_PFTC_SITE3_0001,6.93,0.06,5.7,294,NA,NA,NA,NA,NA,NA,NA,NA
09/12/2023,2400,3,W,1,site3-1-ROOT_PFTC_SITE3_0001,7.13,0.1,42.4,2427,NA,NA,NA,NA,NA,NA,NA,NA
09/12/2023,2400,3,W,1,site3-1-ROOT_PFTC_SITE3_0001,7.28,0.07,3.8,384,NA,NA,NA,NA,NA,NA,NA,NA
09/12/2023,2400,3,W,1,site3-1-ROOT_PFTC_SITE3_0001,7.69,0.12,4.8,862,NA,NA,NA,NA,NA,NA,NA,NA
09/12/2023,2400,3,W,1,site3-1-ROOT_PFTC_SITE3_0001,7.93,0.05,23.2,1452,NA,NA,NA,NA,NA,NA,NA,NA
09/12/2023,2400,3,W,1,site3-1-ROOT_PFTC_SITE3_0001,8.28,0.05,5.6,265,NA,NA,NA,NA,NA,NA,NA,NA
09/12/2023,2400,3,W,1,site3-1-ROOT_PFTC_SITE3_0001,8.43,0.08,3.3,244,NA,NA,NA,NA,NA,NA,NA,NA
09/12/2023,2400,3,W,1,site3-1-ROOT_PFTC_SITE3_0001,8.56,0.04,16,386,NA,NA,NA,NA,NA,NA,NA,NA
09/12/2023,2400,3,W,1,site3-1-ROOT_PFTC_SITE3_0001,8.7,0.06,6.1,270,NA,NA,NA,NA,NA,NA,NA,NA
09/12/2023,2400,3,W,1,site3-1-ROOT_PFTC_SITE3_0001,9.1,0.04,40.6,1965,NA,NA,NA,NA,NA,NA,NA,NA
09/12/2023,2400,3,W,1,site3-1-ROOT_PFTC_SITE3_0001,9.18,0.06,3.5,258,NA,NA,NA,NA,NA,NA,NA,NA
09/12/2023,2400,3,W,1,site3-1-ROOT_PFTC_SITE3_0001,9.41,0.09,4.7,513,NA,NA,NA,NA,NA,NA,NA,NA
09/12/2023,2400,3,W,1,site3-1-ROOT_PFTC_SITE3_0001,9.76,0.07,8.5,604,NA,NA,NA,NA,NA,NA,NA,NA
09/12/2023,2400,3,W,1,site3-1-ROOT_PFTC_SITE3_0001,10.05,0.08,13.1,563,NA,NA,NA,NA,NA,NA,NA,NA
09/12/2023,2400,3,W,1,site3-1-ROOT_PFTC_SITE3_0001,10.21,0.05,13.8,1232,NA,NA,NA,NA,NA,NA,NA,NA
09/12/2023,2400,3,W,1,site3-1-ROOT_PFTC_SITE3_0001,10.46,0.06,9.8,1958,NA,NA,NA,NA,NA,NA,NA,NA
09/12/2023,2400,3,W,1,site3-1-ROOT_PFTC_SITE3_0001,10.67,0.09,7.3,603,NA,NA,NA,NA,NA,NA,NA,NA
09/12/2023,2400,3,W,1,site3-1-ROOT_PFTC_SITE3_0001,11.08,0.08,4.2,234,4,16,39,9.26,107.38,84.69,0.109339946,0.04821159
09/12/2023,2400,3,W,1,site3-1-ROOT_PFTC_SITE3_0001,11.23,0.05,21.7,926,NA,NA,NA,NA,NA,NA,NA,NA
09/12/2023,2400,3,W,1,site3-1-ROOT_PFTC_SITE3_0001,11.35,0.1,4.8,500,NA,NA,NA,NA,NA,NA,NA,NA
09/12/2023,2400,3,W,1,site3-1-ROOT_PFTC_SITE3_0001,11.45,0.07,5.5,808,NA,NA,NA,NA,NA,NA,NA,NA
09/12/2023,2400,3,W,1,site3-1-ROOT_PFTC_SITE3_0001,11.57,0.11,5.2,549,NA,NA,NA,NA,NA,NA,NA,NA
09/12/2023,2400,3,W,1,site3-1-ROOT_PFTC_SITE3_0001,12.03,0.04,32.7,2516,NA,NA,NA,NA,NA,NA,NA,NA
09/12/2023,2400,3,W,1,site3-1-ROOT_PFTC_SITE3_0001,12.36,0.12,3.5,494,NA,NA,NA,NA,NA,NA,NA,NA
09/12/2023,2400,3,W,1,site3-1-ROOT_PFTC_SITE3_0001,12.41,0.06,9.8,1112,NA,NA,NA,NA,NA,NA,NA,NA
09/12/2023,2400,3,W,1,site3-1-ROOT_PFTC_SITE3_0001,12.53,0.13,3.6,383,NA,NA,NA,NA,NA,NA,NA,NA
09/12/2023,2400,3,W,1,site3-1-ROOT_PFTC_SITE3_0001,12.62,0.08,11,1635,NA,NA,NA,NA,NA,NA,NA,NA
09/12/2023,2400,3,W,1,site3-1-ROOT_PFTC_SITE3_0001,12.78,0.06,8.2,467,NA,NA,NA,NA,NA,NA,NA,NA
09/12/2023,2400,3,W,1,site3-1-ROOT_PFTC_SITE3_0001,12.84,0.01,35.2,2331,NA,NA,NA,NA,NA,NA,NA,NA
09/12/2023,2400,3,W,1,site3-1-ROOT_PFTC_SITE3_0001,12.96,0.12,5,933,NA,NA,NA,NA,NA,NA,NA,NA
09/12/2023,2400,3,W,1,site3-1-ROOT_PFTC_SITE3_0001,13.08,0.15,2.4,196,NA,NA,NA,NA,NA,NA,NA,NA
09/12/2023,2400,3,W,1,site3-1-ROOT_PFTC_SITE3_0001,13.16,0.04,18.9,1068,5,13.8,25,5.69,133.77,116.65,0.048778397,0.022721827
09/12/2023,2400,3,W,1,site3-1-ROOT_PFTC_SITE3_0001,13.23,0.09,5.1,216,NA,NA,NA,NA,NA,NA,NA,NA
09/12/2023,2400,3,W,1,site3-1-ROOT_PFTC_SITE3_0001,13.36,0.11,4,458,NA,NA,NA,NA,NA,NA,NA,NA
09/12/2023,2400,3,W,1,site3-1-ROOT_PFTC_SITE3_0001,13.57,0.02,21.5,809,NA,NA,NA,NA,NA,NA,NA,NA
09/12/2023,2400,3,W,1,site3-1-ROOT_PFTC_SITE3_0001,13.66,0.07,4.3,602,NA,NA,NA,NA,NA,NA,NA,NA
09/12/2023,2400,3,W,1,site3-1-ROOT_PFTC_SITE3_0001,13.77,0.11,2.2,80,NA,NA,NA,NA,NA,NA,NA,NA
09/12/2023,2400,3,W,1,site3-1-ROOT_PFTC_SITE3_0001,14.09,0.07,8.3,771,6,10.5,14,2.57,51.06,37.2,0.069086022,0.029118513
09/12/2023,2400,3,W,1,site3-1-ROOT_PFTC_SITE3_0001,14.2,0.1,7.9,1033,NA,NA,NA,NA,NA,NA,NA,NA
09/12/2023,2400,3,W,1,site3-1-ROOT_PFTC_SITE3_0001,14.42,0.09,9.6,1319,NA,NA,NA,NA,NA,NA,NA,NA
09/12/2023,2400,3,W,1,site3-1-ROOT_PFTC_SITE3_0001,14.52,0.06,11.3,1657,NA,NA,NA,NA,NA,NA,NA,NA
09/12/2023,2400,3,W,1,site3-1-ROOT_PFTC_SITE3_0001,14.75,0.07,4.6,785,NA,NA,NA,NA,NA,NA,NA,NA
09/12/2023,2400,3,W,1,site3-1-ROOT_PFTC_SITE3_0001,14.84,0.03,8.4,318,NA,NA,NA,NA,NA,NA,NA,NA
09/12/2023,2400,3,W,1,site3-1-ROOT_PFTC_SITE3_0001,15.08,0.06,6.3,570,7,10,35,3.23,38.63,44.56,0.072486535,0.038826782
09/12/2023,2400,3,W,1,site3-1-ROOT_PFTC_SITE3_0001,15.21,0.04,24.2,1517,NA,NA,NA,NA,NA,NA,NA,NA
09/12/2023,2400,3,W,1,site3-1-ROOT_PFTC_SITE3_0001,15.31,0.08,11.6,1265,NA,NA,NA,NA,NA,NA,NA,NA
09/12/2023,2400,3,W,1,site3-1-ROOT_PFTC_SITE3_0001,15.42,0.11,3.4,537,NA,NA,NA,NA,NA,NA,NA,NA
09/12/2023,2400,3,W,1,site3-1-ROOT_PFTC_SITE3_0001,15.51,0.17,2.2,133,NA,NA,NA,NA,NA,NA,NA,NA
09/12/2023,2400,3,W,1,site3-1-ROOT_PFTC_SITE3_0001,15.57,0.06,14.8,1157,NA,NA,NA,NA,NA,NA,NA,NA
09/12/2023,2400,3,W,1,site3-1-ROOT_PFTC_SITE3_0001,15.83,0.04,11.8,587,NA,NA,NA,NA,NA,NA,NA,NA
09/12/2023,2400,3,W,1,site3-1-ROOT_PFTC_SITE3_0001,16.12,0.05,11,434,NA,NA,NA,NA,NA,NA,NA,NA
09/12/2023,2400,3,W,1,site3-1-ROOT_PFTC_SITE3_0001,16.36,0.19,4.7,387,NA,NA,NA,NA,NA,NA,NA,NA
09/12/2023,2400,3,W,1,site3-1-ROOT_PFTC_SITE3_0001,16.39,0.06,4.5,846,NA,NA,NA,NA,NA,NA,NA,NA
09/12/2023,2400,3,W,1,site3-1-ROOT_PFTC_SITE3_0001,16.58,0.11,4.6,507,NA,NA,NA,NA,NA,NA,NA,NA
09/12/2023,2400,3,W,1,site3-1-ROOT_PFTC_SITE3_0001,16.71,0.08,10.6,1484,NA,NA,NA,NA,NA,NA,NA,NA
09/12/2023,2400,3,W,1,site3-1-ROOT_PFTC_SITE3_0001,16.97,0.11,7.7,629,NA,NA,NA,NA,NA,NA,NA,NA
09/12/2023,2400,3,W,1,site3-1-ROOT_PFTC_SITE3_0001,17.07,0.05,4.4,202,NA,NA,NA,NA,NA,NA,NA,NA
09/12/2023,2400,3,W,1,site3-1-ROOT_PFTC_SITE3_0001,17.25,0.05,6.8,227,NA,NA,NA,NA,NA,NA,NA,NA
09/12/2023,2400,3,W,1,site3-1-ROOT_PFTC_SITE3_0001,17.34,0.09,3.8,275,NA,NA,NA,NA,NA,NA,NA,NA
09/12/2023,2400,3,W,1,site3-1-ROOT_PFTC_SITE3_0001,17.56,0.04,19.8,984,NA,NA,NA,NA,NA,NA,NA,NA
09/12/2023,2400,3,W,1,site3-1-ROOT_PFTC_SITE3_0001,17.87,0.09,11.8,1046,8,10,29,2.69,63.23,52.14,0.051591868,0.023316287
09/12/2023,2400,3,W,1,site3-1-ROOT_PFTC_SITE3_0001,17.99,0.04,12.5,412,NA,NA,NA,NA,NA,NA,NA,NA
09/12/2023,2400,3,W,1,site3-1-ROOT_PFTC_SITE3_0001,18.2,0.02,51.3,1958,NA,NA,NA,NA,NA,NA,NA,NA
09/12/2023,2400,3,W,1,site3-1-ROOT_PFTC_SITE3_0001,18.33,0.07,4.1,166,NA,NA,NA,NA,NA,NA,NA,NA
09/12/2023,2400,3,W,1,site3-1-ROOT_PFTC_SITE3_0001,18.41,0.02,23.6,1306,NA,NA,NA,NA,NA,NA,NA,NA
09/12/2023,2400,3,W,1,site3-1-ROOT_PFTC_SITE3_0001,18.49,0.08,12.8,1568,NA,NA,NA,NA,NA,NA,NA,NA
09/12/2023,2400,3,W,1,site3-1-ROOT_PFTC_SITE3_0001,18.57,0.05,39,1136,9,9,12.5,1.36,53.77,46.05,0.029533116,0.013624524
09/12/2023,2400,3,W,1,site3-1-ROOT_PFTC_SITE3_0001,18.87,0.16,2.1,102,NA,NA,NA,NA,NA,NA,NA,NA
09/12/2023,2400,3,W,1,site3-1-ROOT_PFTC_SITE3_0001,19.04,0.09,13.6,2456,NA,NA,NA,NA,NA,NA,NA,NA
09/12/2023,2400,3,W,1,site3-1-ROOT_PFTC_SITE3_0001,19.14,0.17,2.6,138,NA,NA,NA,NA,NA,NA,NA,NA
09/12/2023,2400,3,W,1,site3-1-ROOT_PFTC_SITE3_0001,19.26,0.08,6.9,712,NA,NA,NA,NA,NA,NA,NA,NA
09/12/2023,2400,3,W,1,site3-1-ROOT_PFTC_SITE3_0001,19.31,0.02,10.8,1162,NA,NA,NA,NA,NA,NA,NA,NA
09/12/2023,2400,3,W,1,site3-1-ROOT_PFTC_SITE3_0001,19.42,0.17,3.2,346,NA,NA,NA,NA,NA,NA,NA,NA
09/12/2023,2400,3,W,1,site3-1-ROOT_PFTC_SITE3_0001,19.54,0.12,5,745,NA,NA,NA,NA,NA,NA,NA,NA
09/12/2023,2400,3,W,1,site3-1-ROOT_PFTC_SITE3_0001,19.64,0.05,7.5,529,NA,NA,NA,NA,NA,NA,NA,NA
09/12/2023,2400,3,W,1,site3-1-ROOT_PFTC_SITE3_0001,19.8,0.05,6.6,847,NA,NA,NA,NA,NA,NA,NA,NA
09/12/2023,2400,3,W,1,site3-1-ROOT_PFTC_SITE3_0001,19.9,0.07,20.9,2010,10,12,17.5,3.22,32.64,35.17,0.091555303,0.047485622
09/12/2023,2400,3,W,2,site3-2-ROOT_PFTC_SITE3_0002,0.04,0.09,3.1,140,NA,NA,NA,NA,NA,NA,NA,NA
09/12/2023,2400,3,W,2,site3-2-ROOT_PFTC_SITE3_0002,0.13,0.11,3.5,353,NA,NA,NA,NA,NA,NA,NA,NA
09/12/2023,2400,3,W,2,site3-2-ROOT_PFTC_SITE3_0002,0.26,0.07,26.5,2285,NA,NA,NA,NA,NA,NA,NA,NA
09/12/2023,2400,3,W,2,site3-2-ROOT_PFTC_SITE3_0002,0.51,0.09,14.2,1082,NA,NA,NA,NA,NA,NA,NA,NA
09/12/2023,2400,3,W,2,site3-2-ROOT_PFTC_SITE3_0002,0.67,0.11,3.2,351,NA,NA,NA,NA,NA,NA,NA,NA
09/12/2023,2400,3,W,2,site3-2-ROOT_PFTC_SITE3_0002,0.88,0.03,55.4,3002,NA,NA,NA,NA,NA,NA,NA,NA
09/12/2023,2400,3,W,2,site3-2-ROOT_PFTC_SITE3_0002,0.96,0.05,5.3,239,NA,NA,NA,NA,NA,NA,NA,NA
09/12/2023,2400,3,W,2,site3-2-ROOT_PFTC_SITE3_0002,1.23,0.06,6.4,889,NA,NA,NA,NA,NA,NA,NA,NA
09/12/2023,2400,3,W,2,site3-2-ROOT_PFTC_SITE3_0002,1.32,0.04,12.1,968,NA,NA,NA,NA,NA,NA,NA,NA
09/12/2023,2400,3,W,2,site3-2-ROOT_PFTC_SITE3_0002,1.44,0.07,12.1,1429,NA,NA,NA,NA,NA,NA,NA,NA
09/12/2023,2400,3,W,2,site3-2-ROOT_PFTC_SITE3_0002,1.58,0.08,6.9,406,NA,NA,NA,NA,NA,NA,NA,NA
09/12/2023,2400,3,W,2,site3-2-ROOT_PFTC_SITE3_0002,1.67,0.12,4.1,315,NA,NA,NA,NA,NA,NA,NA,NA
09/12/2023,2400,3,W,2,site3-2-ROOT_PFTC_SITE3_0002,1.95,0.04,24,1796,NA,NA,NA,NA,NA,NA,NA,NA
09/12/2023,2400,3,W,2,site3-2-ROOT_PFTC_SITE3_0002,2.11,0.05,4.6,235,NA,NA,NA,NA,NA,NA,NA,NA
09/12/2023,2400,3,W,2,site3-2-ROOT_PFTC_SITE3_0002,2.29,0.09,4,625,NA,NA,NA,NA,NA,NA,NA,NA
09/12/2023,2400,3,W,2,site3-2-ROOT_PFTC_SITE3_0002,2.38,0.05,15.8,987,NA,NA,NA,NA,NA,NA,NA,NA
09/12/2023,2400,3,W,2,site3-2-ROOT_PFTC_SITE3_0002,2.51,0.22,2.4,142,NA,NA,NA,NA,NA,NA,NA,NA
09/12/2023,2400,3,W,2,site3-2-ROOT_PFTC_SITE3_0002,2.53,0.1,3.4,206,NA,NA,NA,NA,NA,NA,NA,NA
09/12/2023,2400,3,W,2,site3-2-ROOT_PFTC_SITE3_0002,2.65,0.08,6.9,880,NA,NA,NA,NA,NA,NA,NA,NA
09/12/2023,2400,3,W,2,site3-2-ROOT_PFTC_SITE3_0002,2.79,0.04,51.3,1559,1,11,21,13.8,42.09,47.71,0.289247537,0.153674833
09/12/2023,2400,3,W,2,site3-2-ROOT_PFTC_SITE3_0002,2.94,0.06,19.3,864,NA,NA,NA,NA,NA,NA,NA,NA
09/12/2023,2400,3,W,2,site3-2-ROOT_PFTC_SITE3_0002,3,0.07,5.1,325,NA,NA,NA,NA,NA,NA,NA,NA
09/12/2023,2400,3,W,2,site3-2-ROOT_PFTC_SITE3_0002,3.21,0.04,45.3,1358,NA,NA,NA,NA,NA,NA,NA,NA
09/12/2023,2400,3,W,2,site3-2-ROOT_PFTC_SITE3_0002,3.27,0.08,4.7,371,NA,NA,NA,NA,NA,NA,NA,NA
09/12/2023,2400,3,W,2,site3-2-ROOT_PFTC_SITE3_0002,3.37,0.04,15.2,731,NA,NA,NA,NA,NA,NA,NA,NA
09/12/2023,2400,3,W,2,site3-2-ROOT_PFTC_SITE3_0002,3.5,0.08,7.2,1372,NA,NA,NA,NA,NA,NA,NA,NA
09/12/2023,2400,3,W,2,site3-2-ROOT_PFTC_SITE3_0002,3.87,0.05,21.5,1621,NA,NA,NA,NA,NA,NA,NA,NA
09/12/2023,2400,3,W,2,site3-2-ROOT_PFTC_SITE3_0002,4.06,0.07,3.5,177,NA,NA,NA,NA,NA,NA,NA,NA
09/12/2023,2400,3,W,2,site3-2-ROOT_PFTC_SITE3_0002,4.2,0.07,50,1377,2,17.5,42,2.63,87.51,72.23,0.036411463,0.016464254
09/12/2023,2400,3,W,2,site3-2-ROOT_PFTC_SITE3_0002,4.55,0.08,5.2,592,NA,NA,NA,NA,NA,NA,NA,NA
09/12/2023,2400,3,W,2,site3-2-ROOT_PFTC_SITE3_0002,4.65,0.04,16.4,914,NA,NA,NA,NA,NA,NA,NA,NA
09/12/2023,2400,3,W,2,site3-2-ROOT_PFTC_SITE3_0002,4.95,0.07,6.6,360,NA,NA,NA,NA,NA,NA,NA,NA
09/12/2023,2400,3,W,2,site3-2-ROOT_PFTC_SITE3_0002,5.09,0.02,24.6,1447,NA,NA,NA,NA,NA,NA,NA,NA
09/12/2023,2400,3,W,2,site3-2-ROOT_PFTC_SITE3_0002,5.22,0.04,14.6,1223,NA,NA,NA,NA,NA,NA,NA,NA
09/12/2023,2400,3,W,2,site3-2-ROOT_PFTC_SITE3_0002,5.35,0.06,4.5,438,3,10,37,4.38,41.31,45.02,0.097290093,0.05073555
09/12/2023,2400,3,W,2,site3-2-ROOT_PFTC_SITE3_0002,5.49,0.06,8,700,NA,NA,NA,NA,NA,NA,NA,NA
09/12/2023,2400,3,W,2,site3-2-ROOT_PFTC_SITE3_0002,5.69,0.03,24.3,1294,NA,NA,NA,NA,NA,NA,NA,NA
09/12/2023,2400,3,W,2,site3-2-ROOT_PFTC_SITE3_0002,5.73,0.1,4.9,420,NA,NA,NA,NA,NA,NA,NA,NA
09/12/2023,2400,3,W,2,site3-2-ROOT_PFTC_SITE3_0002,5.89,0.06,4.1,407,4,11,45,2.1,58.54,48.49,0.043307899,0.019620667
09/12/2023,2400,3,W,2,site3-2-ROOT_PFTC_SITE3_0002,5.98,0.06,9.5,663,NA,NA,NA,NA,NA,NA,NA,NA
09/12/2023,2400,3,W,2,site3-2-ROOT_PFTC_SITE3_0002,6.1,0.11,3.9,433,NA,NA,NA,NA,NA,NA,NA,NA
09/12/2023,2400,3,W,2,site3-2-ROOT_PFTC_SITE3_0002,6.23,0.11,11.3,1782,NA,NA,NA,NA,NA,NA,NA,NA
09/12/2023,2400,3,W,2,site3-2-ROOT_PFTC_SITE3_0002,6.46,0.14,2.6,146,NA,NA,NA,NA,NA,NA,NA,NA
09/12/2023,2400,3,W,2,site3-2-ROOT_PFTC_SITE3_0002,6.56,0.08,14.9,980,NA,NA,NA,NA,NA,NA,NA,NA
09/12/2023,2400,3,W,2,site3-2-ROOT_PFTC_SITE3_0002,6.91,0.1,3.8,379,NA,NA,NA,NA,NA,NA,NA,NA
09/12/2023,2400,3,W,2,site3-2-ROOT_PFTC_SITE3_0002,7.14,0.04,18.7,2648,NA,NA,NA,NA,NA,NA,NA,NA
09/12/2023,2400,3,W,2,site3-2-ROOT_PFTC_SITE3_0002,7.38,0.07,7,659,NA,NA,NA,NA,NA,NA,NA,NA
09/12/2023,2400,3,W,2,site3-2-ROOT_PFTC_SITE3_0002,7.58,0.06,25.9,774,NA,NA,NA,NA,NA,NA,NA,NA
09/12/2023,2400,3,W,2,site3-2-ROOT_PFTC_SITE3_0002,8,0.01,17.2,638,NA,NA,NA,NA,NA,NA,NA,NA
09/12/2023,2400,3,W,2,site3-2-ROOT_PFTC_SITE3_0002,8.48,0.1,4.9,318,NA,NA,NA,NA,NA,NA,NA,NA
09/12/2023,2400,3,W,2,site3-2-ROOT_PFTC_SITE3_0002,8.69,0.05,6.7,346,5,10.5,35,8.47,76.78,78.39,0.108049496,0.054585294
09/12/2023,2400,3,W,2,site3-2-ROOT_PFTC_SITE3_0002,8.81,0.03,9.7,641,NA,NA,NA,NA,NA,NA,NA,NA
09/12/2023,2400,3,W,2,site3-2-ROOT_PFTC_SITE3_0002,8.88,0.04,28,1211,NA,NA,NA,NA,NA,NA,NA,NA
09/12/2023,2400,3,W,2,site3-2-ROOT_PFTC_SITE3_0002,9.01,0.03,25.7,578,NA,NA,NA,NA,NA,NA,NA,NA
09/12/2023,2400,3,W,2,site3-2-ROOT_PFTC_SITE3_0002,9.29,0.05,6.6,818,NA,NA,NA,NA,NA,NA,NA,NA
09/12/2023,2400,3,W,2,site3-2-ROOT_PFTC_SITE3_0002,9.33,0.13,3.8,442,NA,NA,NA,NA,NA,NA,NA,NA
09/12/2023,2400,3,W,2,site3-2-ROOT_PFTC_SITE3_0002,9.5,0.08,6,382,NA,NA,NA,NA,NA,NA,NA,NA
09/12/2023,2400,3,W,2,site3-2-ROOT_PFTC_SITE3_0002,9.62,0.08,8.1,1235,NA,NA,NA,NA,NA,NA,NA,NA
09/12/2023,2400,3,W,2,site3-2-ROOT_PFTC_SITE3_0002,9.64,0.17,2.5,191,NA,NA,NA,NA,NA,NA,NA,NA
09/12/2023,2400,3,W,2,site3-2-ROOT_PFTC_SITE3_0002,9.73,0.09,4.5,449,6,11,31,14.33,47.94,96.25,0.148883117,0.099382759
09/12/2023,2400,3,W,2,site3-2-ROOT_PFTC_SITE3_0002,9.85,0.03,8.9,504,NA,NA,NA,NA,NA,NA,NA,NA
09/12/2023,2400,3,W,2,site3-2-ROOT_PFTC_SITE3_0002,10.16,0.05,5.3,349,NA,NA,NA,NA,NA,NA,NA,NA
09/12/2023,2400,3,W,2,site3-2-ROOT_PFTC_SITE3_0002,10.4,0.04,5.9,236,NA,NA,NA,NA,NA,NA,NA,NA
09/12/2023,2400,3,W,2,site3-2-ROOT_PFTC_SITE3_0002,10.47,0.06,4.9,251,NA,NA,NA,NA,NA,NA,NA,NA
09/12/2023,2400,3,W,2,site3-2-ROOT_PFTC_SITE3_0002,10.83,0.04,8.3,369,NA,NA,NA,NA,NA,NA,NA,NA
09/12/2023,2400,3,W,2,site3-2-ROOT_PFTC_SITE3_0002,11.07,0.05,40.2,2455,NA,NA,NA,NA,NA,NA,NA,NA
09/12/2023,2400,3,W,2,site3-2-ROOT_PFTC_SITE3_0002,11.38,0.1,3.7,292,7,10,35,7.99,42.42,36.65,0.218008186,0.101049703
09/12/2023,2400,3,W,2,site3-2-ROOT_PFTC_SITE3_0002,11.44,0.05,6.4,669,NA,NA,NA,NA,NA,NA,NA,NA
09/12/2023,2400,3,W,2,site3-2-ROOT_PFTC_SITE3_0002,11.53,0.03,16.7,903,NA,NA,NA,NA,NA,NA,NA,NA
09/12/2023,2400,3,W,2,site3-2-ROOT_PFTC_SITE3_0002,11.61,0.06,4.9,315,NA,NA,NA,NA,NA,NA,NA,NA
09/12/2023,2400,3,W,2,site3-2-ROOT_PFTC_SITE3_0002,11.67,0.15,5.8,982,NA,NA,NA,NA,NA,NA,NA,NA
09/12/2023,2400,3,W,2,site3-2-ROOT_PFTC_SITE3_0002,11.95,0.07,3.4,118,NA,NA,NA,NA,NA,NA,NA,NA
09/12/2023,2400,3,W,2,site3-2-ROOT_PFTC_SITE3_0002,12.06,0.05,7.8,445,NA,NA,NA,NA,NA,NA,NA,NA
09/12/2023,2400,3,W,2,site3-2-ROOT_PFTC_SITE3_0002,12.24,0.04,5.9,321,NA,NA,NA,NA,NA,NA,NA,NA
09/12/2023,2400,3,W,2,site3-2-ROOT_PFTC_SITE3_0002,12.32,0.08,3.1,195,NA,NA,NA,NA,NA,NA,NA,NA
09/12/2023,2400,3,W,2,site3-2-ROOT_PFTC_SITE3_0002,12.6,0.08,4.2,353,NA,NA,NA,NA,NA,NA,NA,NA
09/12/2023,2400,3,W,2,site3-2-ROOT_PFTC_SITE3_0002,12.72,0.06,5.5,725,8,11,27,4.75,57.92,72.56,0.065463065,0.036404047
09/12/2023,2400,3,W,2,site3-2-ROOT_PFTC_SITE3_0002,12.8,0.09,2.9,103,NA,NA,NA,NA,NA,NA,NA,NA
09/12/2023,2400,3,W,2,site3-2-ROOT_PFTC_SITE3_0002,12.93,0.06,4.1,237,NA,NA,NA,NA,NA,NA,NA,NA
09/12/2023,2400,3,W,2,site3-2-ROOT_PFTC_SITE3_0002,13.01,0.04,37,2367,NA,NA,NA,NA,NA,NA,NA,NA
09/12/2023,2400,3,W,2,site3-2-ROOT_PFTC_SITE3_0002,13.16,0.04,5.3,219,NA,NA,NA,NA,NA,NA,NA,NA
09/12/2023,2400,3,W,2,site3-2-ROOT_PFTC_SITE3_0002,13.26,0.06,4,432,NA,NA,NA,NA,NA,NA,NA,NA
09/12/2023,2400,3,W,2,site3-2-ROOT_PFTC_SITE3_0002,13.4,0.05,30.6,2261,NA,NA,NA,NA,NA,NA,NA,NA
09/12/2023,2400,3,W,2,site3-2-ROOT_PFTC_SITE3_0002,13.84,0.08,4.2,359,NA,NA,NA,NA,NA,NA,NA,NA
09/12/2023,2400,3,W,2,site3-2-ROOT_PFTC_SITE3_0002,13.95,0.05,6.2,236,NA,NA,NA,NA,NA,NA,NA,NA
09/12/2023,2400,3,W,2,site3-2-ROOT_PFTC_SITE3_0002,14.16,0.07,3.9,549,NA,NA,NA,NA,NA,NA,NA,NA
09/12/2023,2400,3,W,2,site3-2-ROOT_PFTC_SITE3_0002,14.34,0.07,7.8,639,NA,NA,NA,NA,NA,NA,NA,NA
09/12/2023,2400,3,W,2,site3-2-ROOT_PFTC_SITE3_0002,14.48,0.09,4.5,297,NA,NA,NA,NA,NA,NA,NA,NA
09/12/2023,2400,3,W,2,site3-2-ROOT_PFTC_SITE3_0002,14.58,0.07,5.2,170,NA,NA,NA,NA,NA,NA,NA,NA
09/12/2023,2400,3,W,2,site3-2-ROOT_PFTC_SITE3_0002,14.69,0.12,3.8,569,NA,NA,NA,NA,NA,NA,NA,NA
09/12/2023,2400,3,W,2,site3-2-ROOT_PFTC_SITE3_0002,14.85,0.08,13.9,1366,NA,NA,NA,NA,NA,NA,NA,NA
09/12/2023,2400,3,W,2,site3-2-ROOT_PFTC_SITE3_0002,15,0.05,9.8,737,NA,NA,NA,NA,NA,NA,NA,NA
09/12/2023,2400,3,W,2,site3-2-ROOT_PFTC_SITE3_0002,15.44,0.04,43.1,2863,NA,NA,NA,NA,NA,NA,NA,NA
09/12/2023,2400,3,W,2,site3-2-ROOT_PFTC_SITE3_0002,15.63,0.05,8.9,348,NA,NA,NA,NA,NA,NA,NA,NA
09/12/2023,2400,3,W,2,site3-2-ROOT_PFTC_SITE3_0002,15.71,0.06,4.3,303,NA,NA,NA,NA,NA,NA,NA,NA
09/12/2023,2400,3,W,2,site3-2-ROOT_PFTC_SITE3_0002,15.9,0.07,6.9,541,NA,NA,NA,NA,NA,NA,NA,NA
09/12/2023,2400,3,W,2,site3-2-ROOT_PFTC_SITE3_0002,15.99,0.1,2.8,179,NA,NA,NA,NA,NA,NA,NA,NA
09/12/2023,2400,3,W,2,site3-2-ROOT_PFTC_SITE3_0002,16.13,0.09,7,332,9,16,26,3.53,115.92,66.53,0.05305877,0.019347767
09/12/2023,2400,3,W,2,site3-2-ROOT_PFTC_SITE3_0002,16.33,0.14,3,278,NA,NA,NA,NA,NA,NA,NA,NA
09/12/2023,2400,3,W,2,site3-2-ROOT_PFTC_SITE3_0002,16.46,0.02,32.2,2892,NA,NA,NA,NA,NA,NA,NA,NA
09/12/2023,2400,3,W,2,site3-2-ROOT_PFTC_SITE3_0002,16.59,0.18,2.5,166,NA,NA,NA,NA,NA,NA,NA,NA
09/12/2023,2400,3,W,2,site3-2-ROOT_PFTC_SITE3_0002,16.71,0.05,10.4,957,NA,NA,NA,NA,NA,NA,NA,NA
09/12/2023,2400,3,W,2,site3-2-ROOT_PFTC_SITE3_0002,16.77,0.15,3,195,NA,NA,NA,NA,NA,NA,NA,NA
09/12/2023,2400,3,W,2,site3-2-ROOT_PFTC_SITE3_0002,16.81,0.07,14.9,1778,NA,NA,NA,NA,NA,NA,NA,NA
09/12/2023,2400,3,W,2,site3-2-ROOT_PFTC_SITE3_0002,17,0.04,9.6,1016,NA,NA,NA,NA,NA,NA,NA,NA
09/12/2023,2400,3,W,2,site3-2-ROOT_PFTC_SITE3_0002,17.11,0.09,7,590,NA,NA,NA,NA,NA,NA,NA,NA
09/12/2023,2400,3,W,2,site3-2-ROOT_PFTC_SITE3_0002,17.36,0.07,13.6,1029,NA,NA,NA,NA,NA,NA,NA,NA
09/12/2023,2400,3,W,2,site3-2-ROOT_PFTC_SITE3_0002,17.53,0.07,12.5,1422,NA,NA,NA,NA,NA,NA,NA,NA
09/12/2023,2400,3,W,2,site3-2-ROOT_PFTC_SITE3_0002,17.6,0.12,6.9,827,NA,NA,NA,NA,NA,NA,NA,NA
09/12/2023,2400,3,W,2,site3-2-ROOT_PFTC_SITE3_0002,17.73,0.01,12.5,499,NA,NA,NA,NA,NA,NA,NA,NA
09/12/2023,2400,3,W,2,site3-2-ROOT_PFTC_SITE3_0002,17.88,0.05,5.2,774,NA,NA,NA,NA,NA,NA,NA,NA
09/12/2023,2400,3,W,2,site3-2-ROOT_PFTC_SITE3_0002,17.99,0.09,7.7,1460,NA,NA,NA,NA,NA,NA,NA,NA
09/12/2023,2400,3,W,2,site3-2-ROOT_PFTC_SITE3_0002,18.06,0.19,3.6,381,NA,NA,NA,NA,NA,NA,NA,NA
09/12/2023,2400,3,W,2,site3-2-ROOT_PFTC_SITE3_0002,18.21,0.14,5.4,488,NA,NA,NA,NA,NA,NA,NA,NA
09/12/2023,2400,3,W,2,site3-2-ROOT_PFTC_SITE3_0002,18.24,0.01,14.1,857,NA,NA,NA,NA,NA,NA,NA,NA
09/12/2023,2400,3,W,2,site3-2-ROOT_PFTC_SITE3_0002,18.26,0.09,7.1,672,NA,NA,NA,NA,NA,NA,NA,NA
09/12/2023,2400,3,W,2,site3-2-ROOT_PFTC_SITE3_0002,18.39,0.16,3.3,285,NA,NA,NA,NA,NA,NA,NA,NA
09/12/2023,2400,3,W,2,site3-2-ROOT_PFTC_SITE3_0002,18.57,0.08,5.6,779,NA,NA,NA,NA,NA,NA,NA,NA
09/12/2023,2400,3,W,2,site3-2-ROOT_PFTC_SITE3_0002,18.71,0.07,9.3,1217,NA,NA,NA,NA,NA,NA,NA,NA
09/12/2023,2400,3,W,2,site3-2-ROOT_PFTC_SITE3_0002,18.83,0.03,17.1,1157,NA,NA,NA,NA,NA,NA,NA,NA
09/12/2023,2400,3,W,2,site3-2-ROOT_PFTC_SITE3_0002,19.02,0.09,10.2,1750,NA,NA,NA,NA,NA,NA,NA,NA
09/12/2023,2400,3,W,2,site3-2-ROOT_PFTC_SITE3_0002,19.29,0.07,33.1,1715,NA,NA,NA,NA,NA,NA,NA,NA
09/12/2023,2400,3,W,2,site3-2-ROOT_PFTC_SITE3_0002,19.5,0.07,26.7,3040,NA,NA,NA,NA,NA,NA,NA,NA
09/12/2023,2400,3,W,2,site3-2-ROOT_PFTC_SITE3_0002,19.68,0.06,8.5,717,10,12,37,8.42,41.5,69.16,0.121746674,0.076088921
09/12/2023,2400,3,W,2,site3-2-ROOT_PFTC_SITE3_0002,19.91,0.06,6,881,NA,NA,NA,NA,NA,NA,NA,NA
09/12/2023,2600,4,W,1,site4-1-ROOT_PFTC_SITE4_(nogp)_0003,0,0.02,34.4,521,NA,NA,NA,NA,NA,NA,NA,NA
09/12/2023,2600,4,W,1,site4-1-ROOT_PFTC_SITE4_(nogp)_0003,0.09,0.07,3.8,206,NA,NA,NA,NA,NA,NA,NA,NA
09/12/2023,2600,4,W,1,site4-1-ROOT_PFTC_SITE4_(nogp)_0003,0.18,0.06,5.1,422,NA,NA,NA,NA,NA,NA,NA,NA
09/12/2023,2600,4,W,1,site4-1-ROOT_PFTC_SITE4_(nogp)_0003,0.51,0.06,7.6,908,NA,NA,NA,NA,NA,NA,NA,NA
09/12/2023,2600,4,W,1,site4-1-ROOT_PFTC_SITE4_(nogp)_0003,0.63,0.08,4.2,507,NA,NA,NA,NA,NA,NA,NA,NA
09/12/2023,2600,4,W,1,site4-1-ROOT_PFTC_SITE4_(nogp)_0003,0.68,0.03,15.5,2646,NA,NA,NA,NA,NA,NA,NA,NA
09/12/2023,2600,4,W,1,site4-1-ROOT_PFTC_SITE4_(nogp)_0003,0.91,0.07,4.4,477,NA,NA,NA,NA,NA,NA,NA,NA
09/12/2023,2600,4,W,1,site4-1-ROOT_PFTC_SITE4_(nogp)_0003,1.13,0.06,11.9,3204,NA,NA,NA,NA,NA,NA,NA,NA
09/12/2023,2600,4,W,1,site4-1-ROOT_PFTC_SITE4_(nogp)_0003,1.28,0.05,6.6,963,NA,NA,NA,NA,NA,NA,NA,NA
09/12/2023,2600,4,W,1,site4-1-ROOT_PFTC_SITE4_(nogp)_0003,1.43,0.07,2.7,212,NA,NA,NA,NA,NA,NA,NA,NA
09/12/2023,2600,4,W,1,site4-1-ROOT_PFTC_SITE4_(nogp)_0003,1.51,0.04,10.9,1473,NA,NA,NA,NA,NA,NA,NA,NA
09/12/2023,2600,4,W,1,site4-1-ROOT_PFTC_SITE4_(nogp)_0003,1.6,0.05,7.2,531,NA,NA,NA,NA,NA,NA,NA,NA
09/12/2023,2600,4,W,1,site4-1-ROOT_PFTC_SITE4_(nogp)_0003,2,0.07,3.2,171,NA,NA,NA,NA,NA,NA,NA,NA
09/12/2023,2600,4,W,1,site4-1-ROOT_PFTC_SITE4_(nogp)_0003,2.13,0.06,18.2,1559,NA,NA,NA,NA,NA,NA,NA,NA
09/12/2023,2600,4,W,1,site4-1-ROOT_PFTC_SITE4_(nogp)_0003,2.28,0.03,7.3,432,1,13,15,4.31,100.97,87.33,0.049353029,0.022889007
09/12/2023,2600,4,W,1,site4-1-ROOT_PFTC_SITE4_(nogp)_0003,2.64,0.05,16.3,2682,NA,NA,NA,NA,NA,NA,NA,NA
09/12/2023,2600,4,W,1,site4-1-ROOT_PFTC_SITE4_(nogp)_0003,2.75,0.05,4,208,NA,NA,NA,NA,NA,NA,NA,NA
09/12/2023,2600,4,W,1,site4-1-ROOT_PFTC_SITE4_(nogp)_0003,2.89,0.06,2.6,211,NA,NA,NA,NA,NA,NA,NA,NA
09/12/2023,2600,4,W,1,site4-1-ROOT_PFTC_SITE4_(nogp)_0003,3.09,0.05,8.4,631,NA,NA,NA,NA,NA,NA,NA,NA
09/12/2023,2600,4,W,1,site4-1-ROOT_PFTC_SITE4_(nogp)_0003,3.19,0.04,22,1056,NA,NA,NA,NA,NA,NA,NA,NA
09/12/2023,2600,4,W,1,site4-1-ROOT_PFTC_SITE4_(nogp)_0003,3.36,0.05,9,1056,NA,NA,NA,NA,NA,NA,NA,NA
09/12/2023,2600,4,W,1,site4-1-ROOT_PFTC_SITE4_(nogp)_0003,3.49,0.04,27.5,2083,NA,NA,NA,NA,NA,NA,NA,NA
09/12/2023,2600,4,W,1,site4-1-ROOT_PFTC_SITE4_(nogp)_0003,3.67,0.03,7.6,1075,NA,NA,NA,NA,NA,NA,NA,NA
09/12/2023,2600,4,W,1,site4-1-ROOT_PFTC_SITE4_(nogp)_0003,3.86,0.01,23.5,401,NA,NA,NA,NA,NA,NA,NA,NA
09/12/2023,2600,4,W,1,site4-1-ROOT_PFTC_SITE4_(nogp)_0003,4,0.04,18.6,1056,NA,NA,NA,NA,NA,NA,NA,NA
09/12/2023,2600,4,W,1,site4-1-ROOT_PFTC_SITE4_(nogp)_0003,4.12,0.09,3.1,244,NA,NA,NA,NA,NA,NA,NA,NA
09/12/2023,2600,4,W,1,site4-1-ROOT_PFTC_SITE4_(nogp)_0003,4.27,0.06,3.8,710,NA,NA,NA,NA,NA,NA,NA,NA
09/12/2023,2600,4,W,1,site4-1-ROOT_PFTC_SITE4_(nogp)_0003,4.44,0.05,6.2,300,NA,NA,NA,NA,NA,NA,NA,NA
09/12/2023,2600,4,W,1,site4-1-ROOT_PFTC_SITE4_(nogp)_0003,4.61,0.03,21.5,1237,NA,NA,NA,NA,NA,NA,NA,NA
09/12/2023,2600,4,W,1,site4-1-ROOT_PFTC_SITE4_(nogp)_0003,4.78,0.05,13.7,761,NA,NA,NA,NA,NA,NA,NA,NA
09/12/2023,2600,4,W,1,site4-1-ROOT_PFTC_SITE4_(nogp)_0003,5.4,0.06,2.4,212,NA,NA,NA,NA,NA,NA,NA,NA
09/12/2023,2600,4,W,1,site4-1-ROOT_PFTC_SITE4_(nogp)_0003,5.48,0.02,20.2,586,NA,NA,NA,NA,NA,NA,NA,NA
09/12/2023,2600,4,W,1,site4-1-ROOT_PFTC_SITE4_(nogp)_0003,5.55,0.04,4.2,380,NA,NA,NA,NA,NA,NA,NA,NA
09/12/2023,2600,4,W,1,site4-1-ROOT_PFTC_SITE4_(nogp)_0003,5.74,0.03,6.7,706,NA,NA,NA,NA,NA,NA,NA,NA
09/12/2023,2600,4,W,1,site4-1-ROOT_PFTC_SITE4_(nogp)_0003,6.03,0.04,25.9,1137,NA,NA,NA,NA,NA,NA,NA,NA
09/12/2023,2600,4,W,1,site4-1-ROOT_PFTC_SITE4_(nogp)_0003,6.17,0.09,3,320,NA,NA,NA,NA,NA,NA,NA,NA
09/12/2023,2600,4,W,1,site4-1-ROOT_PFTC_SITE4_(nogp)_0003,6.31,0.06,25.5,4645,NA,NA,NA,NA,NA,NA,NA,NA
09/12/2023,2600,4,W,1,site4-1-ROOT_PFTC_SITE4_(nogp)_0003,6.52,0.09,2.5,236,NA,NA,NA,NA,NA,NA,NA,NA
09/12/2023,2600,4,W,1,site4-1-ROOT_PFTC_SITE4_(nogp)_0003,6.61,0.04,10.4,1036,2,7,9.5,3.42,75.55,59.01,0.057956279,0.025416171
09/12/2023,2600,4,W,1,site4-1-ROOT_PFTC_SITE4_(nogp)_0003,6.73,0.09,2.1,139,NA,NA,NA,NA,NA,NA,NA,NA
09/12/2023,2600,4,W,1,site4-1-ROOT_PFTC_SITE4_(nogp)_0003,6.86,0.06,4.9,1485,NA,NA,NA,NA,NA,NA,NA,NA
09/12/2023,2600,4,W,1,site4-1-ROOT_PFTC_SITE4_(nogp)_0003,6.97,0.04,17.5,854,NA,NA,NA,NA,NA,NA,NA,NA
09/12/2023,2600,4,W,1,site4-1-ROOT_PFTC_SITE4_(nogp)_0003,7.15,0.06,3.3,416,NA,NA,NA,NA,NA,NA,NA,NA
09/12/2023,2600,4,W,1,site4-1-ROOT_PFTC_SITE4_(nogp)_0003,7.38,0.06,5.7,963,NA,NA,NA,NA,NA,NA,NA,NA
09/12/2023,2600,4,W,1,site4-1-ROOT_PFTC_SITE4_(nogp)_0003,7.53,0.06,3.6,297,NA,NA,NA,NA,NA,NA,NA,NA
09/12/2023,2600,4,W,1,site4-1-ROOT_PFTC_SITE4_(nogp)_0003,7.69,0.02,5.5,499,NA,NA,NA,NA,NA,NA,NA,NA
09/12/2023,2600,4,W,1,site4-1-ROOT_PFTC_SITE4_(nogp)_0003,7.97,0.05,3.7,468,NA,NA,NA,NA,NA,NA,NA,NA
09/12/2023,2600,4,W,1,site4-1-ROOT_PFTC_SITE4_(nogp)_0003,8.06,0.1,3.2,345,NA,NA,NA,NA,NA,NA,NA,NA
09/12/2023,2600,4,W,1,site4-1-ROOT_PFTC_SITE4_(nogp)_0003,8.07,0.03,8,1201,NA,NA,NA,NA,NA,NA,NA,NA
09/12/2023,2600,4,W,1,site4-1-ROOT_PFTC_SITE4_(nogp)_0003,8.26,0.04,4.1,249,NA,NA,NA,NA,NA,NA,NA,NA
09/12/2023,2600,4,W,1,site4-1-ROOT_PFTC_SITE4_(nogp)_0003,8.35,0.05,12.5,845,NA,NA,NA,NA,NA,NA,NA,NA
09/12/2023,2600,4,W,1,site4-1-ROOT_PFTC_SITE4_(nogp)_0003,8.53,0.05,4.5,634,3,9,10.5,3.92,87.88,92.44,0.042405885,0.02173913
09/12/2023,2600,4,W,1,site4-1-ROOT_PFTC_SITE4_(nogp)_0003,8.59,0.04,4.2,362,NA,NA,NA,NA,NA,NA,NA,NA
09/12/2023,2600,4,W,1,site4-1-ROOT_PFTC_SITE4_(nogp)_0003,8.65,0.05,4.5,699,NA,NA,NA,NA,NA,NA,NA,NA
09/12/2023,2600,4,W,1,site4-1-ROOT_PFTC_SITE4_(nogp)_0003,8.77,0.04,2.9,92,NA,NA,NA,NA,NA,NA,NA,NA
09/12/2023,2600,4,W,1,site4-1-ROOT_PFTC_SITE4_(nogp)_0003,8.96,0.06,2.6,312,NA,NA,NA,NA,NA,NA,NA,NA
09/12/2023,2600,4,W,1,site4-1-ROOT_PFTC_SITE4_(nogp)_0003,9.1,0.04,7.6,468,NA,NA,NA,NA,NA,NA,NA,NA
09/12/2023,2600,4,W,1,site4-1-ROOT_PFTC_SITE4_(nogp)_0003,9.17,0.02,10.9,987,NA,NA,NA,NA,NA,NA,NA,NA
09/12/2023,2600,4,W,1,site4-1-ROOT_PFTC_SITE4_(nogp)_0003,9.42,0.06,7.3,2128,NA,NA,NA,NA,NA,NA,NA,NA
09/12/2023,2600,4,W,1,site4-1-ROOT_PFTC_SITE4_(nogp)_0003,9.5,0.05,5,531,NA,NA,NA,NA,NA,NA,NA,NA
09/12/2023,2600,4,W,1,site4-1-ROOT_PFTC_SITE4_(nogp)_0003,9.8,0.05,7.2,357,NA,NA,NA,NA,NA,NA,NA,NA
09/12/2023,2600,4,W,1,site4-1-ROOT_PFTC_SITE4_(nogp)_0003,10.03,0.03,16.5,839,NA,NA,NA,NA,NA,NA,NA,NA
09/12/2023,2600,4,W,1,site4-1-ROOT_PFTC_SITE4_(nogp)_0003,10.2,0.04,3.2,235,NA,NA,NA,NA,NA,NA,NA,NA
09/12/2023,2600,4,W,1,site4-1-ROOT_PFTC_SITE4_(nogp)_0003,10.3,0.03,2.8,149,NA,NA,NA,NA,NA,NA,NA,NA
09/12/2023,2600,4,W,1,site4-1-ROOT_PFTC_SITE4_(nogp)_0003,10.39,0.01,27.8,934,NA,NA,NA,NA,NA,NA,NA,NA
09/12/2023,2600,4,W,1,site4-1-ROOT_PFTC_SITE4_(nogp)_0003,10.52,0.04,4.5,348,NA,NA,NA,NA,NA,NA,NA,NA
09/12/2023,2600,4,W,1,site4-1-ROOT_PFTC_SITE4_(nogp)_0003,10.61,0.06,3.1,447,4,10,17,8.69,91.66,79.38,0.109473419,0.050806829
09/12/2023,2600,4,W,1,site4-1-ROOT_PFTC_SITE4_(nogp)_0003,10.85,0.06,6.3,607,NA,NA,NA,NA,NA,NA,NA,NA
09/12/2023,2600,4,W,1,site4-1-ROOT_PFTC_SITE4_(nogp)_0003,11.02,0.05,5.5,383,NA,NA,NA,NA,NA,NA,NA,NA
09/12/2023,2600,4,W,1,site4-1-ROOT_PFTC_SITE4_(nogp)_0003,11.46,0.04,8.8,3745,5,6.5,6.5,2.49,75.09,51.73,0.048134545,0.019634127
09/12/2023,2600,4,W,1,site4-1-ROOT_PFTC_SITE4_(nogp)_0003,11.52,0.14,2.7,191,NA,NA,NA,NA,NA,NA,NA,NA
09/12/2023,2600,4,W,1,site4-1-ROOT_PFTC_SITE4_(nogp)_0003,11.57,0.11,4.3,397,NA,NA,NA,NA,NA,NA,NA,NA
09/12/2023,2600,4,W,1,site4-1-ROOT_PFTC_SITE4_(nogp)_0003,11.73,0.04,4.2,703,NA,NA,NA,NA,NA,NA,NA,NA
09/12/2023,2600,4,W,1,site4-1-ROOT_PFTC_SITE4_(nogp)_0003,11.8,0.11,2.4,155,NA,NA,NA,NA,NA,NA,NA,NA
09/12/2023,2600,4,W,1,site4-1-ROOT_PFTC_SITE4_(nogp)_0003,11.94,0.14,2.7,339,NA,NA,NA,NA,NA,NA,NA,NA
09/12/2023,2600,4,W,1,site4-1-ROOT_PFTC_SITE4_(nogp)_0003,11.95,0.04,4.7,750,NA,NA,NA,NA,NA,NA,NA,NA
09/12/2023,2600,4,W,1,site4-1-ROOT_PFTC_SITE4_(nogp)_0003,12.14,0.05,6.1,2485,6,9.5,9.8,6.06,129.41,96.71,0.062661566,0.026799929
09/12/2023,2600,4,W,1,site4-1-ROOT_PFTC_SITE4_(nogp)_0003,12.38,0.01,35,625,NA,NA,NA,NA,NA,NA,NA,NA
09/12/2023,2600,4,W,1,site4-1-ROOT_PFTC_SITE4_(nogp)_0003,12.5,0.06,9,1542,NA,NA,NA,NA,NA,NA,NA,NA
09/12/2023,2600,4,W,1,site4-1-ROOT_PFTC_SITE4_(nogp)_0003,12.61,0.04,28.2,760,NA,NA,NA,NA,NA,NA,NA,NA
09/12/2023,2600,4,W,1,site4-1-ROOT_PFTC_SITE4_(nogp)_0003,12.8,0.07,2.2,166,NA,NA,NA,NA,NA,NA,NA,NA
09/12/2023,2600,4,W,1,site4-1-ROOT_PFTC_SITE4_(nogp)_0003,13.04,0.07,4.5,1156,NA,NA,NA,NA,NA,NA,NA,NA
09/12/2023,2600,4,W,1,site4-1-ROOT_PFTC_SITE4_(nogp)_0003,13.11,0.14,2.3,154,NA,NA,NA,NA,NA,NA,NA,NA
09/12/2023,2600,4,W,1,site4-1-ROOT_PFTC_SITE4_(nogp)_0003,13.26,0.15,2.5,252,NA,NA,NA,NA,NA,NA,NA,NA
09/12/2023,2600,4,W,1,site4-1-ROOT_PFTC_SITE4_(nogp)_0003,13.3,0.02,11,1268,NA,NA,NA,NA,NA,NA,NA,NA
09/12/2023,2600,4,W,1,site4-1-ROOT_PFTC_SITE4_(nogp)_0003,13.35,0.09,2.8,143,NA,NA,NA,NA,NA,NA,NA,NA
09/12/2023,2600,4,W,1,site4-1-ROOT_PFTC_SITE4_(nogp)_0003,13.56,0.04,3.3,524,NA,NA,NA,NA,NA,NA,NA,NA
09/12/2023,2600,4,W,1,site4-1-ROOT_PFTC_SITE4_(nogp)_0003,13.63,0.04,13.3,490,NA,NA,NA,NA,NA,NA,NA,NA
09/12/2023,2600,4,W,1,site4-1-ROOT_PFTC_SITE4_(nogp)_0003,13.77,0.02,24,1280,NA,NA,NA,NA,NA,NA,NA,NA
09/12/2023,2600,4,W,1,site4-1-ROOT_PFTC_SITE4_(nogp)_0003,13.85,0.05,4.8,900,NA,NA,NA,NA,NA,NA,NA,NA
09/12/2023,2600,4,W,1,site4-1-ROOT_PFTC_SITE4_(nogp)_0003,14.32,0.04,8.9,1854,7,5,9,1.51,64.59,56.51,0.026720934,0.012469034
09/12/2023,2600,4,W,1,site4-1-ROOT_PFTC_SITE4_(nogp)_0003,14.49,0.05,7.4,1506,NA,NA,NA,NA,NA,NA,NA,NA
09/12/2023,2600,4,W,1,site4-1-ROOT_PFTC_SITE4_(nogp)_0003,14.78,0.05,4.5,441,NA,NA,NA,NA,NA,NA,NA,NA
09/12/2023,2600,4,W,1,site4-1-ROOT_PFTC_SITE4_(nogp)_0003,14.9,0.07,2.9,231,NA,NA,NA,NA,NA,NA,NA,NA
09/12/2023,2600,4,W,1,site4-1-ROOT_PFTC_SITE4_(nogp)_0003,15.02,0.05,6.9,490,NA,NA,NA,NA,NA,NA,NA,NA
09/12/2023,2600,4,W,1,site4-1-ROOT_PFTC_SITE4_(nogp)_0003,15.12,0.08,5.6,1068,NA,NA,NA,NA,NA,NA,NA,NA
09/12/2023,2600,4,W,1,site4-1-ROOT_PFTC_SITE4_(nogp)_0003,15.29,0.07,3.1,235,8,8,13,9.82,139.28,91.52,0.107298951,0.04254766
09/12/2023,2600,4,W,1,site4-1-ROOT_PFTC_SITE4_(nogp)_0003,15.47,0.05,3.8,319,NA,NA,NA,NA,NA,NA,NA,NA
09/12/2023,2600,4,W,1,site4-1-ROOT_PFTC_SITE4_(nogp)_0003,15.58,0.05,3,188,NA,NA,NA,NA,NA,NA,NA,NA
09/12/2023,2600,4,W,1,site4-1-ROOT_PFTC_SITE4_(nogp)_0003,15.66,0.06,7.3,1645,NA,NA,NA,NA,NA,NA,NA,NA
09/12/2023,2600,4,W,1,site4-1-ROOT_PFTC_SITE4_(nogp)_0003,15.74,0.02,12.5,576,NA,NA,NA,NA,NA,NA,NA,NA
09/12/2023,2600,4,W,1,site4-1-ROOT_PFTC_SITE4_(nogp)_0003,15.86,0.04,5.1,465,NA,NA,NA,NA,NA,NA,NA,NA
09/12/2023,2600,4,W,1,site4-1-ROOT_PFTC_SITE4_(nogp)_0003,15.99,0.05,14.1,2139,NA,NA,NA,NA,NA,NA,NA,NA
09/12/2023,2600,4,W,1,site4-1-ROOT_PFTC_SITE4_(nogp)_0003,16.19,0.06,9.9,3027,NA,NA,NA,NA,NA,NA,NA,NA
09/12/2023,2600,4,W,1,site4-1-ROOT_PFTC_SITE4_(nogp)_0003,16.29,0.06,6.3,391,NA,NA,NA,NA,NA,NA,NA,NA
09/12/2023,2600,4,W,1,site4-1-ROOT_PFTC_SITE4_(nogp)_0003,16.35,0.06,5.5,552,NA,NA,NA,NA,NA,NA,NA,NA
09/12/2023,2600,4,W,1,site4-1-ROOT_PFTC_SITE4_(nogp)_0003,16.6,0.04,19.5,899,NA,NA,NA,NA,NA,NA,NA,NA
09/12/2023,2600,4,W,1,site4-1-ROOT_PFTC_SITE4_(nogp)_0003,16.71,0.08,3.3,281,NA,NA,NA,NA,NA,NA,NA,NA
09/12/2023,2600,4,W,1,site4-1-ROOT_PFTC_SITE4_(nogp)_0003,16.88,0.08,4.4,683,NA,NA,NA,NA,NA,NA,NA,NA
09/12/2023,2600,4,W,1,site4-1-ROOT_PFTC_SITE4_(nogp)_0003,16.98,0.02,17.7,3346,NA,NA,NA,NA,NA,NA,NA,NA
09/12/2023,2600,4,W,1,site4-1-ROOT_PFTC_SITE4_(nogp)_0003,17.01,0.08,12.7,1742,NA,NA,NA,NA,NA,NA,NA,NA
09/12/2023,2600,4,W,1,site4-1-ROOT_PFTC_SITE4_(nogp)_0003,17.21,0.09,4.3,576,NA,NA,NA,NA,NA,NA,NA,NA
09/12/2023,2600,4,W,1,site4-1-ROOT_PFTC_SITE4_(nogp)_0003,17.42,0.06,11.9,1851,9,10,11,3.15,100.45,71.2,0.044241573,0.018351296
09/12/2023,2600,4,W,1,site4-1-ROOT_PFTC_SITE4_(nogp)_0003,17.59,0.05,7.3,889,NA,NA,NA,NA,NA,NA,NA,NA
09/12/2023,2600,4,W,1,site4-1-ROOT_PFTC_SITE4_(nogp)_0003,17.83,0.04,4.3,768,NA,NA,NA,NA,NA,NA,NA,NA
09/12/2023,2600,4,W,1,site4-1-ROOT_PFTC_SITE4_(nogp)_0003,17.95,0.09,2.3,148,NA,NA,NA,NA,NA,NA,NA,NA
09/12/2023,2600,4,W,1,site4-1-ROOT_PFTC_SITE4_(nogp)_0003,18.05,0.03,11.4,1380,NA,NA,NA,NA,NA,NA,NA,NA
09/12/2023,2600,4,W,1,site4-1-ROOT_PFTC_SITE4_(nogp)_0003,18.15,0.07,3.5,311,NA,NA,NA,NA,NA,NA,NA,NA
09/12/2023,2600,4,W,1,site4-1-ROOT_PFTC_SITE4_(nogp)_0003,18.24,0.04,10.1,2317,10,9,9,1.93,142.31,96.17,0.020068628,0.008092922
09/12/2023,2600,4,W,1,site4-1-ROOT_PFTC_SITE4_(nogp)_0003,18.5,0.02,16.3,3402,NA,NA,NA,NA,NA,NA,NA,NA
09/12/2023,2600,4,W,1,site4-1-ROOT_PFTC_SITE4_(nogp)_0003,18.52,0.06,7.1,1018,NA,NA,NA,NA,NA,NA,NA,NA
09/12/2023,2600,4,W,1,site4-1-ROOT_PFTC_SITE4_(nogp)_0003,18.58,0.11,2.1,179,NA,NA,NA,NA,NA,NA,NA,NA
09/12/2023,2600,4,W,1,site4-1-ROOT_PFTC_SITE4_(nogp)_0003,18.64,0.02,6.6,552,NA,NA,NA,NA,NA,NA,NA,NA
09/12/2023,2600,4,W,1,site4-1-ROOT_PFTC_SITE4_(nogp)_0003,18.75,0.06,3.7,272,NA,NA,NA,NA,NA,NA,NA,NA
09/12/2023,2600,4,W,1,site4-1-ROOT_PFTC_SITE4_(nogp)_0003,18.88,0.09,3,194,NA,NA,NA,NA,NA,NA,NA,NA
09/12/2023,2600,4,W,1,site4-1-ROOT_PFTC_SITE4_(nogp)_0003,18.91,0.02,9.9,941,NA,NA,NA,NA,NA,NA,NA,NA
09/12/2023,2600,4,W,1,site4-1-ROOT_PFTC_SITE4_(nogp)_0003,19.08,0.05,12.8,1406,NA,NA,NA,NA,NA,NA,NA,NA
09/12/2023,2600,4,W,1,site4-1-ROOT_PFTC_SITE4_(nogp)_0003,19.2,0.04,5,384,NA,NA,NA,NA,NA,NA,NA,NA
09/12/2023,2600,4,W,1,site4-1-ROOT_PFTC_SITE4_(nogp)_0003,19.46,0.12,3.2,298,NA,NA,NA,NA,NA,NA,NA,NA
09/12/2023,2600,4,W,1,site4-1-ROOT_PFTC_SITE4_(nogp)_0003,19.5,0.07,6.7,1564,NA,NA,NA,NA,NA,NA,NA,NA
09/12/2023,2600,4,W,1,site4-1-ROOT_PFTC_SITE4_(nogp)_0003,19.57,0.01,16.5,547,NA,NA,NA,NA,NA,NA,NA,NA
09/12/2023,2600,4,W,1,site4-1-ROOT_PFTC_SITE4_(nogp)_0003,19.62,0.04,16.8,1423,NA,NA,NA,NA,NA,NA,NA,NA
09/12/2023,2600,4,W,1,site4-1-ROOT_PFTC_SITE4_(nogp)_0003,19.69,0.09,6.7,2398,NA,NA,NA,NA,NA,NA,NA,NA
09/12/2023,2600,4,W,1,site4-1-ROOT_PFTC_SITE4_(nogp)_0003,19.84,0.03,7.5,1320,NA,NA,NA,NA,NA,NA,NA,NA
09/12/2023,2600,4,W,1,site4-1-ROOT_PFTC_SITE4_(nogp)_0003,20,0.04,6.9,210,NA,NA,NA,NA,NA,NA,NA,NA
09/12/2023,2600,4,W,2,site4-2-ROOT_PFTC_SITE4_(nogp)_0004,0.01,0.06,18.7,1124,NA,NA,NA,NA,NA,NA,NA,NA
09/12/2023,2600,4,W,2,site4-2-ROOT_PFTC_SITE4_(nogp)_0004,0.2,0.04,11.3,1097,NA,NA,NA,NA,NA,NA,NA,NA
09/12/2023,2600,4,W,2,site4-2-ROOT_PFTC_SITE4_(nogp)_0004,0.32,0.05,1.7,560,NA,NA,NA,NA,NA,NA,NA,NA
09/12/2023,2600,4,W,2,site4-2-ROOT_PFTC_SITE4_(nogp)_0004,0.59,0.06,2.3,692,NA,NA,NA,NA,NA,NA,NA,NA
09/12/2023,2600,4,W,2,site4-2-ROOT_PFTC_SITE4_(nogp)_0004,0.75,0.05,16.5,1686,1,10,35,8.58,55.1,46.99,0.182592041,0.084043491
09/12/2023,2600,4,W,2,site4-2-ROOT_PFTC_SITE4_(nogp)_0004,0.94,0.07,2.7,1042,NA,NA,NA,NA,NA,NA,NA,NA
09/12/2023,2600,4,W,2,site4-2-ROOT_PFTC_SITE4_(nogp)_0004,1.06,0.05,3.7,518,NA,NA,NA,NA,NA,NA,NA,NA
09/12/2023,2600,4,W,2,site4-2-ROOT_PFTC_SITE4_(nogp)_0004,1.23,0.05,20.1,2167,NA,NA,NA,NA,NA,NA,NA,NA
09/12/2023,2600,4,W,2,site4-2-ROOT_PFTC_SITE4_(nogp)_0004,1.34,0.07,3.1,759,NA,NA,NA,NA,NA,NA,NA,NA
09/12/2023,2600,4,W,2,site4-2-ROOT_PFTC_SITE4_(nogp)_0004,1.46,0.08,5.2,2253,NA,NA,NA,NA,NA,NA,NA,NA
09/12/2023,2600,4,W,2,site4-2-ROOT_PFTC_SITE4_(nogp)_0004,1.55,0.05,2,216,2,13,47,7.71,62.61,68.49,0.112571178,0.058810069
09/12/2023,2600,4,W,2,site4-2-ROOT_PFTC_SITE4_(nogp)_0004,1.66,0.08,3,715,NA,NA,NA,NA,NA,NA,NA,NA
09/12/2023,2600,4,W,2,site4-2-ROOT_PFTC_SITE4_(nogp)_0004,1.79,0.06,24,1997,NA,NA,NA,NA,NA,NA,NA,NA
09/12/2023,2600,4,W,2,site4-2-ROOT_PFTC_SITE4_(nogp)_0004,1.9,0.02,11.5,731,NA,NA,NA,NA,NA,NA,NA,NA
09/12/2023,2600,4,W,2,site4-2-ROOT_PFTC_SITE4_(nogp)_0004,1.97,0.06,2.1,528,NA,NA,NA,NA,NA,NA,NA,NA
09/12/2023,2600,4,W,2,site4-2-ROOT_PFTC_SITE4_(nogp)_0004,2.04,0.03,6.6,995,NA,NA,NA,NA,NA,NA,NA,NA
09/12/2023,2600,4,W,2,site4-2-ROOT_PFTC_SITE4_(nogp)_0004,2.07,0.09,1.2,146,NA,NA,NA,NA,NA,NA,NA,NA
09/12/2023,2600,4,W,2,site4-2-ROOT_PFTC_SITE4_(nogp)_0004,2.1,0.05,2.2,542,NA,NA,NA,NA,NA,NA,NA,NA
09/12/2023,2600,4,W,2,site4-2-ROOT_PFTC_SITE4_(nogp)_0004,2.34,0.05,1.9,706,3,10,40,3.86,69.09,62.69,0.061572819,0.029291243
09/12/2023,2600,4,W,2,site4-2-ROOT_PFTC_SITE4_(nogp)_0004,2.46,0.09,1.4,338,NA,NA,NA,NA,NA,NA,NA,NA
09/12/2023,2600,4,W,2,site4-2-ROOT_PFTC_SITE4_(nogp)_0004,2.74,0.07,4.7,1586,NA,NA,NA,NA,NA,NA,NA,NA
09/12/2023,2600,4,W,2,site4-2-ROOT_PFTC_SITE4_(nogp)_0004,3,0.07,3.3,1243,NA,NA,NA,NA,NA,NA,NA,NA
09/12/2023,2600,4,W,2,site4-2-ROOT_PFTC_SITE4_(nogp)_0004,3.17,0.06,4.4,1376,NA,NA,NA,NA,NA,NA,NA,NA
09/12/2023,2600,4,W,2,site4-2-ROOT_PFTC_SITE4_(nogp)_0004,3.37,0.04,36.5,3255,4,11,40,4.48,78,62.77,0.071371674,0.031824963
09/12/2023,2600,4,W,2,site4-2-ROOT_PFTC_SITE4_(nogp)_0004,3.59,0.05,4.1,828,NA,NA,NA,NA,NA,NA,NA,NA
09/12/2023,2600,4,W,2,site4-2-ROOT_PFTC_SITE4_(nogp)_0004,3.72,0.03,27.7,1765,NA,NA,NA,NA,NA,NA,NA,NA
09/12/2023,2600,4,W,2,site4-2-ROOT_PFTC_SITE4_(nogp)_0004,3.87,0.1,2.9,1130,NA,NA,NA,NA,NA,NA,NA,NA
09/12/2023,2600,4,W,2,site4-2-ROOT_PFTC_SITE4_(nogp)_0004,3.97,0.03,5.7,1004,NA,NA,NA,NA,NA,NA,NA,NA
09/12/2023,2600,4,W,2,site4-2-ROOT_PFTC_SITE4_(nogp)_0004,4.11,0.08,1.8,305,NA,NA,NA,NA,NA,NA,NA,NA
09/12/2023,2600,4,W,2,site4-2-ROOT_PFTC_SITE4_(nogp)_0004,4.27,0.07,3.3,1569,NA,NA,NA,NA,NA,NA,NA,NA
09/12/2023,2600,4,W,2,site4-2-ROOT_PFTC_SITE4_(nogp)_0004,4.39,0.04,6.9,720,NA,NA,NA,NA,NA,NA,NA,NA
09/12/2023,2600,4,W,2,site4-2-ROOT_PFTC_SITE4_(nogp)_0004,4.52,0.05,3.9,536,5,11.5,43,3.56,79.26,70.32,0.050625711,0.023799973
09/12/2023,2600,4,W,2,site4-2-ROOT_PFTC_SITE4_(nogp)_0004,4.66,0.05,3.6,495,NA,NA,NA,NA,NA,NA,NA,NA
09/12/2023,2600,4,W,2,site4-2-ROOT_PFTC_SITE4_(nogp)_0004,4.79,0.08,2.8,813,NA,NA,NA,NA,NA,NA,NA,NA
09/12/2023,2600,4,W,2,site4-2-ROOT_PFTC_SITE4_(nogp)_0004,4.88,0.02,28.5,1606,NA,NA,NA,NA,NA,NA,NA,NA
09/12/2023,2600,4,W,2,site4-2-ROOT_PFTC_SITE4_(nogp)_0004,4.96,0.09,2.2,424,NA,NA,NA,NA,NA,NA,NA,NA
09/12/2023,2600,4,W,2,site4-2-ROOT_PFTC_SITE4_(nogp)_0004,5.13,0.09,1.4,211,NA,NA,NA,NA,NA,NA,NA,NA
09/12/2023,2600,4,W,2,site4-2-ROOT_PFTC_SITE4_(nogp)_0004,5.16,0.04,5,1937,NA,NA,NA,NA,NA,NA,NA,NA
09/12/2023,2600,4,W,2,site4-2-ROOT_PFTC_SITE4_(nogp)_0004,5.21,0.08,1.9,402,NA,NA,NA,NA,NA,NA,NA,NA
09/12/2023,2600,4,W,2,site4-2-ROOT_PFTC_SITE4_(nogp)_0004,5.43,0.08,3.6,800,NA,NA,NA,NA,NA,NA,NA,NA
09/12/2023,2600,4,W,2,site4-2-ROOT_PFTC_SITE4_(nogp)_0004,5.67,0.04,7.9,1505,NA,NA,NA,NA,NA,NA,NA,NA
09/12/2023,2600,4,W,2,site4-2-ROOT_PFTC_SITE4_(nogp)_0004,5.78,0.06,3.8,916,NA,NA,NA,NA,NA,NA,NA,NA
09/12/2023,2600,4,W,2,site4-2-ROOT_PFTC_SITE4_(nogp)_0004,5.89,0.08,1.5,174,NA,NA,NA,NA,NA,NA,NA,NA
09/12/2023,2600,4,W,2,site4-2-ROOT_PFTC_SITE4_(nogp)_0004,6.08,0.06,4.2,946,NA,NA,NA,NA,NA,NA,NA,NA
09/12/2023,2600,4,W,2,site4-2-ROOT_PFTC_SITE4_(nogp)_0004,6.21,0.08,4.7,669,NA,NA,NA,NA,NA,NA,NA,NA
09/12/2023,2600,4,W,2,site4-2-ROOT_PFTC_SITE4_(nogp)_0004,6.31,0.06,13.5,1852,NA,NA,NA,NA,NA,NA,NA,NA
09/12/2023,2600,4,W,2,site4-2-ROOT_PFTC_SITE4_(nogp)_0004,6.51,0.07,1.5,223,NA,NA,NA,NA,NA,NA,NA,NA
09/12/2023,2600,4,W,2,site4-2-ROOT_PFTC_SITE4_(nogp)_0004,6.63,0.05,2.7,705,NA,NA,NA,NA,NA,NA,NA,NA
09/12/2023,2600,4,W,2,site4-2-ROOT_PFTC_SITE4_(nogp)_0004,6.75,0.06,4.3,2468,NA,NA,NA,NA,NA,NA,NA,NA
09/12/2023,2600,4,W,2,site4-2-ROOT_PFTC_SITE4_(nogp)_0004,6.83,0.11,1.4,396,NA,NA,NA,NA,NA,NA,NA,NA
09/12/2023,2600,4,W,2,site4-2-ROOT_PFTC_SITE4_(nogp)_0004,7.07,0.11,1.6,377,NA,NA,NA,NA,NA,NA,NA,NA
09/12/2023,2600,4,W,2,site4-2-ROOT_PFTC_SITE4_(nogp)_0004,7.14,0.03,7,631,NA,NA,NA,NA,NA,NA,NA,NA
09/12/2023,2600,4,W,2,site4-2-ROOT_PFTC_SITE4_(nogp)_0004,7.2,0.02,2.9,378,NA,NA,NA,NA,NA,NA,NA,NA
09/12/2023,2600,4,W,2,site4-2-ROOT_PFTC_SITE4_(nogp)_0004,7.31,0.09,2.3,738,NA,NA,NA,NA,NA,NA,NA,NA
09/12/2023,2600,4,W,2,site4-2-ROOT_PFTC_SITE4_(nogp)_0004,7.34,0.03,1.8,176,NA,NA,NA,NA,NA,NA,NA,NA
09/12/2023,2600,4,W,2,site4-2-ROOT_PFTC_SITE4_(nogp)_0004,7.61,0.04,8.8,1761,NA,NA,NA,NA,NA,NA,NA,NA
09/12/2023,2600,4,W,2,site4-2-ROOT_PFTC_SITE4_(nogp)_0004,7.84,0.07,3.8,1622,NA,NA,NA,NA,NA,NA,NA,NA
09/12/2023,2600,4,W,2,site4-2-ROOT_PFTC_SITE4_(nogp)_0004,7.9,0.12,1.5,267,NA,NA,NA,NA,NA,NA,NA,NA
09/12/2023,2600,4,W,2,site4-2-ROOT_PFTC_SITE4_(nogp)_0004,7.98,0.05,5.9,3125,NA,NA,NA,NA,NA,NA,NA,NA
09/12/2023,2600,4,W,2,site4-2-ROOT_PFTC_SITE4_(nogp)_0004,8.26,0.09,5,1537,NA,NA,NA,NA,NA,NA,NA,NA
09/12/2023,2600,4,W,2,site4-2-ROOT_PFTC_SITE4_(nogp)_0004,8.37,0.08,1.4,206,6,11,55,8.14,141.35,68.49,0.118849467,0.03879146
09/12/2023,2600,4,W,2,site4-2-ROOT_PFTC_SITE4_(nogp)_0004,8.55,0.07,4.8,1894,NA,NA,NA,NA,NA,NA,NA,NA
09/12/2023,2600,4,W,2,site4-2-ROOT_PFTC_SITE4_(nogp)_0004,8.64,0.1,2.5,435,NA,NA,NA,NA,NA,NA,NA,NA
09/12/2023,2600,4,W,2,site4-2-ROOT_PFTC_SITE4_(nogp)_0004,8.8,0.08,2.7,1360,NA,NA,NA,NA,NA,NA,NA,NA
09/12/2023,2600,4,W,2,site4-2-ROOT_PFTC_SITE4_(nogp)_0004,8.89,0.05,3.3,171,NA,NA,NA,NA,NA,NA,NA,NA
09/12/2023,2600,4,W,2,site4-2-ROOT_PFTC_SITE4_(nogp)_0004,8.96,0.06,2.7,1986,NA,NA,NA,NA,NA,NA,NA,NA
09/12/2023,2600,4,W,2,site4-2-ROOT_PFTC_SITE4_(nogp)_0004,9.14,0.08,2.5,621,NA,NA,NA,NA,NA,NA,NA,NA
09/12/2023,2600,4,W,2,site4-2-ROOT_PFTC_SITE4_(nogp)_0004,9.43,0.05,3.6,679,NA,NA,NA,NA,NA,NA,NA,NA
09/12/2023,2600,4,W,2,site4-2-ROOT_PFTC_SITE4_(nogp)_0004,9.66,0.06,6.6,2088,NA,NA,NA,NA,NA,NA,NA,NA
09/12/2023,2600,4,W,2,site4-2-ROOT_PFTC_SITE4_(nogp)_0004,9.77,0.08,2,278,NA,NA,NA,NA,NA,NA,NA,NA
09/12/2023,2600,4,W,2,site4-2-ROOT_PFTC_SITE4_(nogp)_0004,10.04,0.06,3,486,NA,NA,NA,NA,NA,NA,NA,NA
09/12/2023,2600,4,W,2,site4-2-ROOT_PFTC_SITE4_(nogp)_0004,10.13,0.1,1.6,334,NA,NA,NA,NA,NA,NA,NA,NA
09/12/2023,2600,4,W,2,site4-2-ROOT_PFTC_SITE4_(nogp)_0004,10.14,0.04,5.5,1562,NA,NA,NA,NA,NA,NA,NA,NA
09/12/2023,2600,4,W,2,site4-2-ROOT_PFTC_SITE4_(nogp)_0004,10.28,0.09,3.7,597,NA,NA,NA,NA,NA,NA,NA,NA
09/12/2023,2600,4,W,2,site4-2-ROOT_PFTC_SITE4_(nogp)_0004,10.37,0.08,1.7,482,NA,NA,NA,NA,NA,NA,NA,NA
09/12/2023,2600,4,W,2,site4-2-ROOT_PFTC_SITE4_(nogp)_0004,10.63,0.05,24.9,3605,NA,NA,NA,NA,NA,NA,NA,NA
09/12/2023,2600,4,W,2,site4-2-ROOT_PFTC_SITE4_(nogp)_0004,10.75,0.06,2.2,491,NA,NA,NA,NA,NA,NA,NA,NA
09/12/2023,2600,4,W,2,site4-2-ROOT_PFTC_SITE4_(nogp)_0004,10.84,0.05,1.8,173,7,11,60,5.38,81.13,72.8,0.073901099,0.034950952
09/12/2023,2600,4,W,2,site4-2-ROOT_PFTC_SITE4_(nogp)_0004,10.97,0.08,2.5,1411,NA,NA,NA,NA,NA,NA,NA,NA
09/12/2023,2600,4,W,2,site4-2-ROOT_PFTC_SITE4_(nogp)_0004,11.06,0.1,1.4,280,NA,NA,NA,NA,NA,NA,NA,NA
09/12/2023,2600,4,W,2,site4-2-ROOT_PFTC_SITE4_(nogp)_0004,11.11,0.06,3.8,1295,NA,NA,NA,NA,NA,NA,NA,NA
09/12/2023,2600,4,W,2,site4-2-ROOT_PFTC_SITE4_(nogp)_0004,11.43,0.08,2.3,753,NA,NA,NA,NA,NA,NA,NA,NA
09/12/2023,2600,4,W,2,site4-2-ROOT_PFTC_SITE4_(nogp)_0004,11.5,0.02,38.9,5518,NA,NA,NA,NA,NA,NA,NA,NA
09/12/2023,2600,4,W,2,site4-2-ROOT_PFTC_SITE4_(nogp)_0004,11.64,0.06,10.1,2537,NA,NA,NA,NA,NA,NA,NA,NA
09/12/2023,2600,4,W,2,site4-2-ROOT_PFTC_SITE4_(nogp)_0004,11.79,0.06,6.4,643,NA,NA,NA,NA,NA,NA,NA,NA
09/12/2023,2600,4,W,2,site4-2-ROOT_PFTC_SITE4_(nogp)_0004,11.86,0.09,2.8,685,NA,NA,NA,NA,NA,NA,NA,NA
09/12/2023,2600,4,W,2,site4-2-ROOT_PFTC_SITE4_(nogp)_0004,12.04,0.1,1,249,NA,NA,NA,NA,NA,NA,NA,NA
09/12/2023,2600,4,W,2,site4-2-ROOT_PFTC_SITE4_(nogp)_0004,12.11,0.06,7.2,1094,NA,NA,NA,NA,NA,NA,NA,NA
09/12/2023,2600,4,W,2,site4-2-ROOT_PFTC_SITE4_(nogp)_0004,12.25,0.06,3.3,608,NA,NA,NA,NA,NA,NA,NA,NA
09/12/2023,2600,4,W,2,site4-2-ROOT_PFTC_SITE4_(nogp)_0004,12.38,0.06,5.8,866,NA,NA,NA,NA,NA,NA,NA,NA
09/12/2023,2600,4,W,2,site4-2-ROOT_PFTC_SITE4_(nogp)_0004,12.57,0.08,1.2,300,8,12,42,11.11,97.91,110.19,0.100825846,0.053387794
09/12/2023,2600,4,W,2,site4-2-ROOT_PFTC_SITE4_(nogp)_0004,12.68,0.08,1.9,1421,NA,NA,NA,NA,NA,NA,NA,NA
09/12/2023,2600,4,W,2,site4-2-ROOT_PFTC_SITE4_(nogp)_0004,12.81,0.09,2,402,NA,NA,NA,NA,NA,NA,NA,NA
09/12/2023,2600,4,W,2,site4-2-ROOT_PFTC_SITE4_(nogp)_0004,13.03,0.08,3.4,1544,NA,NA,NA,NA,NA,NA,NA,NA
09/12/2023,2600,4,W,2,site4-2-ROOT_PFTC_SITE4_(nogp)_0004,13.12,0.03,8.3,1278,NA,NA,NA,NA,NA,NA,NA,NA
09/12/2023,2600,4,W,2,site4-2-ROOT_PFTC_SITE4_(nogp)_0004,13.22,0.06,3.8,1416,NA,NA,NA,NA,NA,NA,NA,NA
09/12/2023,2600,4,W,2,site4-2-ROOT_PFTC_SITE4_(nogp)_0004,13.43,0.04,7.6,894,NA,NA,NA,NA,NA,NA,NA,NA
09/12/2023,2600,4,W,2,site4-2-ROOT_PFTC_SITE4_(nogp)_0004,13.51,0.05,2.1,781,NA,NA,NA,NA,NA,NA,NA,NA
09/12/2023,2600,4,W,2,site4-2-ROOT_PFTC_SITE4_(nogp)_0004,13.52,0.12,1.2,410,NA,NA,NA,NA,NA,NA,NA,NA
09/12/2023,2600,4,W,2,site4-2-ROOT_PFTC_SITE4_(nogp)_0004,13.65,0.05,34,3511,NA,NA,NA,NA,NA,NA,NA,NA
09/12/2023,2600,4,W,2,site4-2-ROOT_PFTC_SITE4_(nogp)_0004,13.76,0.05,16.8,820,NA,NA,NA,NA,NA,NA,NA,NA
09/12/2023,2600,4,W,2,site4-2-ROOT_PFTC_SITE4_(nogp)_0004,13.89,0.02,26.5,2906,NA,NA,NA,NA,NA,NA,NA,NA
09/12/2023,2600,4,W,2,site4-2-ROOT_PFTC_SITE4_(nogp)_0004,13.94,0.06,2.2,727,NA,NA,NA,NA,NA,NA,NA,NA
09/12/2023,2600,4,W,2,site4-2-ROOT_PFTC_SITE4_(nogp)_0004,14.08,0.06,4.3,827,NA,NA,NA,NA,NA,NA,NA,NA
09/12/2023,2600,4,W,2,site4-2-ROOT_PFTC_SITE4_(nogp)_0004,14.11,0.1,2.3,563,NA,NA,NA,NA,NA,NA,NA,NA
09/12/2023,2600,4,W,2,site4-2-ROOT_PFTC_SITE4_(nogp)_0004,14.27,0.08,4.1,1228,NA,NA,NA,NA,NA,NA,NA,NA
09/12/2023,2600,4,W,2,site4-2-ROOT_PFTC_SITE4_(nogp)_0004,14.43,0.05,28.7,1717,NA,NA,NA,NA,NA,NA,NA,NA
09/12/2023,2600,4,W,2,site4-2-ROOT_PFTC_SITE4_(nogp)_0004,14.68,0.07,2.6,1046,NA,NA,NA,NA,NA,NA,NA,NA
09/12/2023,2600,4,W,2,site4-2-ROOT_PFTC_SITE4_(nogp)_0004,14.85,0.06,2.3,477,9,13,36,2.32,160.86,103.87,0.022335612,0.008763646
09/12/2023,2600,4,W,2,site4-2-ROOT_PFTC_SITE4_(nogp)_0004,14.91,0.01,13.6,774,NA,NA,NA,NA,NA,NA,NA,NA
09/12/2023,2600,4,W,2,site4-2-ROOT_PFTC_SITE4_(nogp)_0004,15.26,0.06,7.4,2423,NA,NA,NA,NA,NA,NA,NA,NA
09/12/2023,2600,4,W,2,site4-2-ROOT_PFTC_SITE4_(nogp)_0004,15.51,0.07,2.4,686,NA,NA,NA,NA,NA,NA,NA,NA
09/12/2023,2600,4,W,2,site4-2-ROOT_PFTC_SITE4_(nogp)_0004,15.58,0.06,4.5,479,NA,NA,NA,NA,NA,NA,NA,NA
09/12/2023,2600,4,W,2,site4-2-ROOT_PFTC_SITE4_(nogp)_0004,15.66,0.09,2.8,872,NA,NA,NA,NA,NA,NA,NA,NA
09/12/2023,2600,4,W,2,site4-2-ROOT_PFTC_SITE4_(nogp)_0004,15.83,0.07,2.4,247,NA,NA,NA,NA,NA,NA,NA,NA
09/12/2023,2600,4,W,2,site4-2-ROOT_PFTC_SITE4_(nogp)_0004,15.93,0.08,2.8,943,NA,NA,NA,NA,NA,NA,NA,NA
09/12/2023,2600,4,W,2,site4-2-ROOT_PFTC_SITE4_(nogp)_0004,16.07,0.08,5.8,2623,NA,NA,NA,NA,NA,NA,NA,NA
09/12/2023,2600,4,W,2,site4-2-ROOT_PFTC_SITE4_(nogp)_0004,16.36,0.05,12.7,8291,NA,NA,NA,NA,NA,NA,NA,NA
09/12/2023,2600,4,W,2,site4-2-ROOT_PFTC_SITE4_(nogp)_0004,16.63,0.02,18.8,4531,NA,NA,NA,NA,NA,NA,NA,NA
09/12/2023,2600,4,W,2,site4-2-ROOT_PFTC_SITE4_(nogp)_0004,16.69,0.08,3.4,1472,NA,NA,NA,NA,NA,NA,NA,NA
09/12/2023,2600,4,W,2,site4-2-ROOT_PFTC_SITE4_(nogp)_0004,16.8,0.12,1.6,814,NA,NA,NA,NA,NA,NA,NA,NA
09/12/2023,2600,4,W,2,site4-2-ROOT_PFTC_SITE4_(nogp)_0004,16.96,0.11,1.7,605,NA,NA,NA,NA,NA,NA,NA,NA
09/12/2023,2600,4,W,2,site4-2-ROOT_PFTC_SITE4_(nogp)_0004,17.16,0.11,1.2,181,NA,NA,NA,NA,NA,NA,NA,NA
09/12/2023,2600,4,W,2,site4-2-ROOT_PFTC_SITE4_(nogp)_0004,17.41,0.11,1.4,562,NA,NA,NA,NA,NA,NA,NA,NA
09/12/2023,2600,4,W,2,site4-2-ROOT_PFTC_SITE4_(nogp)_0004,17.53,0.1,1.5,192,NA,NA,NA,NA,NA,NA,NA,NA
09/12/2023,2600,4,W,2,site4-2-ROOT_PFTC_SITE4_(nogp)_0004,17.75,0.12,3.4,1568,NA,NA,NA,NA,NA,NA,NA,NA
09/12/2023,2600,4,W,2,site4-2-ROOT_PFTC_SITE4_(nogp)_0004,17.98,0.01,14.8,1628,NA,NA,NA,NA,NA,NA,NA,NA
09/12/2023,2600,4,W,2,site4-2-ROOT_PFTC_SITE4_(nogp)_0004,18.13,0.03,12.3,977,NA,NA,NA,NA,NA,NA,NA,NA
09/12/2023,2600,4,W,2,site4-2-ROOT_PFTC_SITE4_(nogp)_0004,18.15,0.09,1.8,626,10,15,34,3.68,151.89,75.73,0.048593688,0.016167296
09/12/2023,2600,4,W,2,site4-2-ROOT_PFTC_SITE4_(nogp)_0004,18.3,0.09,1.1,449,NA,NA,NA,NA,NA,NA,NA,NA
09/12/2023,2600,4,W,2,site4-2-ROOT_PFTC_SITE4_(nogp)_0004,18.32,0.02,11.7,2229,NA,NA,NA,NA,NA,NA,NA,NA
09/12/2023,2600,4,W,2,site4-2-ROOT_PFTC_SITE4_(nogp)_0004,18.43,0.05,3.9,1518,NA,NA,NA,NA,NA,NA,NA,NA
09/12/2023,2600,4,W,2,site4-2-ROOT_PFTC_SITE4_(nogp)_0004,18.57,0.1,1.9,836,NA,NA,NA,NA,NA,NA,NA,NA
09/12/2023,2600,4,W,2,site4-2-ROOT_PFTC_SITE4_(nogp)_0004,18.71,0.06,3,617,NA,NA,NA,NA,NA,NA,NA,NA
09/12/2023,2600,4,W,2,site4-2-ROOT_PFTC_SITE4_(nogp)_0004,18.96,0.09,1.9,907,NA,NA,NA,NA,NA,NA,NA,NA
09/12/2023,2600,4,W,2,site4-2-ROOT_PFTC_SITE4_(nogp)_0004,19.08,0.08,5.4,1613,NA,NA,NA,NA,NA,NA,NA,NA
09/12/2023,2600,4,W,2,site4-2-ROOT_PFTC_SITE4_(nogp)_0004,19.3,0.06,3,859,NA,NA,NA,NA,NA,NA,NA,NA
09/12/2023,2600,4,W,2,site4-2-ROOT_PFTC_SITE4_(nogp)_0004,19.4,0.08,2.1,271,NA,NA,NA,NA,NA,NA,NA,NA
09/12/2023,2600,4,W,2,site4-2-ROOT_PFTC_SITE4_(nogp)_0004,19.48,0.13,1.1,226,NA,NA,NA,NA,NA,NA,NA,NA
09/12/2023,2600,4,W,2,site4-2-ROOT_PFTC_SITE4_(nogp)_0004,19.59,0.08,3.7,1362,NA,NA,NA,NA,NA,NA,NA,NA
